batch_name,instrument_name,batch_passed,reviewer_name,batch_collected_ts,review_start_ts,review_complete_ts,calibration_slope_morphine,calibration_slope_hydromorphone,calibration_slope_oxymorphone,calibration_slope_codeine,calibration_slope_hydrocodone,calibration_slope_oxycodone,calibration_intercept_morphine,calibration_intercept_hydromorphone,calibration_intercept_oxymorphone,calibration_intercept_codeine,calibration_intercept_hydrocodone,calibration_intercept_oxycodone,calibration_R2_morphine,calibration_R2_hydromorphone,calibration_R2_oxymorphone,calibration_R2_codeine,calibration_R2_hydrocodone,calibration_R2_oxycodone
b151300,happy,TRUE,Brad,2017-09-09T01:07:40Z,2017-09-09T10:13:52Z,2017-09-09T10:39:32Z,0.006740739,0.007137078,0.006649485,0.006657273,0.0065735,0.006883274,-2.94832e-5,2.83312e-5,3.10399e-5,1.54677e-5,-2.30173e-5,-5.90368e-6,0.985185235,0.989934895,0.993077191,0.995109184,0.988601083,0.995879949
b387175,happy,TRUE,Alice,2017-09-08T20:18:00Z,2017-09-09T09:19:29Z,2017-09-09T09:46:26Z,0.007374902,0.007087317,0.006831138,0.00703764,0.0065440129999999996,0.007478104,-2.26359e-5,-1.25582e-5,4.84885e-6,-3.52204e-5,-4.32479e-6,-6.32384e-5,0.988970987,0.987961723,0.986554637,0.983882678,0.991991363,0.98837281
b223303,grumpy,TRUE,Frank,2017-09-08T21:19:51Z,2017-09-09T11:07:45Z,2017-09-09T11:49:42Z,0.006602739,0.006593439,0.006380604,0.007349828,0.006729791,0.006869244,2.15567e-6,-2.59655e-5,1.9163e-5,3.79676e-5,-1.71923e-5,6.19334e-5,0.991691877,0.983849539,0.992764964,0.990669391,0.989249299,0.984591287
b850696,sneezy,TRUE,Brad,2017-09-08T22:59:50Z,2017-09-09T12:39:37Z,2017-09-09T13:18:38Z,0.00734138,0.007176251,0.006879409,0.007650201,0.007505826,0.007532692,2.08008e-5,4.93438e-5,6.13836e-5,4.41434e-5,2.20366e-5,-3.94899e-5,0.99736406,0.991065935,0.985885752,0.990182034,0.982164059,0.98600437
b540084,dopey,TRUE,Frank,2017-09-08T20:11:14Z,2017-09-09T10:13:08Z,2017-09-09T10:36:42Z,0.007259823,0.007504349,0.006817063,0.006766776,0.006297683,0.007386589,3.09164e-5,-4.42101e-5,1.78511e-5,1.10122e-5,1.46585e-5,3.76836e-5,0.997440308,0.98883015,0.997628332,0.992437501,0.98568855,0.981112515
b468276,doc,TRUE,Frank,2017-09-09T01:36:28Z,2017-09-09T13:56:55Z,2017-09-09T14:27:07Z,0.006919917,0.007712374,0.007158608,0.008049139,0.008071596,0.007403803,-2.26361e-5,1.14216e-5,-5.88279e-5,2.16466e-6,8.12936e-5,3.2869e-5,0.988216701,0.990077804,0.986133804,0.99103301,0.982385139,0.989582059
b273271,happy,TRUE,Charles,2017-09-09T01:36:38Z,2017-09-09T13:26:47Z,2017-09-09T14:07:03Z,0.007228612,0.007023866,0.006728716,0.007048315,0.007038256,0.00693586,-9.13235e-6,5.24923e-6,-3.69771e-5,-6.25085e-5,3.96183e-6,-3.67519e-5,0.994554627,0.993893628,0.993750706,0.983142739,0.995265452,0.987293394
b840108,doc,TRUE,Brad,2017-09-08T20:51:38Z,2017-09-09T09:21:00Z,2017-09-09T09:56:43Z,0.007937797,0.008615069,0.007148117,0.007502647,0.008597884,0.00825501,-1.77452e-5,-8.04592e-5,-1.08345e-5,1.34482e-5,3.68465e-5,4.24583e-5,0.98721088,0.980921322,0.993190672,0.984151229,0.98819911,0.986643009
b347609,dopey,TRUE,Charles,2017-09-08T22:09:55Z,2017-09-09T13:32:31Z,2017-09-09T14:12:43Z,0.006728764,0.006944332,0.007464462,0.007070086,0.006610306,0.006784224,1.1599e-5,-3.01559e-5,-3.06524e-6,-6.34527e-6,-2.57549e-6,5.88124e-5,0.991440698,0.994494737,0.994153547,0.992545185,0.987972984,0.990864929
b348568,happy,TRUE,Charles,2017-09-09T01:25:13Z,2017-09-09T13:11:12Z,2017-09-09T13:42:51Z,0.006490426,0.007370841,0.006822869,0.006596196,0.007173195,0.007140147,4.72884e-5,-3.23071e-5,-4.87559e-5,-1.00667e-5,-2.67329e-5,3.34868e-5,0.989370006,0.987376654,0.991201231,0.989554808,0.993563394,0.989349442
b240405,happy,TRUE,Charles,2017-09-08T22:23:02Z,2017-09-09T11:46:13Z,2017-09-09T12:15:47Z,0.006565807,0.006558638,0.007217493,0.007060458,0.007482435,0.007120938,6.46224e-5,3.59895e-5,5.99239e-5,1.94101e-5,-3.51159e-5,-7.75065e-6,0.982822801,0.982579909,0.985533558,0.989934861,0.995355856,0.992524553
b342704,doc,TRUE,Brad,2017-09-09T00:26:41Z,2017-09-09T12:00:10Z,2017-09-09T12:28:35Z,0.008148501,0.007613348,0.00873742,0.008434822,0.007474156,0.007295905,-1.5434e-5,3.69837e-6,2.79196e-6,5.62184e-5,1.8612e-5,-2.87516e-5,0.986859151,0.989725868,0.993001293,0.987756983,0.997566636,0.984831838
b143897,sneezy,TRUE,Brad,2017-09-08T23:33:58Z,2017-09-09T10:21:57Z,2017-09-09T10:54:28Z,0.006901997,0.007371939,0.006416027,0.007258247,0.006225419,0.007115441,3.19976e-5,-1.38429e-5,-5.71086e-6,2.54322e-6,2.81976e-5,2.13516e-5,0.993172431,0.986619379,0.992689927,0.995672287,0.989478017,0.993146551
b414490,happy,TRUE,Brad,2017-09-08T20:31:53Z,2017-09-09T09:58:16Z,2017-09-09T10:20:05Z,0.007124184,0.007516077,0.00700908,0.007755774,0.007529624,0.007026333,1.91347e-5,1.43279e-5,-2.25856e-5,-2.33232e-5,-3.84985e-5,1.32562e-5,0.997470526,0.997918058,0.992535468,0.990461568,0.995415389,0.995674838
b477119,bashful,TRUE,Alice,2017-09-08T23:06:18Z,2017-09-09T13:41:31Z,2017-09-09T14:04:50Z,0.006921442,0.006878249,0.0066926,0.007092994,0.006968034,0.00700865,-5.21953e-5,-1.7831e-5,-1.46002e-5,3.84705e-5,1.5372e-5,1.69866e-5,0.991509062,0.986537796,0.988702066,0.991129242,0.980434595,0.997414918
b322851,sneezy,TRUE,Elizabeth,2017-09-08T22:56:28Z,2017-09-09T10:39:59Z,2017-09-09T11:07:00Z,0.007164649,0.006716589,0.006657357,0.006939015,0.007414332,0.007266897,-2.00418e-5,-2.1617e-5,-4.01812e-5,9.4672e-6,2.37796e-5,-8.10041e-6,0.991682705,0.990643416,0.993331515,0.993426124,0.992247965,0.990377415
b497288,bashful,TRUE,Brad,2017-09-08T21:02:55Z,2017-09-09T13:37:47Z,2017-09-09T13:57:38Z,0.007245434,0.00684958,0.006769207,0.007389602,0.006752378,0.007050037,1.14406e-5,3.294e-5,2.53419e-5,-2.6321e-5,2.02771e-5,3.18717e-5,0.994455284,0.990560973,0.993942459,0.990338272,0.99674021,0.995298401
b468782,sneezy,TRUE,Charles,2017-09-08T23:36:00Z,2017-09-09T13:33:41Z,2017-09-09T14:09:54Z,0.007204387,0.006789625,0.007323431,0.007133983,0.00717799,0.006943743,-3.5258e-6,1.9274e-5,-5.70643e-5,2.51918e-5,2.25743e-5,-9.37198e-6,0.989366574,0.991101702,0.991451191,0.991751245,0.997361046,0.993790086
b178956,doc,TRUE,Charles,2017-09-09T01:43:05Z,2017-09-09T11:04:49Z,2017-09-09T11:30:59Z,0.007895905,0.008252925,0.007278791,0.008112625,0.007470222,0.00726529,6.61232e-6,-1.39293e-5,-1.7496e-5,2.59834e-5,-1.16336e-5,-8.34505e-6,0.984478032,0.982232427,0.991257539,0.980538806,0.986411454,0.993967591
b624151,grumpy,TRUE,Charles,2017-09-09T01:17:47Z,2017-09-09T10:55:25Z,2017-09-09T11:28:22Z,0.007079631,0.006884953,0.006354707,0.007606595,0.006793034,0.007432621,4.13102e-5,1.4411e-5,4.86253e-5,1.80442e-6,-1.89573e-5,-5.3238e-6,0.992802843,0.995841737,0.989134305,0.995569439,0.996871393,0.986976177
b693400,bashful,TRUE,Elizabeth,2017-09-09T20:56:48Z,2017-09-10T13:48:00Z,2017-09-10T14:16:58Z,0.007304779,0.006757088,0.006767753,0.006895612,0.007009484,0.007198513,2.59209e-5,3.98189e-5,-2.74649e-5,-4.7596e-5,3.76877e-5,-3.76325e-5,0.996074971,0.986756114,0.992658032,0.987160737,0.993269377,0.988473123
b442066,happy,TRUE,Elizabeth,2017-09-09T22:36:23Z,2017-09-10T12:16:20Z,2017-09-10T12:41:05Z,0.006809185,0.006632945,0.007172988,0.006650576,0.006650996,0.006806449,-4.98504e-5,4.79681e-5,2.78094e-5,-2.75836e-5,9.82995e-6,2.1349e-5,0.990933084,0.980790794,0.988988419,0.986819314,0.98773374,0.993389218
b194250,bashful,TRUE,Frank,2017-09-09T22:17:36Z,2017-09-10T09:53:29Z,2017-09-10T10:27:16Z,0.006724841,0.006648034,0.006932204,0.007235206,0.007163455,0.007455889,-3.79996e-6,-2.54502e-5,1.94984e-5,-4.19549e-5,3.25633e-5,3.50262e-5,0.993889797,0.983178994,0.982128352,0.992684185,0.991381257,0.980074722
b605358,happy,TRUE,Frank,2017-09-10T01:07:49Z,2017-09-10T10:06:17Z,2017-09-10T10:43:08Z,0.007232942,0.007305675,0.007786098,0.0068851,0.007044912,0.006946949,-1.88848e-6,1.98515e-5,-1.78884e-5,-2.65212e-5,-2.12558e-5,-7.2879e-6,0.997673194,0.997141113,0.997993453,0.984903701,0.996297711,0.98913596
b355658,sleepy,TRUE,Frank,2017-09-10T01:48:23Z,2017-09-10T09:02:06Z,2017-09-10T09:31:37Z,0.006071059,0.007188748,0.001449775,0.007585715,0.007400005,0.006868333,5.2484e-5,2.15299e-5,-2.76831e-6,1.46567e-5,2.29949e-6,-5.5421e-5,0.984011049,0.995481759,0.994949235,0.989858715,0.993143583,0.986518735
b786108,sleepy,TRUE,Elizabeth,2017-09-10T01:06:32Z,2017-09-10T09:32:12Z,2017-09-10T09:49:09Z,0.007267401,0.007295645,0.001385502,0.006986391,0.00692106,0.007140449,2.81055e-5,-4.93495e-5,5.14921e-6,6.5322e-5,3.84283e-6,-1.66696e-5,0.994190708,0.981962883,0.989903399,0.985108848,0.994531611,0.995001639
b861856,grumpy,TRUE,Alice,2017-09-09T20:58:19Z,2017-09-10T11:53:36Z,2017-09-10T12:20:23Z,0.006837325,0.006890732,0.006987735,0.006708168,0.006915309,0.007094643,3.58992e-6,-3.2353e-6,3.3126e-5,-1.01864e-5,-2.96899e-5,6.69837e-6,0.984907019,0.995247021,0.995626878,0.990086587,0.990596249,0.998022
b315504,bashful,TRUE,Charles,2017-09-09T23:11:09Z,2017-09-10T10:20:01Z,2017-09-10T10:51:12Z,0.006552739,0.007043389,0.006469889,0.007206939,0.007267913,0.007240323,1.83984e-5,-4.23632e-5,-2.0202e-6,5.18342e-5,-7.48092e-6,-2.45727e-5,0.98593369,0.990270381,0.988883645,0.984282115,0.990138867,0.989496325
b126321,doc,TRUE,Brad,2017-09-09T20:30:28Z,2017-09-10T13:37:30Z,2017-09-10T14:01:18Z,0.007399492,0.007692366,0.007585797,0.007685768,0.007411436,0.007471191,2.63643e-5,-5.87416e-6,-3.21863e-5,-3.34741e-5,-6.12043e-5,6.82673e-5,0.989088206,0.99411414,0.987777213,0.98380563,0.986190915,0.986462945
b320514,dopey,TRUE,Brad,2017-09-09T21:11:30Z,2017-09-10T13:08:31Z,2017-09-10T13:35:41Z,0.00705556,0.006400598,0.007129248,0.007025436,0.007122893,0.007153502,-4.68359e-7,3.15472e-5,-1.89109e-6,-6.28527e-5,-5.41497e-5,3.39507e-5,0.986851704,0.994166833,0.995476187,0.990457168,0.983476228,0.994168079
b419098,grumpy,TRUE,Charles,2017-09-10T00:17:12Z,2017-09-10T11:43:00Z,2017-09-10T12:26:05Z,0.007492388,0.007346915,0.00718529,0.007220625,0.006556268,0.006092516,1.73791e-5,-4.65432e-5,2.17739e-5,-3.11111e-5,-3.78986e-5,-8.40111e-6,0.9912381,0.988434072,0.990994606,0.991079251,0.982844497,0.987442984
b359464,bashful,TRUE,Charles,2017-09-09T21:22:16Z,2017-09-10T09:19:34Z,2017-09-10T09:52:54Z,0.006871999,0.006624585,0.006460538,0.007303314,0.007076812,0.00730087,2.00008e-5,-4.13128e-5,3.93174e-5,1.71992e-5,5.37525e-6,2.03502e-5,0.98195627,0.990942059,0.990753712,0.984729414,0.991669374,0.992950969
b436769,doc,TRUE,Brad,2017-09-09T23:39:28Z,2017-09-10T09:00:09Z,2017-09-10T09:34:14Z,0.008365245,0.00710967,0.008537066,0.009150627,0.008134106,0.007959656,-1.34411e-6,2.1038e-5,9.83213e-6,-1.47157e-5,6.96978e-5,1.70091e-5,0.992667821,0.9971358,0.983285291,0.990921025,0.986507947,0.98024457
b397944,happy,TRUE,Dave,2017-09-09T20:34:25Z,2017-09-10T09:57:18Z,2017-09-10T10:36:24Z,0.006701951,0.007187025,0.006640219,0.006328557,0.006526632,0.006634845,3.271e-6,3.02517e-5,4.18115e-5,1.92186e-5,-6.9219e-6,1.91842e-5,0.995869046,0.988349648,0.994126802,0.99501548,0.994892003,0.995003187
b218264,sneezy,TRUE,Frank,2017-09-09T21:32:34Z,2017-09-10T11:54:41Z,2017-09-10T12:33:27Z,0.007006843,0.007360079,0.007231819,0.00773961,0.006574308,0.00698985,9.09669e-6,3.48932e-5,2.29266e-5,1.30164e-5,-6.37843e-5,5.52165e-5,0.983313783,0.988828925,0.995746632,0.990730483,0.981570476,0.982226471
b824497,bashful,TRUE,Alice,2017-09-09T22:17:39Z,2017-09-10T13:44:56Z,2017-09-10T14:11:02Z,0.007479013,0.00730252,0.00720803,0.007384834,0.006916804,0.006757083,-3.39364e-5,-2.03508e-5,3.3846e-6,5.13759e-5,1.71481e-5,-5.20609e-7,0.990779048,0.992596472,0.994784252,0.986734842,0.993552487,0.995422598
b641293,grumpy,TRUE,Dave,2017-09-10T01:03:25Z,2017-09-10T09:20:46Z,2017-09-10T09:37:14Z,0.006716514,0.006001434,0.007099122,0.007178462,0.007313793,0.006918147,-1.22544e-5,6.73235e-5,5.01252e-5,-1.03758e-5,3.21718e-5,-2.48681e-5,0.987551904,0.984155848,0.980173605,0.993293622,0.994455476,0.987384232
b894472,dopey,TRUE,Brad,2017-09-10T00:10:09Z,2017-09-10T13:14:50Z,2017-09-10T13:37:43Z,0.007198726,0.006690698,0.006257575,0.007632465,0.006819985,0.007148598,6.001e-6,-5.16965e-5,5.75416e-5,7.9174e-6,-1.5788e-5,-2.53306e-5,0.991833196,0.987023477,0.987776798,0.997367228,0.993367568,0.993385234
b412380,sleepy,TRUE,Elizabeth,2017-09-10T01:29:27Z,2017-09-10T13:17:34Z,2017-09-10T13:56:02Z,0.00764778,0.007289934,0.00140692,0.006646252,0.006975542,0.006753664,-2.033e-5,1.41752e-5,-6.59627e-6,1.97486e-5,1.68598e-5,1.77804e-5,0.996205925,0.989986383,0.987621355,0.982153824,0.99329851,0.99178442
b229321,doc,TRUE,Frank,2017-09-09T21:50:24Z,2017-09-10T12:31:27Z,2017-09-10T13:06:53Z,0.007898544,0.007556683,0.008220189,0.009473672,0.008279528,0.00668127,6.83043e-6,-5.45536e-5,2.78825e-5,-2.79657e-5,-5.59146e-5,-3.55952e-5,0.989307302,0.986745366,0.991733509,0.986786656,0.9822918,0.994810409
b289401,doc,TRUE,Brad,2017-09-10T23:04:46Z,2017-09-11T11:19:59Z,2017-09-11T11:45:15Z,0.008190641,0.007330855,0.009216075,0.009567841,0.007234301,0.008248229,-1.89544e-5,3.58231e-5,-5.77818e-6,-6.9615e-6,-2.02217e-5,6.58919e-5,0.992735454,0.983010255,0.988129234,0.99966838,0.990687097,0.980535162
b377548,sneezy,TRUE,Brad,2017-09-10T22:28:19Z,2017-09-11T12:24:22Z,2017-09-11T12:41:37Z,0.006939444,0.006574939,0.007462783,0.007210673,0.006753094,0.007433502,2.17388e-5,-4.24281e-5,1.43869e-5,2.65534e-5,8.20841e-6,8.10223e-6,0.998099874,0.992178497,0.98674871,0.991978684,0.994357429,0.987536555
b299584,grumpy,TRUE,Charles,2017-09-11T00:55:33Z,2017-09-11T10:24:46Z,2017-09-11T10:44:03Z,0.007113876,0.006532018,0.007023368,0.006919205,0.006723982,0.00650081,-6.82144e-6,-4.03243e-6,2.20665e-5,5.26098e-5,6.58025e-6,5.31723e-6,0.993511897,0.99070969,0.994573697,0.989207985,0.994366266,0.992316526
b551398,happy,TRUE,Dave,2017-09-11T01:48:50Z,2017-09-11T09:00:42Z,2017-09-11T09:23:28Z,0.006895888,0.007407198,0.006849966,0.006849508,0.006769397,0.006917407,-4.61756e-5,-5.30894e-5,3.25729e-5,1.71173e-5,1.05626e-5,2.04754e-5,0.987025109,0.988661612,0.991660415,0.996120117,0.992067532,0.98285262
b616801,bashful,TRUE,Charles,2017-09-10T22:11:10Z,2017-09-11T12:22:06Z,2017-09-11T12:49:12Z,0.007254618,0.007432537,0.006931793,0.007415933,0.007509803,0.007391324,2.2541e-5,-1.74446e-5,3.41252e-6,1.40427e-5,4.8755e-5,4.09889e-5,0.988366557,0.98543523,0.981907989,0.995789521,0.990262152,0.991298988
b837984,sleepy,TRUE,Frank,2017-09-11T01:16:32Z,2017-09-11T13:41:37Z,2017-09-11T14:18:55Z,0.006586559,0.006357502,0.001519634,0.007673572,0.007410076,0.006828031,-3.38964e-6,-1.7987e-5,-1.91017e-6,-9.92701e-6,2.98698e-5,1.62129e-5,0.997287728,0.98136592,0.996517283,0.994668856,0.995538422,0.998866322
b165991,sleepy,TRUE,Elizabeth,2017-09-11T01:40:36Z,2017-09-11T12:24:42Z,2017-09-11T12:51:59Z,0.006810381,0.00659724,0.001389147,0.006876304,0.007191331,0.007722095,-4.27382e-5,2.15516e-6,-1.61463e-6,8.94209e-6,2.77452e-6,-3.97296e-5,0.980667654,0.997732674,0.997441974,0.995611712,0.990058478,0.991469399
b240690,doc,TRUE,Charles,2017-09-11T01:50:21Z,2017-09-11T10:07:25Z,2017-09-11T10:44:58Z,0.00777266,0.008180294,0.008976421,0.007362515,0.008583857,0.008388218,-8.68062e-6,8.04533e-5,3.9737e-5,-1.13688e-5,-3.98317e-5,1.25006e-5,0.981778292,0.985510152,0.980183265,0.989509409,0.986018231,0.980084374
b574027,grumpy,TRUE,Elizabeth,2017-09-11T00:24:55Z,2017-09-11T13:02:32Z,2017-09-11T13:20:20Z,0.007506303,0.007512104,0.007293615,0.006678377,0.00758093,0.006866036,-1.06943e-5,1.2946e-6,2.40866e-5,4.89818e-5,-1.67377e-5,2.04414e-5,0.990654751,0.987743948,0.995963762,0.983912607,0.998129246,0.985677633
b215601,happy,TRUE,Brad,2017-09-11T01:27:14Z,2017-09-11T11:53:56Z,2017-09-11T12:26:22Z,0.007163684,0.007045418,0.007209887,0.006727531,0.007123383,0.007002405,2.92052e-5,-2.1365e-5,-2.73401e-5,-4.88884e-5,-1.3872e-5,3.04981e-5,0.995775068,0.986860714,0.981312906,0.987892869,0.99343331,0.990587636
b454983,bashful,TRUE,Dave,2017-09-11T00:32:48Z,2017-09-11T12:31:18Z,2017-09-11T12:50:12Z,0.007503934,0.006899558,0.007006396,0.007153689,0.007282107,0.007436789,3.17368e-5,-3.68604e-6,3.77847e-5,-1.94726e-5,1.4864e-5,3.74775e-5,0.995913263,0.998464558,0.987657243,0.985067728,0.993870542,0.984927639
b291249,doc,TRUE,Dave,2017-09-10T21:24:07Z,2017-09-11T10:38:00Z,2017-09-11T11:21:20Z,0.007204232,0.008755955,0.008159429,0.007549454,0.007968608,0.008588534,3.83297e-5,-3.94827e-5,5.90542e-6,5.28838e-5,-3.37978e-5,3.82411e-5,0.987136837,0.991229248,0.998670841,0.986406369,0.991975792,0.995275876
b573706,doc,TRUE,Elizabeth,2017-09-10T23:10:53Z,2017-09-11T12:25:45Z,2017-09-11T12:59:09Z,0.008840928,0.00826659,0.008212281,0.007559142,0.007923962,0.007111474,3.23748e-5,-5.1563e-5,-2.49434e-5,-8.0605e-6,3.08695e-5,4.66581e-5,0.987097802,0.983767892,0.985331346,0.99709684,0.99299775,0.982210339
b497273,sleepy,TRUE,Brad,2017-09-10T22:40:22Z,2017-09-11T12:50:16Z,2017-09-11T13:17:10Z,0.007122069,0.006272361,0.001468186,0.007151398,0.007336613,0.006427377,2.87822e-5,-2.65489e-5,3.00231e-6,-3.92817e-5,-3.01185e-5,-4.32832e-5,0.98037202,0.9814736,0.986868527,0.984039376,0.995332232,0.985726105
b201787,doc,TRUE,Frank,2017-09-10T21:09:07Z,2017-09-11T12:26:21Z,2017-09-11T12:54:34Z,0.008657178,0.012129592,0.008309107,0.008370902,0.008767796,0.008069859,-7.08583e-5,0,-2.22072e-5,1.07145e-5,-3.47243e-5,-3.73145e-5,0.990752332,1,0.991670059,0.991732578,0.986746978,0.988180111
b509557,sleepy,TRUE,Dave,2017-09-11T00:45:03Z,2017-09-11T12:34:51Z,2017-09-11T13:13:27Z,0.007341868,0.006978886,0.001246563,0.006923096,0.006846849,0.006079313,-5.95844e-7,-5.74771e-5,3.54848e-6,2.7573e-7,-5.2128e-5,-1.26123e-5,0.986556456,0.989685339,0.991065869,0.996283683,0.98567955,0.981343131
b728228,happy,TRUE,Alice,2017-09-11T01:47:23Z,2017-09-11T13:37:08Z,2017-09-11T13:55:05Z,0.006740294,0.007357158,0.006924832,0.007400803,0.007010864,0.006827727,1.75954e-5,2.77973e-5,1.64995e-5,-4.51495e-6,-2.70042e-5,1.28054e-5,0.993723587,0.995068646,0.991860959,0.998813747,0.996608793,0.994102566
b539389,bashful,TRUE,Alice,2017-09-10T23:56:28Z,2017-09-11T10:11:13Z,2017-09-11T10:47:59Z,0.006603261,0.006854636,0.007048198,0.00687108,0.007198194,0.006776231,-1.96472e-5,5.69469e-6,1.72395e-5,-1.86726e-5,5.06328e-7,-4.6401e-5,0.987156588,0.992145419,0.980162377,0.980453213,0.991313358,0.983955996
b111225,doc,TRUE,Alice,2017-09-10T20:23:32Z,2017-09-11T13:49:22Z,2017-09-11T14:12:29Z,0.007481617,0.007867763,0.007525662,0.008347095,0.00743575,0.008757002,-1.15551e-5,-3.4561e-5,3.38787e-5,4.67585e-5,4.32392e-5,-3.47283e-6,0.996917492,0.987751966,0.996023485,0.987066465,0.992755199,0.983393117
b121721,doc,TRUE,Charles,2017-09-10T22:49:12Z,2017-09-11T12:22:31Z,2017-09-11T12:44:19Z,0.00839721,0.006839191,0.007609268,0.007175072,0.008106029,0.007910643,1.55224e-5,8.37211e-6,3.57283e-5,-5.53e-6,3.26221e-7,7.99973e-6,0.988771059,0.996852467,0.985354252,0.993677276,0.98661269,0.987592223
b468284,sleepy,TRUE,Elizabeth,2017-09-11T20:08:48Z,2017-09-12T11:16:31Z,2017-09-12T11:42:17Z,0.006970177,0.006969542,0.001481964,0.006661597,0.0066814,0.007028071,-6.79222e-6,-3.52723e-5,2.33653e-6,3.20091e-5,1.90541e-5,-1.42485e-5,0.987275221,0.992367218,0.987628066,0.982831436,0.998050852,0.983404378
b589341,bashful,TRUE,Dave,2017-09-11T21:05:00Z,2017-09-12T12:56:11Z,2017-09-12T13:15:09Z,0.006974467,0.006937942,0.007442786,0.007403912,0.006463504,0.007156527,-6.54546e-6,3.12426e-5,-6.11783e-6,4.68793e-5,1.55715e-5,-2.19166e-5,0.992595279,0.987068577,0.99105547,0.98616369,0.994623243,0.995699705
b139587,bashful,TRUE,Dave,2017-09-12T01:26:17Z,2017-09-12T13:55:52Z,2017-09-12T14:39:52Z,0.006725719,0.006770612,0.006915327,0.007058938,0.00699009,0.006968887,-3.82217e-6,2.93731e-5,-3.06035e-5,3.61002e-5,-6.32421e-7,1.37275e-6,0.981739945,0.991429951,0.986561096,0.993056663,0.981562294,0.995315104
b105362,doc,TRUE,Brad,2017-09-11T23:35:48Z,2017-09-12T12:26:54Z,2017-09-12T13:03:49Z,0.008137289,0.007747389,0.007034527,0.008578062,0.007131038,0.009503666,3.48463e-5,-2.86924e-5,1.12606e-5,5.08117e-5,-5.8466e-6,-4.17516e-6,0.991190797,0.995693132,0.994351904,0.980474915,0.997928759,0.985525101
b607869,sleepy,TRUE,Dave,2017-09-11T23:10:50Z,2017-09-12T12:09:35Z,2017-09-12T12:45:37Z,0.007039712,0.006918684,0.001366948,0.007594022,0.0064704,0.007238449,3.25354e-5,-6.41601e-5,3.96012e-7,-3.4215e-5,-2.04906e-5,-4.6614e-5,0.993654902,0.987665054,0.993484482,0.992360257,0.994734317,0.986503687
b772675,sleepy,TRUE,Brad,2017-09-12T00:30:13Z,2017-09-12T09:45:12Z,2017-09-12T10:05:05Z,0.007548476,0.007112921,0.001470924,0.006676385,0.00730588,0.007341311,3.86173e-5,1.67367e-5,4.12218e-6,2.43286e-5,-1.71924e-5,3.04088e-5,0.989022602,0.998454409,0.988210688,0.995758584,0.991241802,0.98262805
b807090,sleepy,TRUE,Elizabeth,2017-09-11T20:45:54Z,2017-09-12T12:38:38Z,2017-09-12T12:58:55Z,0.006315074,0.006540502,0.001347946,0.006653334,0.006928937,0.006968623,1.18054e-5,-1.51675e-5,6.29846e-6,1.41909e-5,2.75963e-5,4.94617e-6,0.991419612,0.984090265,0.993001924,0.983208512,0.996255099,0.994418077
b631411,grumpy,TRUE,Elizabeth,2017-09-11T21:33:42Z,2017-09-12T13:19:53Z,2017-09-12T13:50:45Z,0.007222158,0.007614367,0.006943835,0.007437214,0.007313625,0.006971776,-3.57988e-5,-6.17956e-5,-2.66141e-5,3.07859e-5,6.0587e-5,1.36655e-5,0.988202213,0.984351295,0.985744612,0.987852651,0.983931567,0.987161761
b225930,sneezy,TRUE,Brad,2017-09-11T20:24:44Z,2017-09-12T11:53:12Z,2017-09-12T12:11:38Z,0.007842584,0.007359854,0.006674983,0.007122562,0.007013186,0.007599105,-3.02039e-5,6.00987e-5,8.24317e-6,-3.5219e-5,1.924e-5,-1.03078e-5,0.99749511,0.986999138,0.986700362,0.982714342,0.993716332,0.993234584
b715342,doc,TRUE,Alice,2017-09-12T00:14:16Z,2017-09-12T12:03:21Z,2017-09-12T12:37:16Z,0.008038008,0.007979948,0.007597212,0.007931191,0.008650449,0.007521603,-6.1588e-5,-2.51401e-5,-9.94853e-6,7.38743e-6,7.52256e-5,-1.51052e-5,0.986387797,0.981778484,0.983740846,0.981228293,0.98342869,0.996098019
b660192,bashful,TRUE,Dave,2017-09-11T22:42:30Z,2017-09-12T12:27:16Z,2017-09-12T13:04:02Z,0.006605554,0.006812355,0.007673034,0.007518928,0.006699531,0.007206701,1.11117e-5,3.18211e-5,2.45573e-5,1.69277e-5,2.79027e-5,6.21356e-5,0.994768638,0.985585959,0.994365185,0.982698387,0.995308092,0.99110257
b230542,doc,TRUE,Elizabeth,2017-09-11T20:17:25Z,2017-09-12T11:22:17Z,2017-09-12T11:59:32Z,0.007316809,0.008123495,0.007926256,0.007624788,0.008740202,0.007563659,-5.5945e-5,-3.43825e-5,-4.89237e-5,3.84321e-5,1.91997e-5,-5.69255e-7,0.985070236,0.992033472,0.986653826,0.991847749,0.998991812,0.98462679
b145410,sleepy,TRUE,Brad,2017-09-11T20:51:40Z,2017-09-12T12:34:37Z,2017-09-12T13:17:13Z,0.006833891,0.007034012,0.001405764,0.007672711,0.007116055,0.007314237,-1.57986e-5,1.15711e-5,-4.25684e-6,-1.60303e-5,-1.04691e-5,-1.01796e-5,0.985071718,0.980050796,0.989907075,0.984286403,0.997179866,0.994346109
b814106,doc,TRUE,Alice,2017-09-11T20:29:21Z,2017-09-12T12:35:41Z,2017-09-12T13:04:09Z,0.007841492,0.00829162,0.007704308,0.007327335,0.008153312,0.007351703,-4.47246e-5,-9.97601e-5,4.02562e-5,5.23002e-6,-4.67751e-5,1.2599e-5,0.992187752,0.980045281,0.989442293,0.997321513,0.99024282,0.984848809
b199223,bashful,TRUE,Frank,2017-09-11T21:23:29Z,2017-09-12T09:12:25Z,2017-09-12T09:46:00Z,0.006896055,0.006861558,0.006659473,0.007274951,0.00727052,0.0074203,-1.9809e-5,5.25367e-5,3.60835e-6,-1.55523e-6,-5.70944e-6,-2.52466e-5,0.989274516,0.981707971,0.9952976,0.98627267,0.98704096,0.991505097
b685080,sneezy,TRUE,Elizabeth,2017-09-11T23:02:35Z,2017-09-12T12:08:03Z,2017-09-12T12:41:21Z,0.007197673,0.006575638,0.007163932,0.006411936,0.006540411,0.006426794,2.18263e-5,3.01216e-5,5.93754e-6,-5.34563e-5,8.99826e-6,-5.76211e-5,0.990951007,0.981277191,0.98186813,0.98553677,0.983994812,0.984285546
b807257,dopey,TRUE,Dave,2017-09-11T23:33:10Z,2017-09-12T11:59:42Z,2017-09-12T12:19:19Z,0.007008634,0.007277229,0.007245788,0.007379349,0.007263161,0.006554288,1.65836e-5,3.12844e-5,5.89035e-5,3.02217e-5,-3.81009e-6,-3.68174e-5,0.987577876,0.991225437,0.985667735,0.991640522,0.983226,0.991259361
b548837,bashful,TRUE,Frank,2017-09-11T22:40:25Z,2017-09-12T09:19:32Z,2017-09-12T09:44:17Z,0.006952986,0.007119728,0.007215443,0.007266062,0.007478095,0.006265516,-3.92729e-5,9.96914e-6,-6.61127e-5,2.44884e-5,2.1283e-5,2.72132e-5,0.989335825,0.993890815,0.987801922,0.989071254,0.987291263,0.986050429
b131024,sleepy,TRUE,Frank,2017-09-11T23:36:52Z,2017-09-12T12:09:41Z,2017-09-12T12:52:39Z,0.007218588,0.007180084,0.001436935,0.006587362,0.007148654,0.007197159,4.06022e-6,-1.70395e-5,-6.44437e-7,-3.35011e-5,3.88457e-5,1.92655e-5,0.993947979,0.987818418,0.989659405,0.993949232,0.983756454,0.992375498
b817718,happy,TRUE,Frank,2017-09-11T23:36:29Z,2017-09-12T09:26:22Z,2017-09-12T09:48:59Z,0.007142761,0.007169665,0.006878376,0.006714433,0.007023331,0.007123807,-1.12894e-5,5.00431e-5,-4.34216e-5,-1.11137e-5,-4.79821e-5,4.17543e-5,0.991642436,0.982436705,0.992571476,0.987402242,0.990075344,0.990509909
b138125,sleepy,TRUE,Alice,2017-09-12T22:42:46Z,2017-09-13T13:35:53Z,2017-09-13T14:04:54Z,0.007394988,0.007030462,0.001416595,0.006842674,0.007226982,0.006713668,1.5668e-5,2.94246e-5,-3.27763e-6,-5.16255e-6,2.18975e-5,1.36009e-7,0.99249713,0.989986417,0.99094695,0.998257697,0.995716579,0.982533785
b125817,sneezy,TRUE,Elizabeth,2017-09-12T23:05:26Z,2017-09-13T10:08:20Z,2017-09-13T10:42:03Z,0.007181571,0.006671479,0.007348982,0.006796109,0.007130121,0.007178923,-3.78301e-5,-8.93996e-6,-2.93822e-5,-1.33316e-5,1.25099e-6,-2.9015e-5,0.993411335,0.998089169,0.993253762,0.993037809,0.993566217,0.988805454
b834613,sleepy,TRUE,Frank,2017-09-12T20:05:17Z,2017-09-13T09:28:14Z,2017-09-13T10:01:46Z,0.006681704,0.006404229,0.001284888,0.007353279,0.007015517,0.00694617,2.66411e-6,-4.42933e-5,-8.95068e-6,4.56695e-5,4.64934e-5,-4.88142e-5,0.995992446,0.987115583,0.984065522,0.982637374,0.984369267,0.981663511
b693312,grumpy,TRUE,Alice,2017-09-13T00:05:38Z,2017-09-13T12:29:37Z,2017-09-13T12:56:19Z,0.006959145,0.006989174,0.007246935,0.00721223,0.007388417,0.006026809,3.16741e-5,2.63222e-5,1.52408e-5,-4.32424e-5,3.54641e-5,1.10356e-5,0.99000806,0.992426077,0.993572839,0.988170422,0.991727825,0.988855363
b694747,grumpy,TRUE,Frank,2017-09-13T00:05:52Z,2017-09-13T12:00:13Z,2017-09-13T12:20:22Z,0.00719552,0.006996245,0.006809373,0.007140213,0.007189049,0.006406658,4.10804e-5,1.45832e-5,-1.44832e-5,-3.82235e-5,3.04366e-5,4.44314e-6,0.989729351,0.985154654,0.990124889,0.983991755,0.991598827,0.992285232
b426155,dopey,TRUE,Frank,2017-09-12T20:12:55Z,2017-09-13T13:27:38Z,2017-09-13T13:52:36Z,0.006628945,0.006202793,0.007295963,0.00707119,0.006898714,0.006856819,8.75923e-6,-2.75621e-5,-4.2576e-5,-9.0555e-6,-2.84103e-5,-3.52933e-5,0.984450417,0.985946147,0.987613295,0.985427119,0.993176914,0.990283943
b149877,bashful,TRUE,Alice,2017-09-12T20:19:43Z,2017-09-13T12:58:45Z,2017-09-13T13:15:55Z,0.006981174,0.006811932,0.006558125,0.007004944,0.006697188,0.007256346,-4.20333e-5,-2.31396e-5,3.08811e-5,5.94759e-5,9.76351e-6,-1.82978e-6,0.990193287,0.992063201,0.993398225,0.984201726,0.985059739,0.988502317
b182137,happy,TRUE,Brad,2017-09-12T23:32:06Z,2017-09-13T09:25:53Z,2017-09-13T10:00:15Z,0.006983138,0.006521037,0.007044202,0.00720728,0.007100135,0.00704113,3.91254e-5,4.99645e-5,1.2291e-5,4.95031e-6,3.70105e-5,-3.12014e-6,0.992412349,0.986004903,0.993970137,0.992759652,0.99224002,0.989926327
b446678,sleepy,TRUE,Alice,2017-09-12T23:49:02Z,2017-09-13T11:32:46Z,2017-09-13T12:16:32Z,0.007393451,0.006783939,0.001403904,0.007025591,0.007263775,0.007270514,3.21729e-5,-3.3436e-5,-4.7702e-6,5.86744e-6,5.75562e-5,-1.93816e-5,0.99576798,0.992423739,0.98951467,0.993615653,0.983536959,0.985862039
b515688,bashful,TRUE,Charles,2017-09-12T23:02:33Z,2017-09-13T12:44:33Z,2017-09-13T13:03:12Z,0.006844095,0.006391642,0.006919748,0.007334298,0.006920475,0.006699451,-2.29546e-5,-4.60271e-5,-3.64644e-5,4.60323e-6,-3.27063e-5,1.18354e-5,0.980522,0.981199468,0.99398255,0.985358819,0.980801194,0.98896051
b229537,happy,TRUE,Dave,2017-09-12T21:54:05Z,2017-09-13T12:28:19Z,2017-09-13T13:05:48Z,0.00694066,0.006561144,0.006904327,0.006946926,0.006822629,0.006703523,4.21004e-5,3.94848e-5,-5.06057e-5,-3.90873e-5,4.59413e-5,3.7201e-5,0.981163486,0.98672091,0.981764129,0.994897815,0.98943227,0.990729988
b555466,doc,TRUE,Brad,2017-09-12T23:23:07Z,2017-09-13T13:02:17Z,2017-09-13T13:25:38Z,0.008150938,0.007344111,0.007089039,0.007106394,0.007827077,0.00700049,3.56576e-5,1.02745e-5,7.71192e-6,-1.76137e-5,2.72992e-5,-4.91802e-5,0.991741668,0.997766171,0.999700031,0.981384521,0.988242028,0.980645898
b296620,sleepy,TRUE,Alice,2017-09-13T01:49:47Z,2017-09-13T09:07:58Z,2017-09-13T09:26:15Z,0.007381515,0.006812939,0.001404069,0.00675431,0.007423752,0.007514517,2.01369e-8,1.46052e-5,5.65818e-6,3.97468e-5,-7.87229e-5,6.85903e-6,0.991920254,0.993677294,0.994918565,0.981480606,0.985048348,0.995594387
b367485,happy,TRUE,Brad,2017-09-12T21:12:22Z,2017-09-13T09:43:40Z,2017-09-13T10:23:52Z,0.006840397,0.005991622,0.007100789,0.007026062,0.006928841,0.006974609,8.54765e-6,2.07474e-5,1.64931e-5,-1.65809e-5,-3.24574e-5,-3.72711e-5,0.994541684,0.988144809,0.993487384,0.99095823,0.985923417,0.990057176
b502802,bashful,TRUE,Frank,2017-09-13T00:38:14Z,2017-09-13T10:45:04Z,2017-09-13T11:17:15Z,0.007206868,0.007531316,0.006859131,0.007423257,0.00716419,0.006806632,1.13768e-5,3.22312e-6,5.07647e-5,-1.96466e-5,3.32207e-5,-2.42974e-5,0.99184457,0.990346882,0.985961385,0.984621361,0.994054978,0.988218777
b632473,bashful,TRUE,Dave,2017-09-13T00:10:52Z,2017-09-13T10:17:26Z,2017-09-13T10:56:10Z,0.007311204,0.006805681,0.007198685,0.006889358,0.006557794,0.006999904,-3.27959e-5,1.26841e-5,-4.03242e-5,-5.77804e-6,-3.82707e-5,-4.53243e-5,0.985757047,0.984221462,0.986314768,0.993917251,0.991915866,0.983661886
b169804,doc,TRUE,Alice,2017-09-12T23:13:01Z,2017-09-13T13:29:42Z,2017-09-13T14:09:30Z,0.007908179,0.007887077,0.007809079,0.007496617,0.007363733,0.008590441,-1.95536e-5,-4.37091e-5,-1.78437e-5,-1.47055e-5,1.08622e-5,5.17015e-5,0.980482097,0.989621048,0.990048818,0.994920162,0.993094854,0.986911546
b203142,bashful,TRUE,Elizabeth,2017-09-12T22:40:22Z,2017-09-13T10:46:42Z,2017-09-13T11:18:54Z,0.007650389,0.00695637,0.007135734,0.006765976,0.006150347,0.006494276,-2.18721e-5,-2.92594e-5,3.0644e-6,-1.9361e-5,-3.04905e-5,-5.37804e-5,0.994253125,0.99208153,0.988567129,0.990259634,0.982339476,0.992223269
b713959,doc,TRUE,Charles,2017-09-12T20:39:30Z,2017-09-13T10:22:43Z,2017-09-13T10:46:23Z,0.008084928,0.008281771,0.007918779,0.007548414,0.007235564,0.009007032,-2.48969e-5,6.87756e-6,9.79397e-7,7.87397e-6,-2.04056e-5,8.63076e-5,0.989080501,0.990854424,0.999388425,0.9841701,0.980560575,0.988510015
b808305,happy,TRUE,Charles,2017-09-12T20:03:14Z,2017-09-13T11:18:30Z,2017-09-13T11:43:58Z,0.007145802,0.006904362,0.00645972,0.007698253,0.007120386,0.006619392,-3.77311e-5,-7.53753e-6,1.712e-5,-1.74475e-5,-1.86697e-5,3.51656e-5,0.984726877,0.990041295,0.985861828,0.990926247,0.98880188,0.994369191
b437936,dopey,TRUE,Brad,2017-09-14T01:48:03Z,2017-09-14T10:42:37Z,2017-09-14T11:20:47Z,0.007344427,0.007577222,0.006832384,0.006920754,0.006295611,0.006972398,5.59935e-6,2.61915e-5,-3.92291e-5,3.51017e-5,5.00901e-5,2.85086e-5,0.99763793,0.989275798,0.995186151,0.986338556,0.988714397,0.990791099
b163206,dopey,TRUE,Elizabeth,2017-09-13T23:06:11Z,2017-09-14T10:56:48Z,2017-09-14T11:15:15Z,0.006947829,0.006905837,0.006862891,0.007122185,0.007129084,0.007283241,3.76366e-6,2.87098e-5,1.43422e-5,-4.20019e-5,-2.39568e-6,9.50883e-6,0.997140268,0.989071978,0.995122849,0.9932636,0.997239764,0.989974381
b464325,sneezy,TRUE,Brad,2017-09-14T00:12:22Z,2017-09-14T11:20:08Z,2017-09-14T11:55:39Z,0.007372288,0.006944437,0.006893319,0.006877885,0.007456829,0.006804044,4.11792e-6,-5.98699e-5,1.16307e-5,-4.90346e-5,-3.68634e-5,-3.67794e-5,0.985002788,0.984669672,0.997189586,0.993404918,0.991214057,0.993662348
b743726,dopey,TRUE,Elizabeth,2017-09-14T01:54:43Z,2017-09-14T09:37:00Z,2017-09-14T10:18:57Z,0.006886548,0.006792226,0.006895134,0.007049463,0.007429935,0.007630407,5.96283e-5,-2.47431e-5,8.91561e-6,2.76939e-5,-9.00424e-6,5.29787e-5,0.985305613,0.993964982,0.997105573,0.988314316,0.989655208,0.987982739
b127305,grumpy,TRUE,Brad,2017-09-13T22:08:09Z,2017-09-14T09:42:12Z,2017-09-14T09:59:07Z,0.006894478,0.006792292,0.006654125,0.007217788,0.006928559,0.007208761,5.85361e-5,1.46814e-5,4.06599e-6,-2.62151e-6,3.3982e-5,-3.77791e-5,0.987103374,0.987802162,0.987108837,0.992721309,0.990205988,0.989144121
b150355,doc,TRUE,Frank,2017-09-14T00:46:43Z,2017-09-14T09:26:50Z,2017-09-14T09:59:26Z,0.009134224,0.008251463,0.007944835,0.007590639,0.009426842,0.008339245,9.7182e-7,-1.84127e-6,-4.02465e-5,-1.69141e-5,2.47719e-5,2.04201e-5,0.982683371,0.994458035,0.98105829,0.992021188,0.985910109,0.994826472
b890324,sleepy,TRUE,Elizabeth,2017-09-13T23:40:14Z,2017-09-14T12:19:52Z,2017-09-14T13:04:00Z,0.006604928,0.006698342,0.001366116,0.007147934,0.006749231,0.006943306,-2.20353e-5,1.31075e-5,-9.87244e-6,2.39297e-5,-3.86925e-5,-5.42879e-6,0.991048046,0.989779987,0.980327309,0.993023944,0.99021367,0.993709074
b863518,doc,TRUE,Dave,2017-09-13T21:19:14Z,2017-09-14T13:51:31Z,2017-09-14T14:35:28Z,0.008224605,0.007967177,0.009424301,0.006911024,0.007849716,0.008183868,6.91825e-5,8.09955e-6,8.72416e-6,5.50615e-5,-3.56297e-6,4.93828e-5,0.988039973,0.980833952,0.992330311,0.982249453,0.98423221,0.987328223
b791144,bashful,TRUE,Dave,2017-09-13T23:25:17Z,2017-09-14T12:31:16Z,2017-09-14T13:06:28Z,0.006319825,0.007410803,0.006718673,0.006642044,0.006442627,0.007289471,-1.44568e-5,4.03833e-7,-6.68859e-5,1.53315e-5,3.54823e-5,2.08091e-5,0.981869015,0.991336289,0.982544501,0.990063197,0.99205646,0.994430759
b622127,dopey,TRUE,Charles,2017-09-13T22:29:10Z,2017-09-14T10:11:43Z,2017-09-14T10:33:04Z,0.006929188,0.007406562,0.007281208,0.006822632,0.006888007,0.00652195,-1.24324e-5,4.05195e-5,1.17113e-5,-5.24963e-5,-1.04078e-5,-2.89284e-6,0.987072155,0.995541847,0.993772791,0.982858159,0.98382174,0.997527052
b626598,sneezy,TRUE,Charles,2017-09-14T00:00:15Z,2017-09-14T11:48:48Z,2017-09-14T12:19:49Z,0.007106684,0.007640207,0.006600347,0.007194199,0.0069702,0.007309722,6.06276e-5,-1.82658e-5,-2.70695e-5,-1.7232e-5,4.08841e-5,-6.28105e-6,0.981837929,0.990636882,0.995666339,0.988598502,0.992240538,0.996276945
b473538,doc,TRUE,Brad,2017-09-13T20:41:06Z,2017-09-14T11:50:05Z,2017-09-14T12:10:29Z,0.008623581,0.008320861,0.007656441,0.006962938,0.008437452,0.007567747,5.95282e-6,4.13326e-5,6.30383e-5,6.89845e-5,2.358e-5,3.08084e-5,0.996275195,0.984343844,0.992843353,0.98663001,0.981250539,0.996000348
b217041,doc,TRUE,Alice,2017-09-14T01:35:22Z,2017-09-14T11:59:59Z,2017-09-14T12:35:20Z,0.008274133,0.007741225,0.007894685,0.00911831,0.007443727,0.007836452,3.99396e-5,4.65403e-6,-2.73553e-5,-4.1707e-5,1.63549e-5,-1.96011e-7,0.989595301,0.998936657,0.996397731,0.996634214,0.986757368,0.980824657
b885135,dopey,TRUE,Charles,2017-09-13T23:31:49Z,2017-09-14T11:26:15Z,2017-09-14T11:44:45Z,0.007123926,0.006874794,0.006508548,0.007111067,0.007063195,0.007313165,2.07375e-5,-7.41821e-5,3.65163e-5,-5.67685e-6,-1.76248e-5,1.97936e-5,0.996792098,0.982468262,0.985177692,0.995993494,0.996125283,0.983722589
b716375,happy,TRUE,Brad,2017-09-14T00:09:57Z,2017-09-14T12:49:10Z,2017-09-14T13:33:43Z,0.006791071,0.007563541,0.007196883,0.006790876,0.00746645,0.006663242,-5.50784e-6,-1.69362e-5,-3.08535e-5,-1.56923e-5,3.91769e-5,2.66126e-5,0.99327553,0.997514679,0.991502642,0.98153931,0.991771171,0.994381746
b743179,sleepy,TRUE,Charles,2017-09-13T20:24:11Z,2017-09-14T13:03:33Z,2017-09-14T13:25:50Z,0.006504085,0.006962816,0.001332586,0.006742475,0.006804535,0.007075297,1.60153e-5,1.72647e-5,-5.64876e-6,-2.87352e-7,-2.16588e-5,-1.0964e-5,0.988277919,0.994115063,0.983037461,0.989624387,0.995383177,0.992549754
b319996,doc,TRUE,Alice,2017-09-14T00:08:57Z,2017-09-14T12:01:08Z,2017-09-14T12:39:19Z,0.006848186,0.007024158,0.006972351,0.007199039,0.007247378,0.007878923,3.23286e-5,-1.64548e-6,1.27087e-5,0,3.15885e-6,2.98688e-5,0.987165959,0.988353116,0.994238816,1,0.992457397,0.989522802
b233624,sleepy,TRUE,Brad,2017-09-13T23:38:17Z,2017-09-14T12:40:00Z,2017-09-14T13:17:45Z,0.007071626,0.006591565,0.001321438,0.006959678,0.006428895,0.007343242,-1.05709e-5,-1.6559e-5,-1.51573e-6,1.8684e-5,1.74441e-5,3.15489e-5,0.995112602,0.98839982,0.995458965,0.985701176,0.993070738,0.994694546
b655544,grumpy,TRUE,Frank,2017-09-14T00:29:05Z,2017-09-14T11:18:12Z,2017-09-14T11:49:22Z,0.007133922,0.007528236,0.007270996,0.006868559,0.007072092,0.0061293,5.02952e-5,3.52264e-5,1.96897e-5,3.67379e-5,1.654e-5,-3.63811e-5,0.994248193,0.985621528,0.993782032,0.989357431,0.997439771,0.985337945
b108090,bashful,TRUE,Charles,2017-09-13T23:02:31Z,2017-09-14T09:21:09Z,2017-09-14T09:51:57Z,0.006942785,0.006465237,0.00798263,0.006395912,0.006354388,0.007403354,-3.0821e-6,3.05348e-5,-1.21177e-5,3.65461e-5,-4.58992e-6,-1.51513e-5,0.991669665,0.994097553,0.997675337,0.980910637,0.998227824,0.99435733
b499565,sleepy,TRUE,Charles,2017-09-14T22:13:04Z,2017-09-15T12:16:40Z,2017-09-15T12:55:41Z,0.007315142,0.00656861,0.001311776,0.006942422,0.007157368,0.006663147,1.77169e-6,-1.3703e-5,2.35894e-6,-4.40132e-6,-1.66147e-5,-6.13335e-5,0.991463099,0.994909784,0.988773116,0.991082907,0.988236231,0.981443048
b452300,doc,TRUE,Alice,2017-09-15T00:41:27Z,2017-09-15T09:26:59Z,2017-09-15T10:06:27Z,0.008297984,0.009052773,0.00745996,0.008272606,0.007731319,0.007207508,-6.82475e-5,5.20175e-5,-1.02215e-6,9.74232e-7,9.59668e-6,4.02964e-5,0.984433278,0.996195993,0.999916532,0.996518616,0.98743704,0.983834063
b579447,sneezy,TRUE,Alice,2017-09-15T01:32:31Z,2017-09-15T13:12:31Z,2017-09-15T13:35:52Z,0.007449942,0.005908758,0.007123723,0.006856555,0.007124938,0.007202417,-4.42552e-5,1.49141e-5,-1.09746e-5,-7.51494e-7,1.35846e-5,-2.9534e-5,0.982676027,0.997279833,0.983053775,0.993587568,0.998704207,0.987060279
b710207,dopey,TRUE,Frank,2017-09-14T22:23:40Z,2017-09-15T10:08:55Z,2017-09-15T10:38:42Z,0.006819445,0.006821322,0.006913257,0.006974387,0.0075224,0.006462961,-1.18268e-5,-1.01502e-5,1.73461e-6,3.09491e-5,8.11896e-6,1.16585e-5,0.998156468,0.991580747,0.998871329,0.986159092,0.993526649,0.99219427
b488775,dopey,TRUE,Dave,2017-09-14T21:14:56Z,2017-09-15T10:25:48Z,2017-09-15T10:49:19Z,0.007068292,0.006876061,0.006123674,0.007089159,0.007015426,0.007105912,3.68525e-5,-5.02267e-5,2.39844e-5,-2.78788e-6,-1.10532e-6,-8.3743e-6,0.990753152,0.991956768,0.987509169,0.980998148,0.996270824,0.989973936
b689221,doc,TRUE,Charles,2017-09-14T22:20:31Z,2017-09-15T12:30:32Z,2017-09-15T12:50:30Z,0.007831947,0.008019685,0.007465587,0.00850912,0.00755007,0.007703654,-1.68612e-5,6.03657e-5,5.4804e-6,5.04878e-5,-3.15696e-5,-3.91375e-5,0.988570412,0.981808282,0.992469058,0.984432311,0.986969977,0.981791053
b662316,sleepy,TRUE,Dave,2017-09-14T21:00:01Z,2017-09-15T12:56:20Z,2017-09-15T13:29:03Z,0.007258646,0.007390113,0.001211213,0.006770033,0.00700545,0.006939865,-1.80695e-5,4.63203e-5,4.93276e-6,-2.41044e-6,2.50235e-5,-2.23966e-6,0.983466277,0.988339954,0.987286868,0.993974115,0.993727125,0.993595751
b217442,doc,TRUE,Elizabeth,2017-09-15T01:14:40Z,2017-09-15T09:58:57Z,2017-09-15T10:36:14Z,0.00714328,0.008293951,0.007538949,0.007372075,0.00814003,0.007760429,1.21519e-5,1.84954e-5,9.48526e-6,1.34164e-5,-1.60264e-5,-1.56016e-5,0.99195376,0.990348641,0.982522184,0.983427796,0.992142285,0.980617222
b395938,dopey,TRUE,Charles,2017-09-15T00:17:50Z,2017-09-15T11:25:04Z,2017-09-15T11:45:48Z,0.006655329,0.006518107,0.007538147,0.00640693,0.007024075,0.007225112,1.54112e-5,-5.78104e-6,1.88194e-6,-6.39878e-5,-3.15399e-5,3.72822e-5,0.983987615,0.983315056,0.988225796,0.987428121,0.980838495,0.99575928
b631863,sneezy,TRUE,Frank,2017-09-14T20:45:46Z,2017-09-15T09:39:31Z,2017-09-15T10:06:44Z,0.007438,0.006797535,0.007293687,0.006205147,0.006858494,0.006871706,-2.25879e-5,-3.42805e-5,9.41888e-6,-2.93811e-5,3.00585e-5,-1.60157e-5,0.994765197,0.990528755,0.986494698,0.989872829,0.987498958,0.985914443
b227514,happy,TRUE,Elizabeth,2017-09-15T00:10:03Z,2017-09-15T11:30:22Z,2017-09-15T11:55:47Z,0.007696323,0.006999184,0.006262524,0.006555436,0.00668933,0.007268498,-3.59163e-5,3.97409e-5,2.82217e-5,-1.25947e-5,4.89282e-5,1.50643e-5,0.994229993,0.984195194,0.987669565,0.988536128,0.99062992,0.99475959
b170838,happy,TRUE,Brad,2017-09-14T21:57:26Z,2017-09-15T10:40:54Z,2017-09-15T11:24:13Z,0.006793703,0.007617875,0.007396745,0.007339037,0.006834862,0.007039006,5.62141e-5,-6.97661e-5,-1.64169e-5,-3.84207e-5,2.16285e-5,-3.75833e-5,0.989782745,0.985869907,0.997433927,0.982111833,0.992201802,0.995653592
b818841,doc,TRUE,Brad,2017-09-14T20:23:10Z,2017-09-15T11:38:44Z,2017-09-15T11:54:27Z,0.008282328,0.007389469,0.007605264,0.007385027,0.008455492,0.008453948,-5.43554e-5,-2.49676e-5,9.27243e-6,3.26107e-5,7.1955900000000007e-05,-2.36245e-5,0.993174331,0.981192582,0.988197352,0.986972535,0.988860145,0.988466889
b724081,doc,TRUE,Brad,2017-09-14T23:57:57Z,2017-09-15T10:18:13Z,2017-09-15T10:34:32Z,0.007509481,0.007773579,0.008304357,0.008601122,0.009957538,0.008075249,5.76718e-5,1.78052e-5,3.99732e-5,-4.62952e-5,-1.08285e-19,2.67025e-5,0.987801397,0.98542339,0.991797029,0.991761664,1,0.996549669
b700508,bashful,TRUE,Charles,2017-09-14T20:03:46Z,2017-09-15T10:26:03Z,2017-09-15T10:44:51Z,0.007327319,0.007188297,0.007696775,0.006985895,0.006974117,0.006552863,4.8356e-5,2.59137e-5,1.535e-5,2.94432e-5,5.02427e-5,-8.601e-7,0.985043634,0.980663472,0.987617299,0.994084195,0.987676658,0.98327529
b504827,doc,TRUE,Charles,2017-09-15T01:21:25Z,2017-09-15T09:21:02Z,2017-09-15T09:39:37Z,0.008247067,0.007161457,0.008135571,0.008910444,0.008018353,0.008938378,6.05518e-5,-5.59551e-5,-4.02697e-5,1.91996e-5,-8.26394e-5,-1.28992e-5,0.982521885,0.990101932,0.992576193,0.99735323,0.981043656,0.992173658
b159051,bashful,TRUE,Alice,2017-09-14T22:17:35Z,2017-09-15T11:31:09Z,2017-09-15T12:13:28Z,0.007310001,0.007524824,0.005704039,0.007232432,0.006037412,0.006679838,5.80998e-5,-3.22079e-6,2.15828e-5,5.80209e-5,8.74188e-6,-5.3779e-5,0.984618464,0.993084301,0.990202788,0.991118366,0.99625816,0.987411414
b706613,sneezy,TRUE,Elizabeth,2017-09-15T00:51:14Z,2017-09-15T13:11:42Z,2017-09-15T13:48:37Z,0.006600902,0.006858001,0.007093503,0.005662763,0.007396491,0.00645596,-2.98424e-5,3.09619e-5,1.06812e-5,1.7824e-5,2.07382e-5,-1.96966e-5,0.984877332,0.986918905,0.982556201,0.988419502,0.990115628,0.988006612
b638202,doc,TRUE,Alice,2017-09-14T21:26:31Z,2017-09-15T10:25:01Z,2017-09-15T11:06:27Z,0.009108352,0.008012488,0.008569557,0.007860974,0.007064274,0.007526396,-1.22453e-5,1.23177e-5,3.51081e-5,-4.90803e-5,-4.2031e-5,4.56185e-6,0.988758727,0.981765405,0.991399501,0.989870645,0.985292485,0.991808765
b572302,bashful,TRUE,Charles,2017-09-14T21:00:52Z,2017-09-15T10:02:07Z,2017-09-15T10:30:01Z,0.006672642,0.006819985,0.007205299,0.006776638,0.006490416,0.006527554,-1.1959300000000001e-05,6.98177e-5,3.2879e-5,3.11216e-5,-4.71546e-5,3.9209e-5,0.997830438,0.986595827,0.989467511,0.991354089,0.985538887,0.983457675
b203363,doc,TRUE,Brad,2017-09-15T23:01:12Z,2017-09-16T11:49:04Z,2017-09-16T12:07:16Z,0.007686901,0.007022657,0.007447422,0.007945693,0.007889745,0.007815216,2.39933e-5,4.71135e-6,3.43211e-5,-5.87712e-5,3.56644e-6,1.02703e-5,0.99023977,0.997867369,0.99106056,0.983241119,0.982691231,0.990224702
b331541,doc,TRUE,Brad,2017-09-16T00:29:20Z,2017-09-16T09:02:37Z,2017-09-16T09:18:10Z,0.008426559,0.009529083,0.006672648,0.008081743,0.00669824,0.007961314,2.9135e-5,5.56296e-6,-2.95433e-5,3.65393e-5,-4.40327e-6,-7.66032e-6,0.984656711,0.983080165,0.993127969,0.995418431,0.997700246,0.991105528
b142859,sleepy,TRUE,Elizabeth,2017-09-16T01:45:26Z,2017-09-16T11:04:36Z,2017-09-16T11:46:43Z,0.006998777,0.007140821,0.001477802,0.007012226,0.007007738,0.006827081,3.41118e-5,-5.34237e-5,-9.04685e-6,-6.50171e-6,3.16794e-5,-4.13005e-5,0.981573619,0.984668939,0.991363656,0.990191543,0.992110717,0.988098618
b729008,sleepy,TRUE,Charles,2017-09-15T20:50:40Z,2017-09-16T09:38:35Z,2017-09-16T10:07:40Z,0.007520448,0.007070836,0.001571824,0.006491843,0.006891626,0.006793214,-1.96947e-5,-1.16467e-6,6.93558e-6,1.13319e-5,2.16645e-5,-2.53694e-5,0.997087465,0.991938549,0.986146004,0.980591896,0.99620677,0.988664017
b607513,sneezy,TRUE,Elizabeth,2017-09-15T20:12:18Z,2017-09-16T13:06:48Z,2017-09-16T13:50:11Z,0.006622947,0.007408732,0.006552205,0.007341047,0.007122382,0.007320609,1.15423e-5,-3.55005e-5,-3.62065e-5,1.25364e-5,-5.25887e-5,4.39359e-6,0.98410726,0.986687338,0.991413321,0.992352559,0.98919696,0.997864336
b275081,sneezy,TRUE,Alice,2017-09-16T00:57:03Z,2017-09-16T10:07:21Z,2017-09-16T10:30:17Z,0.007042726,0.00720289,0.007133013,0.007552633,0.006916749,0.007487413,-5.76181e-5,-4.24893e-5,-2.31078e-5,2.99281e-5,1.1595e-5,-5.11242e-5,0.984571532,0.985249128,0.991142057,0.983491039,0.996337094,0.993273063
b179232,happy,TRUE,Alice,2017-09-16T01:26:36Z,2017-09-16T11:09:39Z,2017-09-16T11:48:00Z,0.007103939,0.007078989,0.007224611,0.006445803,0.00708689,0.00640702,1.2216e-5,1.48757e-5,-1.64358e-5,3.70868e-5,1.1045e-5,-2.21516e-5,0.994959016,0.988280392,0.996167118,0.99477784,0.982988001,0.996027882
b745808,sneezy,TRUE,Elizabeth,2017-09-15T22:59:24Z,2017-09-16T10:24:15Z,2017-09-16T10:42:55Z,0.006483041,0.007061607,0.007246433,0.007323255,0.006590023,0.007622606,-6.21825e-5,3.45284e-5,1.89349e-5,4.07658e-5,-2.7947e-5,-4.47659e-5,0.985936477,0.994618915,0.998265327,0.985410378,0.990909789,0.988263976
b673410,sneezy,TRUE,Charles,2017-09-15T23:37:51Z,2017-09-16T09:43:35Z,2017-09-16T10:20:38Z,0.006725549,0.007417991,0.007224227,0.006959156,0.00707288,0.007669715,-4.48942e-5,3.91565e-5,4.49889e-5,-1.94156e-5,6.93361e-6,5.47257e-5,0.981844576,0.989156849,0.990118988,0.993817928,0.984424439,0.984892798
b824915,dopey,TRUE,Brad,2017-09-16T00:54:57Z,2017-09-16T09:29:16Z,2017-09-16T09:57:41Z,0.00683124,0.006876752,0.007712785,0.007141497,0.007062552,0.006601465,-4.26727e-5,-2.98475e-5,2.37751e-5,-3.03368e-5,2.58661e-5,-7.57146e-6,0.985551346,0.98600667,0.992295002,0.986614997,0.995296204,0.994082855
b191966,sleepy,TRUE,Brad,2017-09-15T23:13:12Z,2017-09-16T11:03:56Z,2017-09-16T11:32:16Z,0.00651217,0.006583905,0.001522889,0.007213163,0.007077813,0.007050259,3.24635e-5,3.23939e-5,-9.19358e-6,6.85818e-5,2.52172e-5,-2.69104e-5,0.995182181,0.983931393,0.988890364,0.987190829,0.992685142,0.990704148
b168658,bashful,TRUE,Dave,2017-09-15T21:57:08Z,2017-09-16T09:16:24Z,2017-09-16T09:51:27Z,0.007196306,0.006826234,0.007515149,0.007518522,0.007413025,0.007831914,1.81663e-5,3.45933e-5,-1.51774e-5,-4.55244e-6,-4.51677e-5,3.45917e-5,0.997204048,0.981216496,0.99548124,0.997422033,0.995545762,0.9846854
b500774,dopey,TRUE,Elizabeth,2017-09-15T22:37:51Z,2017-09-16T10:08:43Z,2017-09-16T10:26:32Z,0.007137835,0.006933661,0.007659796,0.007036053,0.007117545,0.006725318,-1.08649e-5,4.04317e-5,1.00026e-5,-7.0532e-5,-7.68317e-6,1.91094e-5,0.991160638,0.992303409,0.981511699,0.984510807,0.993922522,0.981697255
b298926,dopey,TRUE,Brad,2017-09-15T23:03:35Z,2017-09-16T11:24:51Z,2017-09-16T12:07:10Z,0.006587691,0.006352215,0.006791821,0.006691647,0.006516922,0.007206537,-6.40758e-5,2.37543e-5,-2.16219e-5,9.24394e-6,-1.92559e-5,1.08279e-5,0.98767612,0.986096926,0.993005655,0.990652561,0.984479764,0.993691707
b280099,happy,TRUE,Charles,2017-09-15T23:11:21Z,2017-09-16T11:40:07Z,2017-09-16T12:13:57Z,0.006567928,0.007287574,0.006818309,0.007140636,0.007243587,0.007544369,-3.16416e-5,-3.94015e-5,-5.3738e-5,-5.81096e-6,-1.05402e-5,3.59927e-5,0.996370278,0.994660459,0.986177274,0.996806371,0.987061251,0.991824215
b619380,happy,TRUE,Frank,2017-09-15T22:49:22Z,2017-09-16T12:43:35Z,2017-09-16T13:11:13Z,0.006500916,0.007456918,0.007162869,0.007082459,0.007428321,0.007635048,-3.3901e-5,-3.07478e-5,5.34106e-5,1.92376e-5,-1.8276e-6,3.98981e-5,0.983850515,0.984593372,0.981091662,0.987136215,0.990490467,0.989585938
b884899,dopey,TRUE,Dave,2017-09-16T00:02:23Z,2017-09-16T10:44:03Z,2017-09-16T11:19:51Z,0.007075893,0.006865034,0.00720305,0.006584881,0.006846062,0.006957882,2.36539e-5,-1.37709e-5,4.37816e-5,2.75815e-6,2.52297e-5,3.67424e-6,0.996572603,0.997913834,0.993123794,0.987798768,0.983005472,0.982490573
b281121,sleepy,TRUE,Frank,2017-09-16T00:42:17Z,2017-09-16T13:40:27Z,2017-09-16T14:19:37Z,0.007116216,0.007428687,0.001143725,0.007078143,0.007104693,0.006622483,-1.36707e-5,-2.49103e-5,6.35966e-6,-5.48005e-5,3.84084e-5,-3.07308e-5,0.991174828,0.988891997,0.987515197,0.987066908,0.985930019,0.980900025
b683396,bashful,TRUE,Frank,2017-09-15T23:21:59Z,2017-09-16T13:15:55Z,2017-09-16T13:33:01Z,0.006851439,0.007584655,0.00747159,0.006481637,0.007140641,0.00688423,-1.93709e-5,4.35278e-5,-2.78528e-5,-3.09326e-5,2.64027e-6,-1.46336e-5,0.995235604,0.991235279,0.98933011,0.985536158,0.99119187,0.998414343
b589035,bashful,TRUE,Elizabeth,2017-09-15T20:36:49Z,2017-09-16T12:28:22Z,2017-09-16T12:46:16Z,0.006426976,0.007033984,0.007189403,0.007164546,0.006815811,0.006408986,1.40798e-5,6.97003e-6,7.03914e-5,-1.62707e-5,-2.05795e-5,7.13941e-5,0.980024185,0.986508417,0.98382828,0.986136861,0.995822316,0.985464262
b243700,bashful,TRUE,Elizabeth,2017-09-16T22:19:56Z,2017-09-17T11:23:00Z,2017-09-17T11:58:14Z,0.007090326,0.007468923,0.00663614,0.007057636,0.006457867,0.007009451,-5.53864e-5,3.73877e-6,-5.04631e-6,5.45101e-6,-1.61737e-5,5.4932e-5,0.98843100800000006,0.987016592,0.9951676,0.992098934,0.981845005,0.98090679
b522832,grumpy,TRUE,Frank,2017-09-16T20:17:18Z,2017-09-17T13:44:01Z,2017-09-17T14:19:21Z,0.006516847,0.007061873,0.007511594,0.006917111,0.006664981,0.007088353,8.92594e-6,-4.16318e-6,-4.40611e-6,-8.67569e-6,2.30409e-5,-4.43524e-5,0.98322393,0.981348307,0.996130785,0.995520981,0.985738927,0.994304012
b686635,dopey,TRUE,Frank,2017-09-16T23:01:44Z,2017-09-17T09:17:16Z,2017-09-17T09:51:14Z,0.007078665,0.006963107,0.006665153,0.007219655,0.006355834,0.006757266,4.02823e-7,1.31937e-5,-3.9102e-5,5.64268e-5,-3.56967e-5,-4.27925e-5,0.988807013,0.988782101,0.988027827,0.985980082,0.993863781,0.981229085
b321069,sneezy,TRUE,Alice,2017-09-16T20:09:50Z,2017-09-17T09:35:56Z,2017-09-17T10:16:37Z,0.007195479,0.007221115,0.007132696,0.007057811,0.007564315,0.006863516,1.81026e-5,-6.56311e-5,-6.35766e-6,3.45247e-5,2.58814e-5,-5.47647e-6,0.994855526,0.989322114,0.993636378,0.994980623,0.991020625,0.998337161
b119543,grumpy,TRUE,Brad,2017-09-16T23:34:21Z,2017-09-17T09:22:16Z,2017-09-17T09:48:19Z,0.007089263,0.006973262,0.007685045,0.006746822,0.007101615,0.007579005,3.84246e-5,-4.83616e-5,-1.50787e-5,9.70266e-6,5.07445e-6,-1.60004e-5,0.992567238,0.983878205,0.99660241,0.983812213,0.983203484,0.990638063
b385360,dopey,TRUE,Elizabeth,2017-09-16T20:09:01Z,2017-09-17T13:54:34Z,2017-09-17T14:27:14Z,0.0070473,0.006986648,0.007171838,0.007030338,0.006833098,0.006423415,-7.00063e-6,2.12828e-5,-8.6519e-5,5.86349e-5,4.7581e-5,3.60311e-5,0.983801063,0.992083884,0.983702216,0.985420909,0.988105831,0.991605101
b601542,grumpy,TRUE,Frank,2017-09-16T20:39:36Z,2017-09-17T13:17:39Z,2017-09-17T13:46:44Z,0.003696647,0.003609536,0.003878236,0.003827511,0.00364609,0.003337648,-7.94771e-7,1.20203e-5,-8.60875e-6,6.6786e-6,4.68218e-7,3.0626e-5,0.993348466,0.995517445,0.994596425,0.982390784,0.99900021,0.989895054
b894068,sleepy,TRUE,Elizabeth,2017-09-17T01:57:38Z,2017-09-17T13:20:51Z,2017-09-17T13:46:37Z,0.006697871,0.006536853,0.001351126,0.007559287,0.006847984,0.006621773,1.42763e-5,-2.03791e-5,9.96762e-6,5.538e-5,-1.34376e-5,2.37461e-5,0.990299951,0.995248256,0.993435322,0.989181632,0.995083981,0.985363264
b275610,doc,TRUE,Frank,2017-09-16T23:33:34Z,2017-09-17T11:09:10Z,2017-09-17T11:40:10Z,0.006215907,0.007245155,0.007871385,0.008487102,0.007583609,0.00812179,-1.27627e-5,3.47168e-5,-2.63978e-5,-3.90631e-7,-1.97183e-5,-5.23613e-5,0.991839321,0.984809281,0.988053674,0.996786026,0.994669494,0.985230203
b852776,doc,TRUE,Frank,2017-09-16T23:38:58Z,2017-09-17T09:44:53Z,2017-09-17T10:12:11Z,0.008845402,0.008239027,0.00881417,0.008504431,0.00830883,0.007483569,4.97388e-5,-7.13524e-5,1.80654e-5,-6.5936e-6,8.55326e-6,2.6824e-5,0.984977653,0.984076158,0.990513666,0.991686706,0.986011649,0.997626147
b520408,happy,TRUE,Alice,2017-09-16T21:07:58Z,2017-09-17T13:51:46Z,2017-09-17T14:36:04Z,0.007207753,0.006868324,0.006305242,0.006577942,0.006886823,0.00759069,-1.63555e-5,-5.75804e-5,3.00139e-5,9.70404e-6,9.1943e-6,1.23698e-5,0.992158571,0.989631194,0.985165333,0.992247594,0.997556249,0.987073754
b841542,doc,TRUE,Brad,2017-09-17T01:52:34Z,2017-09-17T10:59:25Z,2017-09-17T11:21:24Z,0.007894146,0.008147929,0.008155062,0.007939864,0.008391242,0.009161458,-3.00509e-5,-2.79083e-5,1.92613e-5,2.4457e-5,-1.8332e-5,1.01772e-6,0.992419213,0.989678671,0.987818051,0.987760158,0.985385323,0.998591255
b858078,bashful,TRUE,Elizabeth,2017-09-17T00:48:02Z,2017-09-17T11:54:53Z,2017-09-17T12:27:59Z,0.006970475,0.007115226,0.007373615,0.007864701,0.006669535,0.006999854,1.7656e-5,-1.421e-5,-2.37464e-5,3.25631e-5,-9.25062e-6,-3.63337e-5,0.985406207,0.981540242,0.99042763,0.981635686,0.988501725,0.984634703
b306580,bashful,TRUE,Alice,2017-09-16T22:07:56Z,2017-09-17T11:20:06Z,2017-09-17T11:53:44Z,0.00700495,0.007139128,0.006779931,0.006616562,0.007268797,0.006614009,-6.65622e-5,7.44509e-6,8.36315e-6,1.66561e-5,1.19358e-5,7.86856e-7,0.982110111,0.989116395,0.991956494,0.983174285,0.996186302,0.984637371
b175474,happy,TRUE,Elizabeth,2017-09-16T21:12:46Z,2017-09-17T11:10:42Z,2017-09-17T11:49:40Z,0.007205149,0.006172853,0.006727055,0.006568401,0.007527546,0.007868713,-1.13011e-5,5.11302e-6,-7.44256e-6,-2.66838e-5,2.50027e-5,1.68961e-5,0.991197627,0.995406741,0.990228906,0.984383525,0.993793911,0.99209448
b186428,sneezy,TRUE,Alice,2017-09-16T20:31:52Z,2017-09-17T09:40:28Z,2017-09-17T09:58:07Z,0.006663177,0.007074346,0.007564393,0.006690419,0.006875383,0.00795111,-9.11452e-6,5.33644e-6,3.14621e-5,2.56439e-5,3.56226e-5,3.93498e-5,0.995703852,0.991704945,0.985218818,0.991838753,0.980800591,0.988529294
b197021,happy,TRUE,Alice,2017-09-17T00:00:02Z,2017-09-17T09:58:26Z,2017-09-17T10:41:57Z,0.006945585,0.007096781,0.006842128,0.007094533,0.007305698,0.006745249,-4.28184e-5,2.35592e-6,5.73019e-5,2.65181e-6,1.69128e-5,2.48234e-5,0.987158287,0.994780522,0.986858266,0.989203451,0.996097091,0.983993571
b508894,doc,TRUE,Brad,2017-09-16T20:45:32Z,2017-09-17T13:16:26Z,2017-09-17T13:47:48Z,0.00764682,0.008446966,0.007661741,0.009816419,0.008131314,0.007487778,5.60647e-5,-4.14016e-6,-3.54337e-5,-1.03771e-5,2.82695e-5,4.11282e-5,0.985125663,0.990837345,0.988211656,0.998756287,0.992848829,0.9888528
b126144,dopey,TRUE,Elizabeth,2017-09-17T00:00:08Z,2017-09-17T13:09:59Z,2017-09-17T13:28:17Z,0.007551852,0.006922194,0.007315416,0.006962271,0.006583388,0.007032986,-1.13336e-6,1.57539e-6,8.74587e-6,4.34902e-5,-6.22389e-7,4.984e-5,0.981745878,0.994425205,0.99090457,0.990944286,0.994301017,0.9852901
b506515,bashful,TRUE,Brad,2017-09-17T01:31:48Z,2017-09-17T11:29:38Z,2017-09-17T11:51:17Z,0.006735973,0.007115857,0.007140838,0.006921506,0.006321797,0.007542661,5.37352e-5,3.29891e-5,2.65285e-5,-3.73002e-5,1.38159e-5,1.37514e-5,0.983684213,0.98956701,0.984364349,0.985786497,0.99823151,0.982514361
b783856,sleepy,TRUE,Brad,2017-09-17T22:09:20Z,2017-09-18T09:37:59Z,2017-09-18T10:00:13Z,0.006417443,0.006900199,0.001458022,0.006691478,0.007081311,0.007034707,-4.5938e-5,2.54023e-5,4.54975e-6,-4.40444e-5,-3.42709e-5,1.07169e-5,0.988511752,0.986822721,0.989142285,0.981344529,0.987529053,0.99001642
b297326,bashful,TRUE,Brad,2017-09-17T20:33:57Z,2017-09-18T13:21:40Z,2017-09-18T14:01:51Z,0.006415233,0.007289538,0.006905612,0.006904661,0.007316024,0.007417976,-2.64227e-5,3.66578e-6,2.02988e-6,-4.10738e-5,5.11635e-5,3.46231e-6,0.992367338,0.992485632,0.997348322,0.985044051,0.991950325,0.99571018
b628811,sleepy,TRUE,Elizabeth,2017-09-17T20:34:56Z,2017-09-18T11:07:22Z,2017-09-18T11:33:53Z,0.006672686,0.006951671,0.001401375,0.006427335,0.006740072,0.006988271,2.25348e-6,-1.25563e-5,-3.50941e-6,6.09457e-6,4.04925e-5,-2.04292e-5,0.996735422,0.997898802,0.999094159,0.988049412,0.990196835,0.989308223
b391147,grumpy,TRUE,Charles,2017-09-17T20:49:08Z,2017-09-18T09:59:18Z,2017-09-18T10:18:11Z,0.007593792,0.00684608,0.007372264,0.006995805,0.007054892,0.007326322,-2.593e-5,1.32266e-5,-5.86551e-6,3.51523e-5,-1.7674e-5,6.16085e-5,0.992875091,0.985559785,0.981237542,0.989375584,0.989978227,0.988261013
b809656,sneezy,TRUE,Brad,2017-09-17T22:17:29Z,2017-09-18T10:29:59Z,2017-09-18T10:52:45Z,0.00722713,0.006356895,0.007046019,0.00779577,0.006718484,0.00694447,-1.21368e-5,-5.24264e-5,-8.80405e-6,-8.44431e-7,5.95857e-6,3.73618e-5,0.990565432,0.980084768,0.982285411,0.990265687,0.98356614,0.988386564
b173526,bashful,TRUE,Elizabeth,2017-09-18T00:30:44Z,2017-09-18T11:41:51Z,2017-09-18T12:13:24Z,0.007094571,0.00695627,0.007121081,0.006512286,0.007506658,0.007616718,9.11747e-6,4.57087e-5,5.17374e-5,3.99847e-5,7.4606e-6,9.95202e-6,0.988678184,0.987518348,0.984526615,0.98628215,0.987166865,0.983692199
b423686,doc,TRUE,Frank,2017-09-17T23:00:41Z,2017-09-18T13:39:48Z,2017-09-18T13:59:52Z,0.007522938,0.007254062,0.009352149,0.008379091,0.008623482,0.008115641,2.65496e-5,-2.00598e-5,-1.99713e-6,3.7374e-5,-5.4786e-5,-4.79494e-5,0.991917367,0.986734389,0.984743863,0.982107672,0.988010898,0.989560388
b179467,sneezy,TRUE,Alice,2017-09-17T22:11:48Z,2017-09-18T09:48:48Z,2017-09-18T10:08:02Z,0.0077756,0.007248046,0.006367801,0.006928549,0.007146224,0.007075012,1.99393e-5,-3.90644e-5,1.38203e-6,9.92364e-6,-3.53012e-5,4.31353e-5,0.988475811,0.989982749,0.989886501,0.987251651,0.993180721,0.992432245
b729122,grumpy,TRUE,Dave,2017-09-17T22:38:43Z,2017-09-18T10:59:50Z,2017-09-18T11:15:05Z,0.007371234,0.007077812,0.006950263,0.007309027,0.007128405,0.006190899,-4.9212e-5,-2.87877e-5,-2.31938e-5,-2.88792e-6,-3.46816e-5,-1.36471e-5,0.992229048,0.994851443,0.985698066,0.992109603,0.993188547,0.987501321
b586709,grumpy,TRUE,Frank,2017-09-18T01:27:37Z,2017-09-18T10:40:45Z,2017-09-18T11:06:39Z,0.007441418,0.007336103,0.00774103,0.007422784,0.007032972,0.005967987,5.3057200000000004e-06,6.99722e-5,1.70548e-5,1.82115e-5,1.30997e-5,8.00218e-6,0.99046066,0.980321539,0.994011538,0.992563319,0.994866208,0.984289876
b153328,grumpy,TRUE,Frank,2017-09-18T00:49:56Z,2017-09-18T12:12:26Z,2017-09-18T12:32:35Z,0.007038287,0.007517804,0.006995673,0.007047648,0.00690333,0.006772461,-1.20031e-6,4.17088e-5,4.88219e-5,2.58514e-5,-7.56183e-6,9.92115e-7,0.985005179,0.988465833,0.993899567,0.994918207,0.98872283,0.997163209
b402962,dopey,TRUE,Charles,2017-09-17T21:12:56Z,2017-09-18T13:33:51Z,2017-09-18T13:56:25Z,0.007062207,0.006575156,0.006898183,0.006764499,0.007147484,0.007206517,7.92499e-6,2.16222e-5,-2.94803e-5,-1.77807e-5,1.40256e-5,6.10298e-6,0.988770702,0.995675187,0.992486827,0.996567341,0.997782683,0.982338368
b223207,sleepy,TRUE,Frank,2017-09-17T21:00:22Z,2017-09-18T13:34:33Z,2017-09-18T13:51:07Z,0.006754125,0.007694174,0.001395688,0.006457546,0.0070365,0.007305881,4.06237e-5,-3.51979e-5,5.34714e-6,-1.54445e-5,-5.07808e-5,4.42304e-7,0.987061473,0.995726502,0.988768582,0.982783161,0.984029691,0.988887973
b604013,sneezy,TRUE,Charles,2017-09-17T21:14:15Z,2017-09-18T09:39:24Z,2017-09-18T10:17:20Z,0.007016142,0.006914151,0.00643075,0.006865029,0.007172161,0.007291597,1.52513e-6,4.66942e-5,-1.44682e-5,3.54994e-6,-4.19284e-5,-4.35299e-6,0.991114643,0.990833053,0.990251265,0.986140743,0.988290892,0.994624763
b513758,dopey,TRUE,Alice,2017-09-18T00:53:57Z,2017-09-18T11:01:46Z,2017-09-18T11:41:54Z,0.006405464,0.006838526,0.007075758,0.007143215,0.007263053,0.00673592,-4.32438e-5,4.38902e-5,-8.00199e-5,-2.58927e-5,4.14913e-5,7.74899e-5,0.987339304,0.994149467,0.987089981,0.986294529,0.982271556,0.983163955
b600060,doc,TRUE,Charles,2017-09-17T20:04:46Z,2017-09-18T09:37:41Z,2017-09-18T10:08:58Z,0.007314276,0.008441664,0.008940215,0.007674284,0.008627584,0.008463928,5.26499e-5,-6.35673e-5,-3.18641e-5,9.71753e-6,-3.99229e-5,2.8317e-5,0.984387985,0.989967866,0.982147447,0.98494377,0.984619701,0.982930661
b871642,sneezy,TRUE,Frank,2017-09-17T20:39:13Z,2017-09-18T11:06:09Z,2017-09-18T11:44:54Z,0.007248192,0.007328073,0.006681092,0.006935512,0.006714565,0.007454152,-7.32383e-5,5.00932e-5,-1.22029e-5,-4.99949e-6,-2.70077e-5,-3.6018e-5,0.987442305,0.981172138,0.988589639,0.983487002,0.987391227,0.987301108
b330919,dopey,TRUE,Charles,2017-09-17T21:27:04Z,2017-09-18T13:05:17Z,2017-09-18T13:40:08Z,0.007089287,0.007068043,0.007644079,0.006960432,0.006623609,0.007104441,-1.65543e-5,2.36186e-5,1.35618e-5,-6.7918e-6,-1.65681e-5,1.75161e-5,0.989546662,0.997112449,0.985211047,0.99260736,0.982616082,0.981455639
b321723,doc,TRUE,Dave,2017-09-18T01:25:38Z,2017-09-18T11:35:16Z,2017-09-18T12:13:33Z,0.007470721,0.007914823,0.008091976,0.006916754,0.007708478,0.00832211,5.41512e-5,1.16083e-5,2.07458e-5,2.38401e-5,-1.59704e-5,7.16396e-5,0.981122879,0.981739352,0.98271677,0.987886953,0.990988412,0.988341625
b179448,happy,TRUE,Alice,2017-09-17T20:26:23Z,2017-09-18T13:19:27Z,2017-09-18T13:57:57Z,0.00722861,0.006698122,0.007315455,0.007398281,0.007405093,0.007088496,-1.34219e-6,-3.77614e-5,-8.38368e-6,-3.17672e-5,1.15136e-5,2.64416e-6,0.998533428,0.985049783,0.98443827,0.983782654,0.991660574,0.983451289
b768001,bashful,TRUE,Charles,2017-09-18T23:31:34Z,2017-09-19T12:17:42Z,2017-09-19T12:47:34Z,0.006988835,0.007196315,0.006774848,0.007413543,0.006844479,0.007449801,-2.8985e-5,-1.03419e-5,1.26399e-5,2.69444e-5,-3.91161e-6,2.52905e-5,0.987962502,0.993309113,0.990979531,0.994093707,0.991585013,0.993280909
b854533,doc,TRUE,Frank,2017-09-18T20:04:03Z,2017-09-19T10:37:06Z,2017-09-19T11:21:39Z,0.009084352,0.007664144,0.008206307,0.009615863,0.010995683,0.008077123,6.2001e-5,-3.06773e-5,3.86299e-6,-3.72603e-5,0,4.35451e-5,0.984223571,0.993510601,0.993343017,0.983543965,1,0.989799754
b782909,sneezy,TRUE,Elizabeth,2017-09-18T20:12:19Z,2017-09-19T12:04:59Z,2017-09-19T12:21:30Z,0.007035838,0.007097427,0.007151335,0.006645592,0.007013597,0.007030797,-3.23538e-5,-5.46645e-5,-2.51981e-6,-9.18485e-6,3.83745e-5,4.14694e-5,0.988238191,0.98664901,0.995202238,0.986405124,0.990642428,0.989906654
b211256,grumpy,TRUE,Alice,2017-09-19T00:58:10Z,2017-09-19T09:04:24Z,2017-09-19T09:33:10Z,0.007532584,0.007119825,0.006477391,0.00719087,0.006216655,0.007177511,4.97313e-5,3.33539e-5,-3.88743e-5,2.10537e-5,-2.39175e-5,4.62578e-5,0.98208494,0.995907359,0.98191344,0.99562636,0.990686064,0.991407815
b657130,bashful,TRUE,Elizabeth,2017-09-18T21:26:17Z,2017-09-19T13:21:17Z,2017-09-19T13:44:17Z,0.007312618,0.007331476,0.006310996,0.007194367,0.006240281,0.006694487,1.73524e-5,-3.81031e-5,2.46497e-6,-8.703e-6,5.73744e-5,3.42329e-5,0.995292545,0.989592635,0.985856373,0.985722905,0.98138758,0.989710876
b502214,sneezy,TRUE,Brad,2017-09-18T21:24:22Z,2017-09-19T11:30:08Z,2017-09-19T12:10:08Z,0.007115897,0.007120102,0.007193575,0.007094898,0.007055921,0.007226073,3.89582e-5,2.05641e-5,-1.22289e-5,4.22815e-5,1.80664e-5,1.64558e-5,0.996611038,0.995971424,0.993319025,0.985273642,0.992520489,0.982443617
b692261,sleepy,TRUE,Elizabeth,2017-09-19T01:17:27Z,2017-09-19T09:43:59Z,2017-09-19T10:06:43Z,0.006477394,0.007976269,0.001348368,0.007185779,0.006210198,0.006930071,-3.50453e-5,-3.91697e-5,-7.18146e-7,-7.48516e-5,-4.27919e-6,7.44096e-6,0.985567477,0.984253475,0.991381784,0.982399022,0.990133902,0.992996665
b182083,sleepy,TRUE,Alice,2017-09-18T21:36:24Z,2017-09-19T13:41:47Z,2017-09-19T14:20:37Z,0.007377158,0.0070611,0.00135331,0.006589209,0.006994503,0.006503665,5.33511e-6,1.03614e-5,3.76345e-6,-1.86917e-5,3.7105e-5,2.77393e-5,0.995301834,0.999364351,0.992957728,0.98419329,0.990418253,0.993577424
b258637,grumpy,TRUE,Frank,2017-09-19T00:18:08Z,2017-09-19T13:04:22Z,2017-09-19T13:32:38Z,0.006661505,0.007019017,0.007411299,0.006211882,0.007262107,0.007316633,8.62445e-6,2.73673e-5,2.43913e-5,-2.473e-5,3.1875500000000003e-05,-1.99209e-5,0.982811207,0.988568422,0.997014023,0.994045042,0.992725463,0.989667023
b790532,grumpy,TRUE,Elizabeth,2017-09-18T22:38:07Z,2017-09-19T13:52:31Z,2017-09-19T14:31:12Z,0.007423402,0.007073645,0.007174455,0.00727578,0.007699464,0.007929129,-2.65607e-5,8.41988e-6,-1.52812e-5,5.47355e-5,-4.53087e-5,2.51968e-5,0.997019486,0.983988988,0.981385208,0.983292946,0.987974702,0.994915359
b545320,happy,TRUE,Dave,2017-09-18T23:05:50Z,2017-09-19T12:47:37Z,2017-09-19T13:27:30Z,0.007252348,0.007715354,0.007326017,0.007038426,0.006927755,0.007418871,2.92215e-5,1.20827e-5,-2.59965e-5,-4.02529e-5,9.53537e-6,-2.60929e-5,0.991521752,0.994620854,0.994842711,0.980018362,0.991900104,0.997121319
b326606,doc,TRUE,Alice,2017-09-19T01:43:36Z,2017-09-19T09:02:46Z,2017-09-19T09:31:55Z,0.007107363,0.006726747,0.006843927,0.008838449,0.008450791,0.007648396,-3.09476e-5,-6.71675e-6,0,-2.08916e-5,-1.62505e-5,-1.12592e-5,0.982714344,0.99195927,1,0.982197499,0.994611062,0.98549665
b694167,sneezy,TRUE,Alice,2017-09-19T00:28:10Z,2017-09-19T09:08:36Z,2017-09-19T09:52:41Z,0.007188027,0.007129151,0.006899725,0.007796108,0.006984298,0.006824711,2.26904e-5,-7.34347e-5,-2.74446e-5,3.21948e-5,-2.08471e-6,4.69683e-5,0.993358541,0.982839976,0.99018282,0.982599592,0.995802838,0.993648391
b371170,grumpy,TRUE,Alice,2017-09-18T23:00:05Z,2017-09-19T12:49:31Z,2017-09-19T13:10:20Z,0.006678256,0.007572073,0.007243636,0.007018231,0.006478464,0.007157995,1.17328e-6,-1.86367e-5,-8.66644e-6,1.75044e-5,3.70788e-5,2.59227e-6,0.986075387,0.998078096,0.996544266,0.994208441,0.99513625000000006,0.995511545
b482145,grumpy,TRUE,Dave,2017-09-18T22:24:49Z,2017-09-19T13:44:54Z,2017-09-19T14:03:37Z,0.007540831,0.007266378,0.006911234,0.006743517,0.007155694,0.006871095,-1.49814e-5,4.03064e-5,4.83099e-5,-9.10592e-6,-3.60256e-5,2.39882e-5,0.993179046,0.98902559,0.986254156,0.988938815,0.991399757,0.994300806
b823650,sleepy,TRUE,Elizabeth,2017-09-18T20:05:40Z,2017-09-19T09:43:40Z,2017-09-19T10:16:25Z,0.006720803,0.007111819,0.001388741,0.00732338,0.007411166,0.006771618,1.31503e-5,6.24323e-5,-4.18454e-6,-6.3603e-5,1.63037e-5,3.25473e-5,0.983835028,0.984267939,0.983047556,0.989349197,0.999130947,0.99257126
b280073,grumpy,TRUE,Dave,2017-09-19T01:18:11Z,2017-09-19T11:53:44Z,2017-09-19T12:23:42Z,0.0072315,0.006878457,0.006445532,0.006578461,0.007754536,0.006927088,-1.17149e-5,-1.78958e-5,-2.99086e-5,-3.61654e-5,-1.12846e-5,-5.93673e-5,0.995930056,0.991324648,0.993987823,0.990333772,0.986133098,0.992461944
b635041,happy,TRUE,Dave,2017-09-19T01:47:15Z,2017-09-19T10:35:42Z,2017-09-19T11:09:51Z,0.006584483,0.007285037,0.006498695,0.007663111,0.007534066,0.007300083,9.05205e-6,2.32212e-5,6.3837e-7,-4.74493e-5,-1.64362e-5,2.27279e-5,0.989488496,0.98146544,0.99000533,0.983560204,0.993187654,0.995388972
b847202,grumpy,TRUE,Frank,2017-09-19T00:08:31Z,2017-09-19T11:39:40Z,2017-09-19T12:02:18Z,0.007232389,0.006589459,0.007455639,0.006884418,0.006844973,0.00684757,-3.58151e-5,5.3743e-5,-9.48673e-6,1.61746e-5,1.4843e-5,-2.80991e-5,0.984773577,0.98899965,0.990696841,0.997485231,0.991545532,0.995264879
b124225,bashful,TRUE,Brad,2017-09-19T01:46:35Z,2017-09-19T10:59:07Z,2017-09-19T11:36:49Z,0.006551633,0.006867237,0.006614911,0.007233074,0.007250281,0.006888681,-2.83306e-5,-1.35414e-5,-6.70641e-6,4.43977e-5,-2.61423e-5,3.21213e-5,0.99134911,0.987450804,0.995165119,0.983862179,0.98604601,0.984356817
b274648,happy,TRUE,Elizabeth,2017-09-19T21:01:58Z,2017-09-20T13:48:13Z,2017-09-20T14:26:58Z,0.006779116,0.007097954,0.007370422,0.007357283,0.007113595,0.007479592,9.17602e-6,-3.74155e-5,5.33436e-5,-1.52864e-5,-5.2580900000000003e-05,6.56735e-6,0.994191089,0.995392961,0.990674903,0.997413379,0.980306454,0.989246102
b841878,happy,TRUE,Alice,2017-09-19T22:57:24Z,2017-09-20T11:22:09Z,2017-09-20T11:46:43Z,0.00738466,0.006791586,0.006420537,0.006471742,0.007487598,0.00704326,-9.7523e-6,5.34914e-5,-7.96734e-6,9.04284e-6,1.92324e-6,1.38254e-5,0.988480829,0.989212195,0.988386155,0.994497356,0.997148789,0.994180939
b352554,bashful,TRUE,Brad,2017-09-20T00:08:44Z,2017-09-20T12:37:59Z,2017-09-20T12:57:47Z,0.007594859,0.006471622,0.006566803,0.007517773,0.006598138,0.006770094,-1.53534e-5,3.00699e-5,2.3621e-5,9.09595e-7,-2.08193e-5,4.87741e-6,0.997128143,0.986855914,0.98939639,0.999232835,0.989823865,0.984865653
b453891,bashful,TRUE,Charles,2017-09-19T23:39:43Z,2017-09-20T11:51:20Z,2017-09-20T12:30:36Z,0.008548452,0.007323136,0.006965285,0.006980271,0.0068286,0.006761149,5.63193e-6,-1.02064e-5,-3.42637e-5,2.36692e-5,-3.56266e-5,-1.0353e-5,0.996293421,0.999007992,0.982128827,0.992432235,0.993064111,0.99879176
b827308,doc,TRUE,Brad,2017-09-19T21:25:39Z,2017-09-20T12:24:21Z,2017-09-20T13:07:33Z,0.007821694,0.008633556,0.008893668,0.008812968,0.007987303,0.007989738,7.17468e-6,3.83615e-5,-5.15774e-5,-1.89715e-5,0,-1.56074e-5,0.988184236,0.991105426,0.980701791,0.994636304,1,0.983734094
b108477,dopey,TRUE,Frank,2017-09-19T20:46:50Z,2017-09-20T10:19:46Z,2017-09-20T10:51:18Z,0.007301418,0.006905941,0.006793394,0.007203104,0.007519595,0.007247283,1.1144e-5,-3.00449e-5,-7.3294e-6,2.31629e-5,3.79555e-5,-1.63195e-5,0.995296565,0.994244988,0.998012728,0.992849238,0.992305871,0.993155236
b856412,happy,TRUE,Charles,2017-09-19T20:46:28Z,2017-09-20T12:03:22Z,2017-09-20T12:43:42Z,0.007462082,0.006858139,0.006993178,0.007552038,0.006783545,0.007300342,-5.06763e-7,4.41692e-5,6.44036e-6,-2.56323e-5,2.53862e-5,1.47139e-5,0.985942848,0.993713345,0.982229268,0.986799832,0.988509661,0.994532223
b893970,happy,TRUE,Frank,2017-09-19T22:34:45Z,2017-09-20T09:09:10Z,2017-09-20T09:29:13Z,0.007228409,0.006668035,0.006845569,0.006954891,0.00705672,0.006410342,-3.37544e-5,9.85285e-6,1.38503e-5,-1.58751e-5,-8.25523e-6,-4.7794e-6,0.994210964,0.989863631,0.995892813,0.992481335,0.995918595,0.994551517
b642412,dopey,TRUE,Brad,2017-09-19T23:34:15Z,2017-09-20T10:08:50Z,2017-09-20T10:32:58Z,0.007053392,0.006935533,0.007618857,0.007076243,0.006939244,0.005997423,7.00215e-5,-1.99085e-5,-1.65804e-5,4.1751e-5,-5.02855e-5,-4.12266e-5,0.983730068,0.994752858,0.991018138,0.991101376,0.986695043,0.98208666
b432724,happy,TRUE,Dave,2017-09-19T20:18:19Z,2017-09-20T11:25:35Z,2017-09-20T11:55:19Z,0.006903511,0.007537179,0.006777,0.006691893,0.007387583,0.006775236,1.67107e-5,7.83816e-6,-3.17763e-6,4.04892e-5,2.67421e-5,5.68688e-5,0.990194271,0.998514304,0.994815093,0.990474421,0.989429534,0.990692554
b283999,doc,TRUE,Alice,2017-09-19T20:58:18Z,2017-09-20T13:19:33Z,2017-09-20T14:03:06Z,0.007679372,0.008278246,0.008435598,0.008429596,0.007661851,0.008396754,7.06814e-6,-1.1228e-5,2.92786e-5,-1.5166e-5,-3.98929e-5,6.63912e-5,0.98998543,0.997647072,0.98720353,0.992932899,0.980323854,0.987046906
b215155,happy,TRUE,Elizabeth,2017-09-20T01:22:48Z,2017-09-20T12:06:07Z,2017-09-20T12:24:01Z,0.006730509,0.007181568,0.007277097,0.007481573,0.007262239,0.006585472,5.20716e-6,-1.37127e-5,9.60302e-6,4.77744e-5,-3.40065e-5,-6.01151e-5,0.995452119,0.99385861,0.984992818,0.982248537,0.990786632,0.983206833
b700987,happy,TRUE,Charles,2017-09-19T21:04:20Z,2017-09-20T13:32:07Z,2017-09-20T14:08:34Z,0.007083612,0.007238683,0.006537998,0.007304062,0.006757193,0.007071327,1.60318e-5,2.42666e-5,1.62687e-5,-3.65614e-5,-1.40015e-5,3.90778e-5,0.988045239,0.989619975,0.984685407,0.994531259,0.990082684,0.992316542
b364707,dopey,TRUE,Frank,2017-09-19T21:24:50Z,2017-09-20T13:08:19Z,2017-09-20T13:45:23Z,0.007221751,0.005985731,0.00641209,0.006643213,0.006942967,0.007273218,-3.61119e-5,6.06921e-5,2.8062e-5,1.54557e-5,-3.24964e-5,2.70248e-5,0.985945509,0.981784823,0.982938996,0.998469453,0.992552684,0.988744187
b454234,doc,TRUE,Frank,2017-09-19T21:15:14Z,2017-09-20T10:27:21Z,2017-09-20T10:54:19Z,0.008343534,0.007982048,0.007109422,0.008600125,0.007136466,0.007860702,5.30337e-6,-2.57715e-5,-2.11946e-6,1.72105e-5,-1.07733e-6,-8.12105e-7,0.982079586,0.991354797,0.991648154,0.98356286,0.984102951,0.982889374
b189020,doc,TRUE,Dave,2017-09-20T01:55:29Z,2017-09-20T12:36:40Z,2017-09-20T13:03:43Z,0.008120238,0.007531183,0.008858469,0.008690568,0.008048255,0.008186272,-2.26809e-5,1.99293e-5,-3.14224e-5,8.87313e-5,-1.72921e-5,-6.67393e-6,0.994579711,0.981263676,0.98366427,0.9855902,0.991517689,0.998576495
b601338,dopey,TRUE,Charles,2017-09-19T21:40:37Z,2017-09-20T10:39:28Z,2017-09-20T11:10:19Z,0.006604037,0.006548489,0.006959806,0.0074395,0.006881749,0.00742829,-3.32523e-5,3.75097e-5,1.03669e-5,-1.09208e-5,-4.16137e-5,-4.82194e-6,0.989562129,0.981064174,0.995231471,0.997997011,0.994802833,0.997973575
b188683,sneezy,TRUE,Elizabeth,2017-09-19T21:35:47Z,2017-09-20T13:50:47Z,2017-09-20T14:08:23Z,0.007160888,0.006598417,0.007114514,0.006980848,0.006941171,0.006550574,-3.94873e-5,1.77436e-6,-2.42268e-5,-3.1089e-5,2.16017e-5,-2.66885e-6,0.986175467,0.993762711,0.996118171,0.982177758,0.991932279,0.990677081
b139451,sneezy,TRUE,Elizabeth,2017-09-19T22:19:50Z,2017-09-20T12:06:23Z,2017-09-20T12:46:27Z,0.00730163,0.007877128,0.006665939,0.007282253,0.006806513,0.006369619,1.83874e-5,-1.61231e-5,-4.72222e-5,2.8143e-5,-6.13208e-6,1.22575e-5,0.991513625,0.993295138,0.983109013,0.994746049,0.985520599,0.986277829
b527646,bashful,TRUE,Frank,2017-09-19T21:51:25Z,2017-09-20T09:18:36Z,2017-09-20T09:50:43Z,0.006589759,0.007055411,0.007021457,0.007217854,0.006652529,0.007445624,-4.12433e-5,-2.24316e-5,3.9285e-6,2.05509e-6,7.49516e-5,4.48855e-5,0.980859852,0.996483571,0.993088636,0.987449776,0.98045596,0.987926862
b652236,happy,TRUE,Elizabeth,2017-09-20T22:09:41Z,2017-09-21T09:09:32Z,2017-09-21T09:47:15Z,0.006080575,0.006558581,0.006268643,0.007458917,0.006744448,0.006548119,-2.1216e-7,-3.45693e-5,-4.06318e-5,-1.30974e-5,4.92924e-5,-8.47844e-5,0.997101913,0.990316143,0.981545033,0.997943447,0.991254813,0.980151098
b337613,happy,TRUE,Dave,2017-09-20T20:23:13Z,2017-09-21T10:16:32Z,2017-09-21T10:40:31Z,0.006377258,0.006211142,0.007171534,0.006388798,0.007979643,0.006943382,-2.48867e-5,7.32484e-7,-3.38221e-5,2.83215e-5,3.29376e-5,-4.5939e-5,0.992549924,0.981656559,0.984192821,0.992982395,0.990348849,0.988542176
b337683,sleepy,TRUE,Frank,2017-09-20T21:45:18Z,2017-09-21T13:47:27Z,2017-09-21T14:16:02Z,0.007522833,0.006914697,0.001384344,0.007297189,0.006631009,0.006622094,3.74551e-5,-2.58486e-6,-8.40787e-7,-4.099e-6,3.34863e-5,1.0119e-5,0.9906137,0.996853789,0.986210391,0.998416867,0.98374075,0.99200763300000006
b614307,happy,TRUE,Dave,2017-09-20T20:32:48Z,2017-09-21T10:19:39Z,2017-09-21T11:02:18Z,0.006876238,0.007164783,0.006464192,0.007148775,0.007221627,0.007243036,1.67626e-5,1.45643e-5,3.12948e-5,2.22849e-5,2.60449e-6,-6.50397e-6,0.997986261,0.982410655,0.986243877,0.984401578,0.990708974,0.995272319
b344797,doc,TRUE,Alice,2017-09-20T21:39:52Z,2017-09-21T09:51:21Z,2017-09-21T10:12:56Z,0.007746075,0.008310509,0.00734643,0.009107236,0.007915752,0.00786229,2.1734e-5,-2.556e-6,-5.4142499999999994e-20,-7.5279e-5,-6.09947e-5,-9.49644e-6,0.99169679,0.992364769,1,0.991228984,0.984379493,0.98722725
b587691,doc,TRUE,Elizabeth,2017-09-20T22:10:03Z,2017-09-21T13:46:40Z,2017-09-21T14:26:05Z,0.009269689,0.00863872,0.006402915,0.007847557,0.007983503,0.010112882,-3.72928e-5,3.57993e-5,5.59713e-6,2.08644e-5,-4.08223e-5,0,0.993273402,0.982141793,0.992412747,0.987562737,0.993233066,1
b381811,sneezy,TRUE,Dave,2017-09-20T22:34:30Z,2017-09-21T10:28:51Z,2017-09-21T10:52:54Z,0.00740581,0.006894361,0.006976278,0.006553965,0.006774811,0.006548528,-1.34312e-6,-3.77214e-5,1.56991e-5,2.98749e-5,1.9142e-5,-3.13361e-5,0.994674158,0.989171789,0.999224946,0.990363641,0.993558756,0.99145911900000006
b623433,bashful,TRUE,Brad,2017-09-20T22:08:51Z,2017-09-21T10:43:25Z,2017-09-21T11:06:53Z,0.007292457,0.007060313,0.007139204,0.006970782,0.006330965,0.006510786,-4.29805e-5,3.01629e-5,-3.0565e-6,1.81184e-5,5.41161e-5,1.53483e-5,0.985014233,0.988575885,0.99427081,0.988757563,0.98618784,0.995126621
b301867,sleepy,TRUE,Brad,2017-09-20T21:33:35Z,2017-09-21T09:13:43Z,2017-09-21T09:47:56Z,0.007276131,0.006642722,0.001550113,0.007203424,0.006526035,0.00684982,-6.51206e-5,-2.21438e-5,-8.61401e-6,-4.16747e-5,4.38585e-6,-1.85667e-5,0.989659362,0.996200926,0.991291958,0.993022671,0.987133298,0.996511386
b543891,sneezy,TRUE,Charles,2017-09-20T21:45:21Z,2017-09-21T11:09:45Z,2017-09-21T11:32:37Z,0.00744193,0.006859529,0.006852051,0.007430125,0.007236946,0.007242709,-1.69414e-5,-5.57279e-5,6.33188e-6,1.73978e-5,6.2104e-5,1.16652e-5,0.990121937,0.990178881,0.986862157,0.998018419,0.98385005699999994,0.98700499
b687103,happy,TRUE,Frank,2017-09-20T23:09:07Z,2017-09-21T12:22:39Z,2017-09-21T12:43:51Z,0.007125777,0.007215894,0.007544888,0.006105458,0.006884536,0.007152601,-1.69067e-5,-4.03289e-5,6.56641e-5,-2.72786e-6,5.34488e-5,-1.10213e-6,0.991473236,0.985055632,0.982197234,0.9936275,0.981216588,0.990233989
b129827,bashful,TRUE,Dave,2017-09-21T01:50:29Z,2017-09-21T11:52:26Z,2017-09-21T12:23:45Z,0.007324998,0.006483503,0.007054167,0.00725041,0.006956373,0.006938726,-3.66473e-5,-9.51895e-7,-3.63887e-7,8.72481e-6,-5.93908e-6,-1.06843e-5,0.988708462,0.984745891,0.994510414,0.994765168,0.987208245,0.984046288
b491912,dopey,TRUE,Dave,2017-09-20T22:32:15Z,2017-09-21T09:34:14Z,2017-09-21T10:01:08Z,0.006513145,0.007178637,0.006955044,0.007145763,0.006957709,0.007127125,2.28034e-5,-4.64884e-5,1.36814e-6,-5.80602e-6,5.37518e-5,-4.27932e-6,0.981298239,0.992160223,0.985611278,0.989999406,0.983706372,0.997209866
b110866,bashful,TRUE,Alice,2017-09-20T20:59:19Z,2017-09-21T13:59:31Z,2017-09-21T14:29:11Z,0.00682662,0.007126247,0.007880582,0.006893091,0.007164907,0.006173964,-1.31402e-5,2.97529e-7,-3.20772e-6,-4.83323e-5,-1.49794e-5,-2.50922e-5,0.991251025,0.990714923,0.994608221,0.987535053,0.997672517,0.991729457
b486508,bashful,TRUE,Charles,2017-09-21T01:11:04Z,2017-09-21T09:31:26Z,2017-09-21T10:05:06Z,0.007182695,0.006995307,0.008058072,0.007222944,0.007461537,0.007037999,-3.37623e-5,2.68152e-5,3.13991e-5,4.97716e-5,6.83833e-5,-1.41414e-5,0.992871058,0.992373155,0.989472999,0.991270993,0.985585752,0.996729624
b875994,doc,TRUE,Elizabeth,2017-09-20T21:00:54Z,2017-09-21T09:42:23Z,2017-09-21T10:13:54Z,0.007830494,0.007897063,0.006894134,0.009429676,0.008900082,0.00697606,5.89776e-6,5.34742e-5,4.8665e-5,-2.69354e-5,-9.59485e-6,0,0.981742533,0.992605607,0.990401777,0.981439869,0.983728413,1
b339644,dopey,TRUE,Alice,2017-09-20T23:30:44Z,2017-09-21T10:18:31Z,2017-09-21T10:43:40Z,0.006662957,0.0068127,0.007073283,0.007318422,0.006314565,0.007546555,-1.34093e-5,-4.14354e-5,1.59605e-5,1.90786e-5,2.43422e-6,-3.06907e-5,0.997598159,0.994608931,0.991530394,0.99419997,0.986055504,0.982273877
b305963,sleepy,TRUE,Charles,2017-09-20T21:04:45Z,2017-09-21T09:13:15Z,2017-09-21T09:46:04Z,0.007498824,0.006611873,0.001435863,0.006772313,0.006716709,0.006817595,1.18371e-5,-4.45138e-5,2.55992e-6,-1.4275e-5,1.81053e-5,1.50977e-5,0.998350856,0.987141744,0.990749377,0.989169889,0.99006631,0.992793674
b595470,grumpy,TRUE,Alice,2017-09-21T00:53:02Z,2017-09-21T11:07:45Z,2017-09-21T11:26:54Z,0.006515137,0.007013127,0.006820177,0.00677361,0.006764367,0.006831556,-4.81733e-5,-4.738e-5,-8.56374e-6,-3.52323e-5,4.20072e-5,3.87084e-6,0.994026696,0.987870147,0.995452258,0.982782432,0.98989852,0.989065775
b796720,doc,TRUE,Alice,2017-09-20T21:18:04Z,2017-09-21T10:42:29Z,2017-09-21T11:22:21Z,0.008093106,0.007881548,0.008569924,0.008478315,0.008815318,0.008408506,-2.68449e-5,2.07161e-6,2.8402e-5,8.21263e-5,-1.73268e-5,-6.1853e-6,0.98712664,0.996167475,0.981586319,0.984897744,0.985067372,0.988020662
b205965,doc,TRUE,Alice,2017-09-21T22:36:55Z,2017-09-22T13:43:24Z,2017-09-22T13:58:31Z,0.00800319,0.007997488,0.007811999,0.007761633,0.007716995,0.007788109,9.28818e-5,-3.41823e-5,2.10471e-5,2.41817e-5,-7.18097e-6,-2.25724e-5,0.981540649,0.989619673,0.994328593,0.984617876,0.981172413,0.982516216
b182421,doc,TRUE,Dave,2017-09-21T23:29:13Z,2017-09-22T09:19:16Z,2017-09-22T10:03:02Z,0.007975339,0.008338814,0.007353663,0.007240631,0.008075401,0.008009661,-8.27828e-6,-7.34251e-5,8.04722e-6,5.21642e-5,6.22921e-6,2.46657e-5,0.990185435,0.987063872,0.989286748,0.984616237,0.984121544,0.980131887
b828778,doc,TRUE,Dave,2017-09-22T01:36:05Z,2017-09-22T09:28:47Z,2017-09-22T09:52:50Z,0.008652775,0.008479197,0.007604923,0.007143963,0.009759517,0.007862956,3.32862e-5,-9.03206e-6,2.8619e-5,-2.44632e-5,-7.14172e-5,-3.97184e-6,0.985667545,0.993325787,0.995494444,0.990350802,0.986617966,0.995633211
b643959,doc,TRUE,Frank,2017-09-22T01:23:34Z,2017-09-22T09:27:59Z,2017-09-22T10:10:52Z,0.008153915,0.007280214,0.007826001,0.008484545,0.006977724,0.008532708,3.24872e-6,-3.16712e-5,-4.15288e-5,-1.78322e-5,2.90702e-5,-8.43934e-7,0.98125314,0.986472673,0.984773056,0.986922786,0.984576615,0.992538345
b403916,grumpy,TRUE,Frank,2017-09-21T22:01:06Z,2017-09-22T12:48:13Z,2017-09-22T13:09:25Z,0.006753122,0.007060142,0.007121579,0.007049675,0.006820684,0.006907711,-3.36163e-5,4.61262e-5,-1.46478e-6,-6.70699e-5,-2.19854e-5,1.3406e-5,0.99021244,0.991438176,0.998956186,0.985794794,0.996490196,0.995865009
b582377,bashful,TRUE,Elizabeth,2017-09-22T00:20:49Z,2017-09-22T12:29:56Z,2017-09-22T13:06:18Z,0.006189886,0.007389996,0.007135711,0.006887388,0.006522811,0.006835398,-1.23004e-5,-8.68597e-6,3.80893e-5,4.78009e-6,8.10218e-6,5.30233e-5,0.993576528,0.986581597,0.990369075,0.996922077,0.991056834,0.987299794
b205127,sleepy,TRUE,Brad,2017-09-22T01:03:21Z,2017-09-22T09:36:52Z,2017-09-22T10:16:14Z,0.006685325,0.007086513,0.001443984,0.006888185,0.006803668,0.006639794,-1.46107e-5,-2.06405e-5,1.00105e-6,3.34874e-5,4.18065e-5,1.32877e-5,0.99567054,0.986250611,0.99170526,0.984605222,0.991452718,0.98237772
b638566,bashful,TRUE,Alice,2017-09-21T20:48:22Z,2017-09-22T13:35:24Z,2017-09-22T13:53:02Z,0.006874392,0.006338943,0.006545969,0.007365559,0.007511302,0.007100866,1.29035e-5,-3.30348e-5,-5.31684e-6,3.7007e-5,-5.40365e-5,5.0441e-7,0.99167846,0.986652275,0.980822656,0.983229272,0.987295941,0.98947576
b494209,grumpy,TRUE,Charles,2017-09-21T21:22:42Z,2017-09-22T09:57:04Z,2017-09-22T10:23:31Z,0.007674125,0.006911689,0.007580376,0.006491101,0.007190054,0.006300232,3.23669e-6,2.47742e-5,3.55924e-5,-2.81298e-5,7.26227e-6,4.8132e-5,0.992040034,0.98661789,0.989529421,0.983946535,0.989753669,0.992861101
b466110,happy,TRUE,Charles,2017-09-21T21:54:24Z,2017-09-22T13:29:00Z,2017-09-22T13:56:55Z,0.006163,0.006819321,0.006687871,0.006992233,0.00704946,0.006580583,5.47559e-5,-3.25217e-5,5.04817e-5,-4.76401e-6,1.33245e-5,-1.18341e-5,0.988458259,0.985483229,0.982724901,0.988910893,0.991095796,0.990345186
b173069,grumpy,TRUE,Charles,2017-09-21T21:42:25Z,2017-09-22T13:57:00Z,2017-09-22T14:37:50Z,0.007499395,0.007586203,0.006952475,0.007128164,0.006886033,0.006354407,-5.13699e-5,3.58906e-5,4.23127e-5,-1.05736e-5,-2.04249e-6,6.78399e-5,0.987893337,0.9969667,0.994901246,0.993337135,0.985742405,0.983614021
b800338,grumpy,TRUE,Charles,2017-09-21T20:21:47Z,2017-09-22T12:41:47Z,2017-09-22T13:08:02Z,0.007042419,0.006792242,0.007439904,0.00729784,0.007222192,0.006964681,-1.60604e-5,-1.44327e-6,2.83337e-5,-1.34738e-6,4.90418e-5,-8.5171e-6,0.993740962,0.982002393,0.991114572,0.994948393,0.986997358,0.998296847
b229377,sleepy,TRUE,Alice,2017-09-21T21:23:15Z,2017-09-22T13:59:16Z,2017-09-22T14:43:36Z,0.006694431,0.007225843,0.001297511,0.007075692,0.006891226,0.006774745,-2.33409e-5,-3.63297e-5,-5.69932e-6,1.89789e-5,4.53639e-6,3.43831e-5,0.998315532,0.990781978,0.993896523,0.99619597,0.992923959,0.992351689
b791353,bashful,TRUE,Elizabeth,2017-09-22T01:59:34Z,2017-09-22T10:58:35Z,2017-09-22T11:23:09Z,0.006521184,0.006943934,0.006458943,0.007148289,0.007349139,0.007176273,-5.79103e-6,-9.88471e-6,6.2997e-5,-3.16818e-6,-5.65833e-5,1.49228e-5,0.994662927,0.987503443,0.985220687,0.996698902,0.993537425,0.992050748
b751277,doc,TRUE,Frank,2017-09-21T20:25:54Z,2017-09-22T11:44:00Z,2017-09-22T12:28:57Z,0.007997481,0.008328513,0.007958933,0.007565965,0.008103184,0.00741165,1.66041e-5,5.41676e-5,1.14125e-6,-2.61258e-5,3.83074e-5,3.01873e-5,0.993590049,0.989085898,0.984173302,0.982762236,0.98549889,0.987858973
b192006,sneezy,TRUE,Frank,2017-09-21T20:48:33Z,2017-09-22T12:50:56Z,2017-09-22T13:12:41Z,0.006644767,0.006859872,0.006617017,0.007171263,0.007098208,0.006598369,2.15008e-5,-4.81833e-6,-2.07341e-5,1.30623e-5,-8.15028e-7,-8.28595e-6,0.984702191,0.994741184,0.993109362,0.985630149,0.984416212,0.994630161
b633481,sleepy,TRUE,Brad,2017-09-22T00:13:41Z,2017-09-22T12:24:27Z,2017-09-22T12:42:38Z,0.006941712,0.007078937,0.001395501,0.007040828,0.007419803,0.006783816,-3.43685e-7,-2.34908e-5,5.80301e-6,1.27376e-5,8.41236e-5,9.10224e-6,0.990704964,0.995501234,0.987551062,0.990624901,0.983232594,0.983833512
b860885,bashful,TRUE,Charles,2017-09-21T22:42:41Z,2017-09-22T09:15:40Z,2017-09-22T09:46:41Z,0.006687609,0.00666561,0.007227596,0.007322997,0.007191699,0.006918169,-8.78433e-6,1.18846e-5,-2.26671e-5,-8.03665e-6,3.80252e-5,1.04033e-5,0.988446915,0.995770295,0.992590631,0.994241063,0.994510869,0.986097367
b692741,bashful,TRUE,Alice,2017-09-22T00:46:35Z,2017-09-22T10:20:57Z,2017-09-22T10:54:56Z,0.006365838,0.006032423,0.007444144,0.00713984,0.006792622,0.007467537,-2.88801e-5,5.23489e-5,-2.01119e-5,-1.76938e-5,7.2058e-5,1.07302e-5,0.997400661,0.989155892,0.996689181,0.991859584,0.985395617,0.990559498
b544314,sneezy,TRUE,Elizabeth,2017-09-21T21:31:02Z,2017-09-22T09:22:53Z,2017-09-22T09:42:19Z,0.006434693,0.00710739,0.006925804,0.007016788,0.006751813,0.007373329,6.02969e-6,-5.13601e-6,-4.64418e-7,9.67563e-6,1.51787e-5,4.86363e-5,0.998421547,0.9929783,0.989359762,0.993968357,0.989174403,0.993867731
b484983,grumpy,TRUE,Frank,2017-09-22T21:14:04Z,2017-09-23T13:41:36Z,2017-09-23T13:56:52Z,0.0067209,0.00685881,0.006909409,0.007415566,0.006686855,0.006747699,-1.60506e-5,2.19509e-5,3.36395e-5,-1.47203e-7,8.23021e-6,-1.54732e-5,0.997172729,0.994627641,0.987629344,0.995933475,0.994173954,0.992311703
b539630,doc,TRUE,Elizabeth,2017-09-22T21:46:26Z,2017-09-23T11:17:52Z,2017-09-23T11:57:05Z,0.009662708,0.008575678,0.00764973,0.007728897,0.010065068,0.008600726,-5.1051e-5,-5.48714e-5,9.40932e-6,3.48945e-6,0,-6.40991e-6,0.992044146,0.983719117,0.986633352,0.984866832,1,0.996436556
b393716,sneezy,TRUE,Frank,2017-09-22T23:41:52Z,2017-09-23T12:26:31Z,2017-09-23T13:00:01Z,0.003364188,0.003460658,0.003679045,0.00364054,0.003237041,0.00345646,-1.25305e-5,1.52986e-5,-7.94683e-6,7.83283e-6,2.62532e-5,-6.74349e-6,0.993310276,0.995713252,0.993801912,0.990423925,0.984467167,0.987646446
b763381,dopey,TRUE,Elizabeth,2017-09-22T22:25:04Z,2017-09-23T09:46:22Z,2017-09-23T10:11:46Z,0.006944321,0.006997472,0.007363995,0.007248718,0.00742257,0.006778641,3.37471e-5,3.36722e-5,-1.49473e-5,-3.22625e-5,1.21938e-6,-5.93958e-5,0.980904434,0.98899871,0.996918998,0.992044828,0.998433741,0.988152659
b505105,grumpy,TRUE,Charles,2017-09-22T22:01:27Z,2017-09-23T11:19:26Z,2017-09-23T11:47:16Z,0.007722836,0.00738678,0.00739029,0.007095039,0.007177668,0.006987743,-1.016e-5,-1.76871e-5,1.90908e-5,3.77732e-6,-5.40487e-5,-4.03641e-5,0.991767834,0.996132552,0.995722518,0.983714296,0.985283389,0.990722057
b831908,bashful,TRUE,Elizabeth,2017-09-23T01:19:55Z,2017-09-23T11:51:28Z,2017-09-23T12:15:55Z,0.007165625,0.006498154,0.007159877,0.007605867,0.006874973,0.007529618,3.49088e-5,-3.83839e-5,3.96479e-5,3.59976e-6,-6.48421e-5,-3.91535e-5,0.98188139,0.982028025,0.989435704,0.993263565,0.9888641,0.989296254
b476764,sneezy,TRUE,Frank,2017-09-22T22:34:57Z,2017-09-23T10:52:30Z,2017-09-23T11:15:28Z,0.006879368,0.007394542,0.007138967,0.006947526,0.007125616,0.006671267,-4.93353e-5,-5.83906e-5,2.24645e-5,1.98528e-5,2.82226e-5,-1.72344e-5,0.987399812,0.987350361,0.989776614,0.99296154,0.982922255,0.988872058
b308430,dopey,TRUE,Elizabeth,2017-09-23T01:07:05Z,2017-09-23T11:27:02Z,2017-09-23T12:11:55Z,0.007067498,0.006793017,0.00716799,0.006426662,0.006185833,0.006709346,6.44808e-6,-5.81649e-5,1.17214e-7,-1.39682e-5,1.02109e-5,8.46277e-6,0.983363314,0.991110497,0.988826035,0.998243096,0.995912288,0.996663459
b707157,bashful,TRUE,Dave,2017-09-23T00:40:16Z,2017-09-23T11:58:54Z,2017-09-23T12:33:13Z,0.007243955,0.007132317,0.006414369,0.006911145,0.006960222,0.007219805,1.17541e-5,2.10437e-5,4.01608e-6,-1.07763e-6,-2.45636e-5,6.30769e-5,0.986666569,0.996587519,0.994873797,0.982243186,0.987921943,0.986827399
b802465,sneezy,TRUE,Brad,2017-09-22T23:59:25Z,2017-09-23T09:17:19Z,2017-09-23T09:57:42Z,0.006453772,0.006975492,0.007618245,0.006874955,0.006987366,0.006749015,2.71598e-5,-3.03722e-5,-3.1296e-5,2.51255e-5,9.63451e-6,2.39252e-5,0.988871676,0.995974177,0.986946227,0.9860228,0.98337441,0.990549992
b538613,doc,TRUE,Dave,2017-09-23T01:06:38Z,2017-09-23T12:30:33Z,2017-09-23T13:09:25Z,0.009258405,0.008134801,0.005861423,0.008291088,0.009096049,0.007971274,-3.57783e-5,6.51388e-6,-4.09793e-6,4.8758e-5,2.37894e-5,4.90823e-5,0.992313759,0.993120497,0.989120671,0.993180363,0.987717186,0.986016472
b879959,sleepy,TRUE,Charles,2017-09-22T22:40:05Z,2017-09-23T13:04:48Z,2017-09-23T13:29:12Z,0.007627047,0.00666656,0.001423121,0.007168616,0.006942606,0.007034166,-5.65846e-5,-7.04282e-6,1.11624e-5,-3.80686e-5,2.02823e-5,-1.43371e-5,0.986687499,0.997337061,0.988168427,0.99217659,0.990242923,0.996956493
b468848,sleepy,TRUE,Brad,2017-09-23T01:18:44Z,2017-09-23T11:01:13Z,2017-09-23T11:27:42Z,0.007045427,0.006793002,0.001350727,0.007328418,0.007177458,0.007053451,-2.78429e-5,-2.70306e-6,-5.94166e-6,-3.08742e-6,8.54281e-7,-1.16377e-5,0.993147612,0.984630571,0.987127529,0.988438916,0.995932565,0.997092133
b180015,bashful,TRUE,Brad,2017-09-22T23:38:35Z,2017-09-23T13:22:57Z,2017-09-23T14:02:20Z,0.006919694,0.00688142,0.007133396,0.006663672,0.006791364,0.006583181,-4.29566e-5,-3.50519e-5,-1.26057e-5,-4.96774e-6,1.81941e-5,2.94984e-5,0.988619104,0.986990536,0.988901799,0.988685035,0.991051657,0.986772467
b188280,dopey,TRUE,Elizabeth,2017-09-22T20:36:42Z,2017-09-23T12:56:32Z,2017-09-23T13:16:51Z,0.006656817,0.006168818,0.006871233,0.007564718,0.006609044,0.00743295,1.00508e-5,2.19165e-5,-1.48758e-5,1.35499e-5,-5.92644e-6,5.16141e-6,0.991463799,0.994900795,0.980789061,0.987313253,0.986493424,0.980807835
b414608,dopey,TRUE,Alice,2017-09-22T21:02:40Z,2017-09-23T11:22:04Z,2017-09-23T11:52:01Z,0.006857169,0.00712573,0.006561459,0.006707233,0.006651934,0.006879797,4.77496e-5,-3.67137e-5,1.31214e-5,-9.91672e-6,1.51459e-5,-1.30415e-6,0.990116105,0.994013923,0.994923041,0.988215672,0.988854046,0.999529391
b240562,happy,TRUE,Elizabeth,2017-09-22T23:48:33Z,2017-09-23T12:26:07Z,2017-09-23T13:09:00Z,0.007266793,0.006762018,0.006587663,0.006538963,0.006950437,0.006928446,6.19839e-5,3.90829e-5,1.26314e-5,3.98822e-6,-1.71314e-5,-3.77689e-6,0.991619624,0.983018948,0.993590108,0.98213975,0.987438231,0.988701008
b831941,grumpy,TRUE,Frank,2017-09-22T23:35:32Z,2017-09-23T10:39:29Z,2017-09-23T11:15:08Z,0.007694864,0.007023638,0.00710544,0.007006174,0.006818538,0.00697703,-3.73402e-5,1.66069e-5,2.84328e-5,3.06772e-5,1.2502e-5,-2.29003e-5,0.985100406,0.992427559,0.988536448,0.985460171,0.99322876,0.990321829
b859356,sleepy,TRUE,Elizabeth,2017-09-22T22:08:50Z,2017-09-23T13:28:53Z,2017-09-23T13:53:36Z,0.006715229,0.007470817,0.001396254,0.007084283,0.006515817,0.006728719,4.70358e-5,3.87528e-5,-5.72633e-6,4.60204e-6,-3.21347e-5,-2.34035e-6,0.985542411,0.988930417,0.99151574,0.983334818,0.981971079,0.995901415
b336968,happy,TRUE,Elizabeth,2017-09-23T00:50:16Z,2017-09-23T13:42:52Z,2017-09-23T14:00:42Z,0.007242309,0.006357631,0.006579872,0.007650418,0.006850561,0.00694622,-1.09859e-5,-4.55435e-6,-4.39734e-5,-1.26712e-5,-5.46905e-5,3.20283e-5,0.991686582,0.997235331,0.981226673,0.985266045,0.984749123,0.983830342
b673284,happy,TRUE,Frank,2017-09-24T01:19:32Z,2017-09-24T09:26:53Z,2017-09-24T09:58:02Z,0.006851654,0.007080305,0.007100009,0.007381775,0.007691412,0.007074981,-1.11899e-5,3.79379e-5,-1.22239e-5,-2.68e-5,-2.57908e-5,6.62074e-6,0.997090499,0.987543086,0.998710853,0.994513207,0.993206471,0.995217341
b677699,sleepy,TRUE,Frank,2017-09-24T01:03:03Z,2017-09-24T12:16:03Z,2017-09-24T12:46:14Z,0.007036708,0.007342671,0.001426245,0.006420024,0.00682591,0.007501826,5.19525e-5,-4.39346e-6,-2.08933e-6,3.18011e-5,-9.79003e-6,8.33551e-6,0.990582961,0.987952134,0.994009559,0.987056156,0.982067122,0.982662607
b552407,happy,TRUE,Dave,2017-09-24T00:50:31Z,2017-09-24T10:13:22Z,2017-09-24T10:33:56Z,0.006977858,0.006645982,0.007350184,0.007491171,0.006841254,0.006963144,4.54422e-5,-1.48388e-5,-9.07187e-7,-3.01052e-5,-4.21713e-5,-4.34602e-5,0.983695949,0.995610331,0.994299919,0.982045965,0.986936984,0.988885503
b574739,doc,TRUE,Alice,2017-09-23T21:33:10Z,2017-09-24T13:07:35Z,2017-09-24T13:39:20Z,0.007960659,0.008612989,0.00836659,0.007737479,0.006985552,0.007499111,-3.90858e-6,2.26952e-5,-4.62736e-5,4.42102e-5,5.88145e-5,2.33611e-5,0.993088644,0.992488134,0.988387726,0.980926954,0.991639362,0.996977917
b127717,happy,TRUE,Charles,2017-09-24T00:01:39Z,2017-09-24T10:20:10Z,2017-09-24T10:47:39Z,0.006519957,0.006483556,0.007450727,0.006629189,0.007360749,0.006879999,4.50164e-5,5.702e-6,-4.92786e-5,5.03712e-5,-1.57182e-5,1.16064e-5,0.984966972,0.991418534,0.98235859699999994,0.988607294,0.99102168,0.986572115
b162609,grumpy,TRUE,Alice,2017-09-24T00:30:25Z,2017-09-24T12:15:51Z,2017-09-24T12:41:20Z,0.007141841,0.006642666,0.00711022,0.007041644,0.006677274,0.007648313,4.73145e-5,-1.16243e-5,-3.229e-5,8.43648e-6,-4.49895e-6,-8.25921e-5,0.992918892,0.996069703,0.989685847,0.984334536,0.980826312,0.98276485
b341544,sneezy,TRUE,Dave,2017-09-24T01:52:52Z,2017-09-24T09:57:08Z,2017-09-24T10:12:44Z,0.006645162,0.007041239,0.006903408,0.007447619,0.007571061,0.00712068,-5.01022e-5,-2.05324e-5,8.89219e-6,1.12876e-5,4.92407e-5,-1.65705e-5,0.982850801,0.982601165,0.994321609,0.98806232,0.988439511,0.98256782
b345794,sleepy,TRUE,Frank,2017-09-23T20:34:46Z,2017-09-24T10:28:26Z,2017-09-24T10:58:55Z,0.007168893,0.007058879,0.001505552,0.007063456,0.007167771,0.006813513,4.79537e-6,-2.38281e-5,4.15714e-6,-5.4435e-5,9.1456e-6,-7.96673e-6,0.995723309,0.984878112,0.991572665,0.983582317,0.980709366,0.983793642
b690604,doc,TRUE,Alice,2017-09-23T22:10:10Z,2017-09-24T09:04:46Z,2017-09-24T09:33:04Z,0.00771773,0.007632288,0.009076213,0.008282807,0.007392868,0.007951517,-1.43023e-5,-7.58057e-5,0,-1.26737e-5,-5.00242e-5,-4.26877e-5,0.981688433,0.98016806,1,0.992074349,0.980423004,0.985525456
b491470,happy,TRUE,Brad,2017-09-24T01:04:42Z,2017-09-24T13:13:55Z,2017-09-24T13:56:22Z,0.006367196,0.006797662,0.006685586,0.007606398,0.00652364,0.007528708,-4.23424e-5,-1.53226e-5,1.65742e-5,-2.77231e-5,2.31122e-5,4.04807e-5,0.990435199,0.988433597,0.988906384,0.994337868,0.996441327,0.993971373
b454742,dopey,TRUE,Charles,2017-09-23T23:15:12Z,2017-09-24T13:06:18Z,2017-09-24T13:46:17Z,0.006053512,0.006917118,0.006430995,0.006032725,0.007413863,0.007261637,-2.58044e-5,2.79536e-5,-1.31461e-5,1.41049e-5,3.52063e-6,7.76836e-6,0.980884379,0.982977979,0.980611767,0.995188017,0.99395218,0.996761034
b847136,bashful,TRUE,Brad,2017-09-24T01:47:35Z,2017-09-24T11:00:09Z,2017-09-24T11:44:24Z,0.006920296,0.007053804,0.006694479,0.006626372,0.0071854,0.00736071,-5.39461e-5,2.14146e-5,2.43307e-5,-3.79679e-6,-3.64818e-5,7.21968e-5,0.987859667,0.991979162,0.986456241,0.982632971,0.991845027,0.981432305
b864055,sleepy,TRUE,Frank,2017-09-23T21:32:59Z,2017-09-24T12:21:36Z,2017-09-24T12:40:46Z,0.006812077,0.007166164,0.001295998,0.007181926,0.007371382,0.007195647,4.90443e-6,2.46926e-5,-1.04342e-5,-1.51002e-5,2.48245e-6,-3.41448e-6,0.995423638,0.996920299,0.991528859,0.980451606,0.987591107,0.981530898
b555545,dopey,TRUE,Frank,2017-09-24T01:35:16Z,2017-09-24T12:55:56Z,2017-09-24T13:29:28Z,0.006763919,0.007181167,0.006641027,0.006830714,0.007081148,0.007217778,-3.66819e-5,-8.14624e-7,5.44562e-5,-5.3182e-6,2.45688e-5,-1.1594e-5,0.996426126,0.996123219,0.982279283,0.988848448,0.984329463,0.983590892
b617454,sneezy,TRUE,Alice,2017-09-23T22:09:50Z,2017-09-24T10:43:02Z,2017-09-24T11:25:57Z,0.006754862,0.007338709,0.00662435,0.007075947,0.006965774,0.006752503,-5.64676e-5,-6.01648e-5,-3.98955e-5,2.49219e-5,-3.97168e-5,-2.38953e-5,0.991037196,0.988773044,0.995243557,0.98450796,0.989058436,0.98651964
b743924,sneezy,TRUE,Frank,2017-09-23T20:04:15Z,2017-09-24T11:57:47Z,2017-09-24T12:21:16Z,0.007029834,0.006854686,0.007422619,0.007206722,0.005938815,0.006292526,-8.51936e-6,-6.14538e-6,-5.65338e-6,2.73025e-5,2.35734e-5,8.67075e-7,0.987011119,0.989875501,0.994552445,0.989286102,0.996143231,0.984011073
b473099,happy,TRUE,Alice,2017-09-24T01:36:26Z,2017-09-24T11:32:50Z,2017-09-24T12:09:06Z,0.006889797,0.007009638,0.006520988,0.007158388,0.006949743,0.006940303,4.63015e-5,-2.24378e-5,1.3726e-5,5.56472e-5,1.74745e-5,3.08575e-5,0.989837897,0.983130301,0.999091264,0.988363812,0.998394995,0.983283432
b175616,doc,TRUE,Alice,2017-09-23T20:18:31Z,2017-09-24T11:30:08Z,2017-09-24T12:14:35Z,0.009160812,0.007950349,0.006438149,0.007666046,0.007787237,0.007816011,5.26169e-5,-1.18468e-5,-3.8244e-5,3.31813e-5,4.40138e-5,1.02277e-5,0.980183546,0.992909109,0.986650008,0.99022858,0.982002617,0.993203446
b615676,doc,TRUE,Brad,2017-09-24T00:52:43Z,2017-09-24T09:05:39Z,2017-09-24T09:35:57Z,0.008597892,0.007836579,0.007248144,0.008345613,0.008366364,0.008118634,5.12175e-5,4.96005e-5,-2.71737e-5,6.08291e-5,-7.57424e-5,-2.71383e-5,0.986139922,0.990611375,0.984579142,0.994243437,0.980625154,0.993609466
b454298,grumpy,TRUE,Charles,2017-09-23T22:13:18Z,2017-09-24T09:21:00Z,2017-09-24T10:04:21Z,0.00659302,0.007069855,0.00689824,0.00682242,0.007207094,0.006928484,-2.54212e-5,8.2741e-6,1.79112e-6,1.55387e-5,-1.77067e-5,2.24108e-5,0.994023411,0.995850425,0.99565032,0.985382236,0.985368431,0.982455453
b563301,dopey,TRUE,Frank,2017-09-24T21:59:52Z,2017-09-25T10:08:48Z,2017-09-25T10:30:14Z,0.007345397,0.007249612,0.00682435,0.006838396,0.007167336,0.006996696,2.72291e-5,3.3262e-5,1.54107e-5,2.62228e-5,5.35825e-6,-3.09093e-5,0.998382178,0.991589171,0.99631704,0.98399684,0.990273663,0.996840059
b444681,sleepy,TRUE,Dave,2017-09-25T00:47:57Z,2017-09-25T10:10:55Z,2017-09-25T10:45:40Z,0.007923727,0.007087928,0.001378011,0.007286396,0.006890944,0.007177333,-7.24629e-7,-2.93311e-5,-1.4558e-6,2.34822e-5,1.4853e-5,2.16356e-5,0.991129949,0.984620462,0.995267082,0.996220563,0.983668054,0.988974225
b216492,doc,TRUE,Brad,2017-09-24T21:13:58Z,2017-09-25T11:01:42Z,2017-09-25T11:22:01Z,0.007251512,0.007991847,0.008863059,0.007351297,0.009196566,0.008400508,6.45378e-6,-3.19468e-5,-1.73791e-5,-6.24357e-6,2.86e-5,-1.01628e-5,0.985541942,0.986466002,0.985972664,0.991866506,0.98230006,0.989910098
b359008,doc,TRUE,Charles,2017-09-24T21:06:25Z,2017-09-25T11:06:20Z,2017-09-25T11:30:05Z,0.008215929,0.008013425,0.00735997,0.007177501,0.007787547,0.009079178,4.44897e-5,-4.20634e-5,-1.57245e-5,2.90288e-6,-2.55859e-5,1.35798e-7,0.991442351,0.985505995,0.994739385,0.994698188,0.993287546,0.980884622
b803612,grumpy,TRUE,Brad,2017-09-24T22:36:35Z,2017-09-25T11:29:31Z,2017-09-25T11:52:09Z,0.007580769,0.006538034,0.006892821,0.007013769,0.006821985,0.006778919,-4.02856e-5,-2.24384e-5,3.89793e-5,5.41627e-6,5.07214e-5,-1.12917e-5,0.992079912,0.995809808,0.986988772,0.99291714,0.989627732,0.986786114
b115916,grumpy,TRUE,Elizabeth,2017-09-25T00:04:58Z,2017-09-25T12:37:36Z,2017-09-25T12:53:18Z,0.007106056,0.007179582,0.007230263,0.00731345,0.007256021,0.007558101,2.82394e-5,-1.54146e-5,1.02595e-5,2.10034e-5,1.70874e-5,-2.79292e-5,0.992694459,0.980981912,0.98533578,0.985747839,0.983158682,0.988702613
b135456,happy,TRUE,Dave,2017-09-24T21:17:14Z,2017-09-25T13:07:22Z,2017-09-25T13:34:19Z,0.007238189,0.006613403,0.0075071,0.007546637,0.007169902,0.007587704,4.09789e-5,2.08056e-5,7.52452e-5,1.81409e-5,5.60202e-5,-1.15892e-5,0.980869712,0.990491224,0.98631549,0.990059408,0.986101774,0.998537149
b345155,bashful,TRUE,Frank,2017-09-24T21:04:18Z,2017-09-25T10:45:24Z,2017-09-25T11:18:17Z,0.006899258,0.007125219,0.006708675,0.006626055,0.00695829,0.007281607,6.80468e-5,-7.25386e-6,2.66368e-5,2.18607e-5,1.08307e-7,5.57517e-6,0.988041407,0.996796445,0.989916131,0.985520425,0.991664943,0.991662261
b427702,doc,TRUE,Alice,2017-09-24T23:36:42Z,2017-09-25T11:36:16Z,2017-09-25T11:56:03Z,0.007231698,0.007790474,0.008861303,0.008557402,0.007424523,0.008343924,-3.25568e-5,-8.55461e-5,-7.68691e-5,-2.68542e-5,-1.28424e-5,1.12913e-5,0.980425503,0.981571288,0.988384215,0.986605244,0.982721545,0.987349501
b666722,doc,TRUE,Charles,2017-09-24T21:47:29Z,2017-09-25T10:10:37Z,2017-09-25T10:37:03Z,0.008052553,0.007191544,0.009155263,0.007420701,0.008696896,0.006920106,9.41902e-5,-6.30529e-6,8.37864e-7,3.15167e-6,-8.56051e-5,-4.05385e-6,0.984456568,0.981211724,0.987825162,0.99297692,0.982754875,0.986457378
b148163,bashful,TRUE,Elizabeth,2017-09-25T01:37:04Z,2017-09-25T12:20:09Z,2017-09-25T12:48:30Z,0.007603417,0.007014929,0.007579991,0.006865056,0.007645301,0.006645571,-1.69369e-6,-3.82806e-5,-7.64129e-6,-1.26662e-5,4.01452e-5,-3.4427e-5,0.988019045,0.995370701,0.989543372,0.989005675,0.987979533,0.990791479
b373316,happy,TRUE,Brad,2017-09-24T21:15:31Z,2017-09-25T11:26:02Z,2017-09-25T11:47:19Z,0.006916487,0.007553012,0.006971292,0.0072475940000000004,0.00714336,0.00681224,-7.34078e-6,-8.22747e-6,4.10324e-5,-2.37387e-5,5.13485e-5,4.3824e-5,0.995150567,0.991729883,0.991174081,0.992254776,0.982993455,0.985349839
b730619,sneezy,TRUE,Charles,2017-09-25T00:00:10Z,2017-09-25T12:29:50Z,2017-09-25T13:03:16Z,0.005973151,0.006742876,0.007349295,0.007563239,0.00718021,0.006787066,2.13874e-5,9.20676e-6,-5.71583e-6,3.65491e-6,3.71865e-5,-6.79564e-6,0.997315551,0.997373874,0.997668227,0.983307105,0.991595408,0.989683283
b240262,dopey,TRUE,Elizabeth,2017-09-24T23:07:26Z,2017-09-25T13:07:10Z,2017-09-25T13:37:29Z,0.006812031,0.006905812,0.007404715,0.007006398,0.006857645,0.007095505,6.40895e-6,6.49922e-5,-4.39193e-5,2.1035e-5,5.31808e-5,-1.79585e-5,0.9988986,0.980980501,0.992563617,0.993313816,0.987042959,0.986252554
b874650,dopey,TRUE,Elizabeth,2017-09-24T20:22:25Z,2017-09-25T12:24:48Z,2017-09-25T12:54:25Z,0.006833974,0.006723909,0.00644714,0.007131061,0.006510245,0.006650447,-1.75307e-5,4.89946e-5,1.22323e-5,-5.80131e-5,-2.68561e-5,2.29668e-6,0.983192983,0.987757299,0.994541946,0.98540656,0.981390661,0.993696438
b210797,dopey,TRUE,Alice,2017-09-25T00:43:45Z,2017-09-25T10:05:25Z,2017-09-25T10:27:31Z,0.007066298,0.007187094,0.007100617,0.006617918,0.007186507,0.007030212,4.39363e-5,-4.32967e-5,-4.33957e-5,-1.66359e-5,1.12514e-5,2.95976e-5,0.99071658,0.984646754,0.982660966,0.995563944,0.994308034,0.995591749
b478255,happy,TRUE,Charles,2017-09-25T01:18:37Z,2017-09-25T11:59:11Z,2017-09-25T12:25:36Z,0.006780456,0.006685109,0.007490114,0.006998322,0.007521038,0.007718167,2.84949e-5,-4.01046e-6,-3.64505e-6,-3.50183e-5,4.76381e-5,1.18263e-5,0.981328659,0.993598952,0.991643621,0.987617819,0.987327312,0.992138846
b579769,grumpy,TRUE,Charles,2017-09-25T01:47:58Z,2017-09-25T09:26:29Z,2017-09-25T09:52:44Z,0.006602334,0.006434412,0.006607807,0.007032026,0.007379088,0.006788595,-2.49104e-5,5.88463e-5,-1.36496e-5,1.26285e-5,2.22347e-5,-1.33595e-5,0.995867056,0.984790802,0.993027082,0.998304079,0.990334416,0.989030061
b672304,doc,TRUE,Elizabeth,2017-09-24T22:31:32Z,2017-09-25T10:22:09Z,2017-09-25T10:58:01Z,0.00817596,0.007929062,0.007955553,0.007684864,0.007234404,0.008253262,-5.48623e-5,-5.32182e-5,-2.26683e-5,-1.56131e-5,-2.71411e-6,1.75107e-5,0.982896079,0.986248559,0.985296456,0.981417383,0.986519345,0.987604474
b310205,grumpy,TRUE,Elizabeth,2017-09-25T00:36:19Z,2017-09-25T09:42:25Z,2017-09-25T10:17:57Z,0.00704727,0.007168031,0.007128325,0.007333323,0.006726538,0.006832306,2.56483e-5,-3.53245e-5,-2.56454e-6,5.5026e-5,1.70399e-5,1.33505e-6,0.990015735,0.991664813,0.989824495,0.990976736,0.987211381,0.996595521
b670753,bashful,TRUE,Elizabeth,2017-09-26T01:12:23Z,2017-09-26T13:52:00Z,2017-09-26T14:20:01Z,0.006473123,0.006867643,0.006600584,0.006530697,0.007168735,0.006966741,4.30945e-5,3.91293e-5,-4.09792e-5,1.11264e-5,-1.50904e-5,-3.07708e-6,0.988181454,0.991237728,0.990452624,0.988588012,0.993221302,0.985479956
b814789,bashful,TRUE,Frank,2017-09-26T01:50:32Z,2017-09-26T10:43:45Z,2017-09-26T11:28:04Z,0.00662748,0.007281537,0.007231086,0.00681392,0.007079636,0.0068212739999999996,6.56636e-5,-6.21847e-5,1.29392e-5,-9.17961e-6,2.33813e-5,5.18959e-6,0.983735501,0.986632244,0.990192169,0.996554271,0.995896754,0.9898118
b699648,sleepy,TRUE,Brad,2017-09-25T22:33:30Z,2017-09-26T10:34:27Z,2017-09-26T11:11:04Z,0.007143736,0.006517991,0.001346577,0.007694609,0.006635827,0.007276132,-3.53713e-5,-5.46146e-5,-2.54292e-6,5.60221e-5,1.45747e-5,-1.60215e-5,0.990448001,0.983154357,0.982961213,0.990171564,0.991176527,0.980356255
b755591,happy,TRUE,Charles,2017-09-26T01:51:21Z,2017-09-26T10:55:26Z,2017-09-26T11:37:43Z,0.006616646,0.007267265,0.007023927,0.006773795,0.006796518,0.007212987,-5.68516e-5,7.81717e-6,3.13344e-5,2.5121e-6,5.18117e-5,3.87844e-5,0.983869652,0.984495931,0.987142555,0.994941543,0.984070616,0.995880235
b422659,bashful,TRUE,Brad,2017-09-26T01:46:39Z,2017-09-26T13:53:16Z,2017-09-26T14:26:01Z,0.007221811,0.007071892,0.007027297,0.007729992,0.007065288,0.006841239,7.97415e-5,6.96422e-5,3.15619e-6,1.52413e-5,-1.5336e-6,2.93923e-5,0.983704001,0.981785511,0.986789844,0.997928499,0.983799578,0.996261059
b282262,happy,TRUE,Brad,2017-09-25T23:35:19Z,2017-09-26T12:03:02Z,2017-09-26T12:41:49Z,0.006380641,0.006781965,0.007058283,0.007275833,0.006672664,0.007465191,-1.75414e-6,-6.49506e-5,-2.86768e-5,-2.74952e-5,-1.00798e-6,3.04322e-5,0.990257554,0.986538277,0.985837496,0.993550419,0.996328693,0.990561567
b262925,grumpy,TRUE,Brad,2017-09-25T23:48:49Z,2017-09-26T12:03:20Z,2017-09-26T12:41:30Z,0.006977366,0.007188045,0.007018091,0.007198594,0.006618167,0.006107099,1.02899e-5,-3.46869e-6,1.46594e-7,2.67178e-7,-2.71251e-5,1.27633e-5,0.983885307,0.994843556,0.988119502,0.992237168,0.989853232,0.986678023
b122278,bashful,TRUE,Elizabeth,2017-09-25T20:07:21Z,2017-09-26T10:44:08Z,2017-09-26T11:24:25Z,0.00673893,0.006747907,0.007091962,0.007478958,0.006856067,0.006498274,2.67221e-5,3.62065e-5,8.56578e-6,3.61277e-6,-6.01109e-7,3.12679e-6,0.980121388,0.98618332,0.992749119,0.996226092,0.994225917,0.986504065
b350808,dopey,TRUE,Brad,2017-09-25T20:51:52Z,2017-09-26T09:29:19Z,2017-09-26T10:09:58Z,0.006725207,0.007157776,0.006692085,0.007076338,0.006613405,0.006773565,8.49065e-6,-8.74807e-6,-5.64964e-6,1.06607e-5,2.22137e-5,-1.28976e-5,0.98444616,0.986557287,0.994675637,0.996073308,0.988694741,0.984836247
b477041,grumpy,TRUE,Charles,2017-09-25T23:33:27Z,2017-09-26T13:41:07Z,2017-09-26T14:13:26Z,0.007118904,0.006647565,0.007452214,0.006321805,0.006559703,0.005535524,2.88253e-6,-1.73999e-6,-3.50399e-5,-4.12307e-5,-6.35658e-5,1.13223e-5,0.983365424,0.996819586,0.986715758,0.988095646,0.987518861,0.990511458
b764780,happy,TRUE,Alice,2017-09-25T21:20:29Z,2017-09-26T12:29:58Z,2017-09-26T12:57:51Z,0.007439471,0.006452248,0.006990872,0.007034396,0.007111897,0.007105732,-2.4281e-6,3.09608e-5,-1.97057e-5,4.96512e-5,2.23597e-5,2.961e-5,0.994797918,0.995404145,0.986472917,0.993795573,0.993156483,0.995543059
b870404,sleepy,TRUE,Frank,2017-09-26T01:20:29Z,2017-09-26T11:33:19Z,2017-09-26T12:09:26Z,0.006559859,0.007067421,0.001369981,0.00708418,0.006282188,0.007127498,-1.27523e-5,4.85722e-5,-7.81698e-6,6.18447e-6,8.32625e-6,-3.90523e-5,0.987540865,0.989021156,0.9955154,0.99828753,0.98972551,0.987084458
b505510,grumpy,TRUE,Frank,2017-09-25T21:06:55Z,2017-09-26T13:30:01Z,2017-09-26T13:50:49Z,0.007073075,0.007503581,0.006980908,0.006543183,0.007204023,0.007097894,-2.17096e-5,-1.48167e-5,2.63981e-5,-3.2752e-5,3.30249e-5,-5.52933e-5,0.991621347,0.992392142,0.989261291,0.994414456,0.988849745,0.989205334
b398592,sneezy,TRUE,Dave,2017-09-26T00:03:09Z,2017-09-26T09:26:34Z,2017-09-26T09:48:55Z,0.006966751,0.007121712,0.00678446,0.006822307,0.007128744,0.007404805,-1.27223e-5,5.78751e-5,-7.05175e-6,6.13221e-6,1.34602e-5,-3.78319e-5,0.994608132,0.982794898,0.983467077,0.998228833,0.995887389,0.991700486
b158174,grumpy,TRUE,Dave,2017-09-26T01:49:18Z,2017-09-26T09:22:09Z,2017-09-26T09:59:53Z,0.006731869,0.006690285,0.007046271,0.006928784,0.007067709,0.007221685,1.16074e-5,-5.16096e-6,-5.4956e-6,2.45132e-5,3.72278e-5,2.63693e-5,0.994044461,0.994716451,0.994059645,0.99212965,0.991658583,0.996771408
b111760,grumpy,TRUE,Frank,2017-09-25T20:50:40Z,2017-09-26T13:38:42Z,2017-09-26T13:57:43Z,0.007370268,0.00747849,0.006578861,0.007268639,0.007228382,0.006745988,1.48248e-5,6.61354e-5,-8.70176e-6,9.27923e-6,5.88847e-5,-2.59289e-5,0.995723537,0.981915646,0.995028179,0.988800692,0.989824792,0.988445774
b285393,dopey,TRUE,Dave,2017-09-25T21:44:06Z,2017-09-26T09:39:25Z,2017-09-26T10:15:49Z,0.006751917,0.007395066,0.007524602,0.007336031,0.006566904,0.006866333,-6.78723e-5,-4.7129e-5,3.60371e-5,-6.29033e-5,-8.65016e-6,6.0945e-5,0.981311638,0.983177805,0.990872282,0.981377128,0.982047809,0.987993312
b586476,doc,TRUE,Dave,2017-09-25T20:37:44Z,2017-09-26T12:26:17Z,2017-09-26T12:48:13Z,0.008449924,0.007592483,0.007306582,0.008278277,0.008345133,0.006841502,-6.16729e-5,5.17172e-5,4.69609e-6,2.27617e-5,5.7667e-6,-4.00614e-5,0.987910259,0.985298659,0.987827608,0.98980655,0.993553617,0.988931643
b255634,sleepy,TRUE,Charles,2017-09-26T01:18:49Z,2017-09-26T09:27:19Z,2017-09-26T10:06:08Z,0.006484843,0.006819451,0.001411393,0.007408203,0.006668818,0.006650356,-1.01195e-5,-3.18578e-5,1.18231e-5,1.17096e-5,-1.67969e-6,8.01483e-6,0.994361117,0.985119628,0.990950533,0.983343354,0.993853431,0.980549527
b751314,happy,TRUE,Dave,2017-09-25T22:53:16Z,2017-09-26T13:21:30Z,2017-09-26T13:56:18Z,0.00707474,0.006755335,0.007245601,0.006893118,0.007388655,0.00717273,2.46642e-5,-4.62888e-5,8.20156e-6,3.27987e-5,-3.49175e-5,-8.12146e-5,0.982675006,0.988362947,0.991074054,0.98296028,0.994415509,0.985684883
b236869,sleepy,TRUE,Charles,2017-09-26T23:36:10Z,2017-09-27T12:09:16Z,2017-09-27T12:54:00Z,0.007336733,0.006797453,0.001367648,0.007151223,0.007386163,0.006984255,-2.76441e-6,-2.86047e-5,2.06778e-6,-2.089e-5,2.06116e-5,7.05509e-6,0.994405145,0.995984188,0.989083157,0.988326739,0.993922785,0.993179633
b812021,dopey,TRUE,Charles,2017-09-26T22:54:59Z,2017-09-27T13:24:33Z,2017-09-27T13:40:08Z,0.006504564,0.006986066,0.006690915,0.006440713,0.006977044,0.007541633,-4.53594e-5,-2.48871e-5,1.11156e-5,-6.59338e-6,4.99203e-5,-2.87289e-5,0.986827388,0.997514646,0.987289426,0.993726564,0.989222312,0.986653342
b886139,dopey,TRUE,Alice,2017-09-27T01:12:51Z,2017-09-27T11:05:33Z,2017-09-27T11:43:13Z,0.006910058,0.006747236,0.006976444,0.007347487,0.006526001,0.006658849,2.37734e-5,-1.58613e-5,1.76604e-5,3.60024e-6,2.2086e-5,1.71402e-5,0.986468434,0.995178897,0.98184677,0.99252588,0.995225259,0.985976195
b525023,grumpy,TRUE,Brad,2017-09-26T20:42:48Z,2017-09-27T11:55:12Z,2017-09-27T12:34:12Z,0.006736122,0.006148761,0.007523262,0.006880108,0.007620943,0.007080253,-3.95052e-5,-4.81713e-6,5.23474e-5,-2.12524e-6,5.38133e-5,7.25678e-6,0.98775855,0.986980796,0.992092662,0.993587525,0.988817409,0.994220269
b512513,sleepy,TRUE,Elizabeth,2017-09-27T00:59:29Z,2017-09-27T09:21:38Z,2017-09-27T09:53:18Z,0.007257527,0.007517723,0.001543478,0.006373027,0.007437762,0.007323428,-4.75257e-5,5.79538e-6,-2.47557e-7,2.84872e-5,-8.35172e-6,4.49783e-5,0.991122265,0.993757578,0.988225285,0.987732491,0.993005425,0.989303407
b861427,sleepy,TRUE,Frank,2017-09-27T00:48:47Z,2017-09-27T12:30:24Z,2017-09-27T12:45:34Z,0.007233443,0.006770323,0.001395877,0.007176712,0.007732986,0.007792607,3.41992e-5,2.4873e-5,-7.62558e-7,-3.06364e-5,2.73182e-5,7.93134e-5,0.990629296,0.989221969,0.987570778,0.995380698,0.988411539,0.981780378
b120855,happy,TRUE,Brad,2017-09-26T20:28:33Z,2017-09-27T11:07:13Z,2017-09-27T11:45:58Z,0.006199408,0.007192981,0.006796036,0.006206216,0.006893339,0.006238346,1.46436e-5,2.6387e-5,-2.11698e-5,-1.84407e-5,1.21295e-5,1.00728e-5,0.989488434,0.992979713,0.991201585,0.986603773,0.993568695,0.996031744
b623681,sleepy,TRUE,Elizabeth,2017-09-26T23:53:37Z,2017-09-27T12:59:04Z,2017-09-27T13:29:36Z,0.006625918,0.0063691040000000004,0.001436155,0.007181026,0.006904849,0.006848117,-1.9191e-5,2.10029e-5,-1.61704e-5,9.24067e-6,-4.00171e-5,2.86073e-5,0.993533282,0.995421479,0.980402519,0.994684503,0.991242423,0.991864892
b187318,doc,TRUE,Alice,2017-09-27T00:30:17Z,2017-09-27T12:27:44Z,2017-09-27T13:08:59Z,0.007669483,0.007857108,0.008366744,0.009051818,0.008799842,0.007884676,4.02016e-5,-1.66052e-5,2.25986e-5,2.61524e-5,-3.62069e-5,-3.60018e-5,0.987965665,0.980503125,0.993811639,0.986949715,0.990487811,0.992214157
b810327,grumpy,TRUE,Elizabeth,2017-09-26T20:50:21Z,2017-09-27T10:25:21Z,2017-09-27T10:56:00Z,0.007050741,0.006388819,0.00664857,0.00661346,0.006767728,0.007166242,-2.5257e-5,5.20937e-5,-1.39767e-5,9.98806e-6,-1.95898e-5,9.26255e-6,0.988201193,0.980952707,0.988722935,0.993127924,0.990651267,0.990346653
b295471,happy,TRUE,Elizabeth,2017-09-26T22:08:03Z,2017-09-27T11:51:29Z,2017-09-27T12:15:03Z,0.007297527,0.006210132,0.00742079,0.007375489,0.006988564,0.006955154,-3.45098e-5,1.94086e-5,-1.844e-5,-1.97369e-5,8.65624e-6,-1.25711e-5,0.99128096,0.990177417,0.99713471,0.992647588,0.998432602,0.993456731
b538025,sneezy,TRUE,Brad,2017-09-26T22:52:03Z,2017-09-27T12:18:56Z,2017-09-27T12:55:16Z,0.006844702,0.006778651,0.006364378,0.0070542,0.007195682,0.006848415,-9.89635e-6,1.94605e-5,-6.60045e-5,2.61483e-5,-8.5982e-6,2.52143e-5,0.988627166,0.986256847,0.980033953,0.992493773,0.987291693,0.996235855
b560629,bashful,TRUE,Dave,2017-09-26T23:12:36Z,2017-09-27T10:14:48Z,2017-09-27T10:54:57Z,0.007203761,0.006750074,0.007268368,0.007407944,0.007699175,0.007268542,4.4586e-6,2.06394e-5,4.99489e-5,-3.40419e-5,-1.3374e-5,3.8874e-5,0.993313537,0.994823711,0.991902412,0.99534448,0.995096493,0.983646199
b627729,happy,TRUE,Dave,2017-09-26T23:03:07Z,2017-09-27T09:42:43Z,2017-09-27T10:17:45Z,0.007095399,0.006963306,0.007102606,0.006912843,0.006914859,0.007334174,-4.92276e-5,1.88863e-5,-4.03909e-5,-1.00453e-5,-4.79561e-5,2.29309e-5,0.990835593,0.990355974,0.992119349,0.991450601,0.991436874,0.996019763
b401542,doc,TRUE,Alice,2017-09-27T00:52:30Z,2017-09-27T11:13:13Z,2017-09-27T11:53:15Z,0.007211135,0.007305028,0.009862958,0.007146437,0.007687138,0.007501521,-6.70337e-6,4.31168e-5,-5.75422e-5,6.24497e-6,-2.94427e-5,-2.93404e-5,0.990653607,0.991616847,0.980708685,0.985800513,0.995421306,0.980439119
b574019,sneezy,TRUE,Frank,2017-09-26T20:52:44Z,2017-09-27T09:28:42Z,2017-09-27T10:07:58Z,0.006521939,0.00733814,0.007053936,0.006998413,0.00714905,0.007053166,-3.77291e-5,-5.08541e-6,-4.77901e-5,5.76001e-6,-1.98217e-6,-5.76377e-5,0.993847723,0.992198958,0.992350669,0.994418737,0.984728222,0.980179213
b267654,grumpy,TRUE,Dave,2017-09-27T01:31:04Z,2017-09-27T13:20:43Z,2017-09-27T13:37:11Z,0.006937403,0.006739161,0.007406915,0.006802539,0.006715165,0.007078296,-4.73357e-5,2.31642e-5,-5.70698e-6,4.93686e-5,6.30314e-5,-4.8232e-5,0.993467865,0.994158443,0.992066109,0.990187157,0.982765895,0.981431893
b591627,dopey,TRUE,Elizabeth,2017-09-26T23:44:12Z,2017-09-27T10:52:23Z,2017-09-27T11:21:46Z,0.006150404,0.006967216,0.006529545,0.007265241,0.007562177,0.006837623,9.9253e-6,-2.64181e-5,4.83876e-5,3.51925e-5,3.87807e-5,5.89461e-6,0.993805124,0.989573269,0.990672257,0.990990345,0.988124499,0.984175741
b248563,sneezy,TRUE,Elizabeth,2017-09-27T01:11:20Z,2017-09-27T11:16:18Z,2017-09-27T11:53:36Z,0.006362717,0.007052673,0.006554178,0.006836938,0.00734796,0.007244224,-1.44795e-5,2.2739e-5,5.39989e-5,-1.2976800000000001e-05,-2.13537e-5,4.95553e-5,0.98704295,0.991234123,0.983426709,0.993251921,0.99299106,0.985620411
b574997,happy,TRUE,Frank,2017-09-26T23:32:35Z,2017-09-27T12:40:57Z,2017-09-27T12:58:53Z,0.006776456,0.006542276,0.007355261,0.007011629,0.007627265,0.006899752,4.39455e-5,2.56764e-5,3.62414e-5,-2.10802e-6,6.4341e-6,-9.37867e-6,0.983740093,0.986686382,0.990696426,0.987242451,0.986896604,0.9956443
b107591,dopey,TRUE,Alice,2017-09-28T01:44:58Z,2017-09-28T11:03:48Z,2017-09-28T11:29:41Z,0.007263778,0.006645983,0.007392339,0.007501278,0.007194974,0.006612123,1.75981e-5,6.06866e-6,2.6159e-5,2.85274e-6,-9.96839e-6,-2.80897e-5,0.993863124,0.997789837,0.985893789,0.998779335,0.999264722,0.98699006
b546341,sleepy,TRUE,Elizabeth,2017-09-27T23:16:11Z,2017-09-28T09:38:46Z,2017-09-28T10:19:42Z,0.006256514,0.006994224,0.00148117,0.007019725,0.005988249,0.006448053,3.48664e-5,5.48624e-6,9.07916e-6,1.56362e-5,-3.4407e-5,1.96727e-5,0.985666572,0.983158026,0.995399414,0.993075238,0.980370574,0.991461591
b420330,doc,TRUE,Elizabeth,2017-09-28T01:59:06Z,2017-09-28T10:46:32Z,2017-09-28T11:17:54Z,0.008148487,0.008250698,0.008441218,0.007764449,0.00671549,0.007670836,3.13639e-5,5.48106e-5,8.20552e-5,9.59474e-6,3.63358e-5,4.90553e-5,0.996235947,0.985091882,0.980214707,0.983466429,0.983166868,0.986245365
b666122,grumpy,TRUE,Alice,2017-09-27T23:34:28Z,2017-09-28T13:26:46Z,2017-09-28T14:04:19Z,0.007632398,0.00718491,0.007194993,0.007019711,0.007255825,0.007489607,2.29007e-5,9.80588e-6,3.01723e-5,2.75536e-5,1.32271e-5,3.5015e-5,0.993531694,0.993993986,0.982928059,0.989056491,0.995143304,0.98722069
b771023,happy,TRUE,Frank,2017-09-27T22:55:29Z,2017-09-28T10:55:21Z,2017-09-28T11:29:13Z,0.00755535,0.007217047,0.007894014,0.007242197,0.007172982,0.007337184,4.05969e-5,5.23309e-5,-1.4455e-6,-1.61383e-5,-7.80294e-6,-2.08697e-6,0.987037617,0.989295846,0.999309285,0.986769116,0.996428282,0.98821754
b393279,bashful,TRUE,Elizabeth,2017-09-27T22:09:34Z,2017-09-28T09:35:08Z,2017-09-28T10:06:51Z,0.006378509,0.007155229,0.006982668,0.00750041,0.006911117,0.007056034,-2.05933e-5,-3.3674e-5,-5.65951e-5,2.64211e-5,2.34327e-5,2.02657e-7,0.996532016,0.990017604,0.98579014,0.994752753,0.995105371,0.987885722
b653903,dopey,TRUE,Frank,2017-09-28T00:20:16Z,2017-09-28T12:47:09Z,2017-09-28T13:25:04Z,0.006935063,0.006895973,0.007089194,0.006595841,0.007221929,0.006930533,4.02416e-5,5.18812e-5,-3.65626e-5,4.37987e-5,1.93986e-5,4.50779e-5,0.988594969,0.986055887,0.986196553,0.988634065,0.983667697,0.991238947
b580842,grumpy,TRUE,Charles,2017-09-27T22:33:40Z,2017-09-28T12:03:52Z,2017-09-28T12:38:34Z,0.006973545,0.007040157,0.007350994,0.006984785,0.006995851,0.007216245,-4.38187e-5,-4.56286e-5,-2.313e-5,-1.15153e-5,-1.37738e-5,1.15739e-5,0.991329643,0.990204294,0.994173082,0.991092289,0.995776446,0.987332855
b435728,happy,TRUE,Elizabeth,2017-09-27T23:06:57Z,2017-09-28T12:01:29Z,2017-09-28T12:24:37Z,0.006372687,0.007412147,0.006443482,0.007341401,0.006731645,0.007182271,-6.77883e-6,-2.59298e-5,1.21527e-6,-5.71142e-5,4.73485e-5,-1.41419e-5,0.996341276,0.98961293,0.987510457,0.987281202,0.988119711,0.993923569
b876947,doc,TRUE,Brad,2017-09-28T00:23:44Z,2017-09-28T10:47:23Z,2017-09-28T11:19:52Z,0.008090034,0.008282936,0.008038133,0.008096357,0.007489605,0.007869187,-1.69122e-5,1.14153e-5,-2.23786e-5,-3.26428e-5,2.44669e-5,-1.74264e-5,0.992031723,0.995575248,0.992601236,0.983836339,0.993317304,0.980121514
b795891,happy,TRUE,Brad,2017-09-27T20:42:19Z,2017-09-28T10:35:00Z,2017-09-28T11:07:00Z,0.00723571,0.006748313,0.006878556,0.006794057,0.006605754,0.007648538,-3.31831e-5,2.3681e-5,-4.36307e-6,-1.98099e-5,2.39821e-5,1.57795e-5,0.983589671,0.991813744,0.997102903,0.987517829,0.991994812,0.98773001
b745908,sneezy,TRUE,Frank,2017-09-27T23:06:26Z,2017-09-28T10:19:09Z,2017-09-28T10:58:37Z,0.007109292,0.006355397,0.007061916,0.007022814,0.006963162,0.007488007,1.67812e-5,6.01536e-5,-2.87265e-6,-5.28951e-5,8.54037e-6,3.56579e-5,0.988782262,0.982731598,0.985022758,0.990139186,0.987517785,0.990236771
b600805,sleepy,TRUE,Frank,2017-09-27T21:07:34Z,2017-09-28T09:11:36Z,2017-09-28T09:54:39Z,0.007281301,0.007507674,0.001439282,0.007179587,0.006600796,0.007068766,1.64575e-5,-6.23184e-5,-8.05715e-6,2.80534e-5,2.73661e-5,4.45952e-5,0.991040641,0.985759229,0.988421982,0.996157003,0.981672302,0.991179421
b495049,doc,TRUE,Elizabeth,2017-09-28T01:55:53Z,2017-09-28T13:56:07Z,2017-09-28T14:22:14Z,0.006846601,0.008169384,0.007638022,0.0070923,0.007254011,0.007327231,3.52643e-5,-2.78799e-5,1.68214e-5,3.91949e-5,-6.36781e-6,-1.36346e-5,0.984001565,0.981132862,0.992085624,0.988161402,0.995781882,0.987056253
b338792,bashful,TRUE,Dave,2017-09-28T00:47:52Z,2017-09-28T11:11:35Z,2017-09-28T11:35:30Z,0.00681016,0.007066401,0.006634626,0.007034398,0.00709437,0.007175068,2.42316e-5,1.41206e-5,6.38342e-5,4.36661e-5,4.469e-6,7.31397e-5,0.984466822,0.98645639,0.983600816,0.985247959,0.990457187,0.985846504
b468838,grumpy,TRUE,Elizabeth,2017-09-27T20:15:17Z,2017-09-28T11:35:36Z,2017-09-28T12:02:15Z,0.006793453,0.007444529,0.007454611,0.006772582,0.007034153,0.007951472,6.42903e-5,-7.39588e-6,-6.89055e-7,5.89237e-6,-7.34831e-6,2.36609e-5,0.988336277,0.981365597,0.989842476,0.993164649,0.99934429,0.993334135
b160576,sneezy,TRUE,Brad,2017-09-27T20:28:58Z,2017-09-28T09:12:38Z,2017-09-28T09:36:24Z,0.007381461,0.007554113,0.007161919,0.006644821,0.007183687,0.006998409,1.34091e-5,2.15412e-5,2.18684e-5,2.87345e-7,1.17937e-5,-1.56613e-6,0.989889048,0.992722645,0.987084295,0.993914659,0.992831697,0.990850777
b377111,dopey,TRUE,Alice,2017-09-28T00:46:59Z,2017-09-28T11:36:47Z,2017-09-28T12:10:45Z,0.006624697,0.00666844,0.007002479,0.006916252,0.006905541,0.007324815,2.20664e-5,-6.38645e-6,-4.01351e-5,1.49672e-5,-1.14045e-5,-4.72153e-5,0.992566451,0.99448398,0.993019979,0.999141854,0.989421517,0.990585121
b589423,happy,TRUE,Charles,2017-09-27T22:40:59Z,2017-09-28T13:32:26Z,2017-09-28T14:07:10Z,0.006358421,0.006957692,0.006848859,0.007286897,0.00656086,0.007402681,5.22177e-5,2.3665e-5,5.77875e-5,-1.55821e-5,2.00363e-5,9.66876e-6,0.981565291,0.995912874,0.985993719,0.989036645,0.997937519,0.995440718
b398208,sneezy,TRUE,Alice,2017-09-28T00:13:58Z,2017-09-28T09:06:18Z,2017-09-28T09:38:19Z,0.007694483,0.006451733,0.006885782,0.00733274,0.006632172,0.005895097,-3.95431e-5,-3.33491e-6,2.87293e-5,-4.71428e-6,-2.7923e-5,3.03356e-5,0.98645385,0.994998082,0.990905458,0.982849399,0.992601962,0.995905667
b898683,happy,TRUE,Charles,2017-09-28T21:15:39Z,2017-09-29T13:35:52Z,2017-09-29T14:18:28Z,0.006342365,0.006680986,0.007117598,0.006822964,0.007272823,0.007131046,4.10507e-5,-3.45137e-5,7.63555e-6,-6.98372e-6,-1.37735e-6,5.36184e-6,0.990235548,0.995490083,0.990342151,0.991946573,0.998962867,0.992327272
b713740,grumpy,TRUE,Charles,2017-09-28T20:52:17Z,2017-09-29T09:53:10Z,2017-09-29T10:23:01Z,0.007031919,0.006882216,0.006745726,0.006984385,0.007300119,0.006708095,3.22447e-5,-1.22864e-5,-5.15637e-5,-2.48587e-5,5.60805e-6,-1.04586e-5,0.987710771,0.98653858,0.988208371,0.991740886,0.98579391,0.996222541
b719858,sleepy,TRUE,Elizabeth,2017-09-28T20:36:15Z,2017-09-29T10:36:10Z,2017-09-29T11:00:15Z,0.007230857,0.00726566,0.001386264,0.007025499,0.006234652,0.007043701,-4.23512e-5,4.92719e-6,9.78934e-6,-1.85614e-5,6.47853e-7,9.59753e-6,0.98197049,0.995453476,0.991660771,0.989659287,0.987533362,0.996212209
b464153,sneezy,TRUE,Elizabeth,2017-09-29T00:15:06Z,2017-09-29T09:47:47Z,2017-09-29T10:11:57Z,0.006497819,0.006516452,0.007034109,0.007322306,0.006832505,0.006161275,3.90417e-5,5.06073e-5,-1.74529e-5,1.617e-5,-2.4275e-5,-5.16358e-5,0.980081943,0.989399595,0.996590893,0.990497248,0.995673891,0.988296571
b422029,dopey,TRUE,Brad,2017-09-28T22:10:33Z,2017-09-29T13:05:28Z,2017-09-29T13:26:21Z,0.006860268,0.006922513,0.007044565,0.006860547,0.007355506,0.007182227,2.32817e-5,2.72026e-5,-1.07158e-5,6.37166e-6,-1.2631e-5,1.45132e-5,0.99824328,0.989402725,0.999441575,0.991628241,0.98790139,0.991328985
b590942,bashful,TRUE,Frank,2017-09-28T20:33:49Z,2017-09-29T09:25:48Z,2017-09-29T10:03:03Z,0.006759649,0.007041927,0.006335345,0.006296709,0.007208936,0.007049558,-2.23835e-5,3.13711e-5,-2.29952e-7,-1.65445e-6,-2.37508e-5,2.29365e-6,0.988680885,0.993242486,0.996268992,0.992235149,0.980944956,0.984922704
b652677,sneezy,TRUE,Alice,2017-09-29T01:35:31Z,2017-09-29T10:23:32Z,2017-09-29T10:56:24Z,0.0065177,0.006782785,0.006770804,0.006874115,0.006726175,0.006505343,-3.30664e-5,7.52821e-5,-3.55723e-5,-7.09724e-5,7.01996e-5,-9.15492e-6,0.992098832,0.980714609,0.983384171,0.985882401,0.989072681,0.994278575
b348225,dopey,TRUE,Brad,2017-09-28T23:45:51Z,2017-09-29T09:22:42Z,2017-09-29T09:41:54Z,0.006659485,0.006833037,0.006673942,0.007893266,0.006777162,0.007390812,-2.74771e-5,-5.58967e-5,-6.61319e-6,5.91825e-5,-2.61775e-5,-3.18686e-5,0.993707347,0.982888692,0.990321403,0.982191231,0.990730173,0.997278098
b877064,bashful,TRUE,Alice,2017-09-28T23:04:33Z,2017-09-29T10:23:42Z,2017-09-29T11:03:10Z,0.006506579,0.006099399,0.007324301,0.006868265,0.006855048,0.006462474,3.83601e-5,1.26763e-5,-1.31005e-5,-4.70784e-5,-2.82151e-5,7.05832e-5,0.988801231,0.994916029,0.994751879,0.990729704,0.988126986,0.985158998
b751836,bashful,TRUE,Frank,2017-09-29T00:18:35Z,2017-09-29T10:42:51Z,2017-09-29T11:20:01Z,0.006864596,0.007337475,0.007381409,0.007518883,0.007088216,0.006496181,4.46702e-5,-3.13485e-5,-9.07873e-6,1.77895e-5,4.05216e-6,-5.61606e-6,0.984882339,0.987905735,0.997079385,0.981023903,0.99394140499999994,0.987700947
b410069,grumpy,TRUE,Charles,2017-09-29T01:57:04Z,2017-09-29T10:44:41Z,2017-09-29T11:18:56Z,0.006099333,0.007426471,0.006654529,0.00693969,0.006883244,0.007486638,-1.61765e-5,-2.67182e-5,-2.66297e-5,-5.79552e-5,-3.09701e-5,7.28545e-5,0.995418793,0.99290546,0.993581297,0.990056877,0.986752034,0.988712187
b160268,sleepy,TRUE,Charles,2017-09-28T22:48:06Z,2017-09-29T12:43:04Z,2017-09-29T13:01:07Z,0.00704196,0.006807033,0.001362233,0.007142244,0.007171274,0.007064276,-1.57518e-5,1.47691e-5,8.13188e-7,-4.21115e-5,2.16075e-8,1.66451e-6,0.996988735,0.998881314,0.994779178,0.993532939,0.995990338,0.994786729
b704590,grumpy,TRUE,Dave,2017-09-28T22:20:13Z,2017-09-29T10:00:57Z,2017-09-29T10:28:25Z,0.007554856,0.007154575,0.006542692,0.006433742,0.007833631,0.007166528,5.4298e-5,1.27029e-5,-5.64349e-5,-4.03655e-7,3.78173e-5,3.65129e-5,0.981831551,0.983084587,0.99061539,0.990088267,0.991576045,0.980122965
b167485,dopey,TRUE,Elizabeth,2017-09-29T01:56:57Z,2017-09-29T09:57:36Z,2017-09-29T10:36:45Z,0.006598798,0.007326421,0.007356187,0.006756986,0.006691352,0.006568567,-1.51754e-5,5.32343e-5,-2.85959e-6,2.01479e-5,-2.25064e-5,2.78159e-6,0.994926,0.990486681,0.996945321,0.990600241,0.993101418,0.988653747
b266560,doc,TRUE,Charles,2017-09-29T01:58:09Z,2017-09-29T09:16:11Z,2017-09-29T09:42:12Z,0.00807101,0.008807395,0.008531935,0.008280555,0.006970322,0.008266747,4.14094e-5,6.89996e-7,2.90132e-6,1.66439e-5,-1.16275e-5,-4.18088e-5,0.991885616,0.996559432,0.987230187,0.986625164,0.982744976,0.985875248
b732523,bashful,TRUE,Frank,2017-09-28T23:07:20Z,2017-09-29T11:16:00Z,2017-09-29T11:50:09Z,0.007507609,0.00717652,0.00684744,0.007350329,0.00723127,0.007510903,4.6184e-5,5.91255e-6,-3.12117e-5,-3.96345e-5,4.37904e-5,1.66061e-5,0.990938345,0.995075308,0.987869519,0.99546037,0.988293141,0.984228468
b863651,bashful,TRUE,Brad,2017-09-29T00:45:28Z,2017-09-29T09:07:56Z,2017-09-29T09:43:33Z,0.007305329,0.006975321,0.007472982,0.007533558,0.007240094,0.007300042,-2.62848e-6,-3.88363e-5,-3.7605e-5,4.97568e-6,5.60392e-5,-2.66248e-5,0.981233261,0.990332188,0.99705808,0.988891104,0.990326665,0.987781314
b633746,happy,TRUE,Brad,2017-09-28T20:16:38Z,2017-09-29T12:19:29Z,2017-09-29T12:51:33Z,0.007884454,0.006935898,0.006664575,0.007365096,0.007409929,0.007396761,9.02492e-7,-2.59048e-5,6.0005e-6,-9.58993e-6,6.12627e-5,3.02743e-5,0.987147531,0.988831453,0.986421649,0.992884813,0.989062675,0.992556094
b879025,grumpy,TRUE,Brad,2017-09-29T00:26:07Z,2017-09-29T11:49:20Z,2017-09-29T12:32:26Z,0.007182143,0.006895382,0.006597653,0.006899212,0.007011043,0.006881245,2.45206e-5,1.70852e-6,-2.45716e-5,-6.60089e-7,3.35118e-5,7.79943e-6,0.993980149,0.981940786,0.997838965,0.988390152,0.995219401,0.983119962
b189899,doc,TRUE,Elizabeth,2017-09-28T20:04:04Z,2017-09-29T09:28:43Z,2017-09-29T10:01:18Z,0.008265177,0.007893186,0.008591126,0.007405865,0.008081062,0.007311451,-7.09414e-5,7.36656e-6,-3.57267e-5,2.68801e-5,-4.88687e-5,6.80527e-5,0.980182805,0.996601626,0.989768058,0.983063886,0.991637749,0.983429473
b256377,grumpy,TRUE,Brad,2017-09-29T21:20:03Z,2017-09-30T13:53:42Z,2017-09-30T14:16:39Z,0.007178487,0.007362753,0.007197836,0.007068845,0.006136599,0.007381084,-1.81243e-5,-2.54234e-5,3.34854e-5,5.83152e-5,1.9639e-5,-1.51557e-5,0.986422341,0.985019019,0.990617199,0.984804356,0.983535575,0.991072492
b556409,doc,TRUE,Frank,2017-09-29T22:17:49Z,2017-09-30T09:56:15Z,2017-09-30T10:27:26Z,0.008697667,0.007959818,0.008091344,0.007001462,0.007382596,0.00888247,-5.08174e-5,4.39266e-5,-2.24791e-5,2.06922e-6,2.70076e-5,-3.79968e-5,0.985472376,0.985511849,0.980916614,0.989577642,0.988462517,0.995747977
b619596,grumpy,TRUE,Elizabeth,2017-09-30T00:24:04Z,2017-09-30T12:16:17Z,2017-09-30T12:31:35Z,0.007193372,0.007109361,0.006453526,0.007083357,0.007328501,0.006564802,2.04542e-5,-4.78036e-5,-2.13606e-5,5.77264e-6,9.77851e-6,1.55911e-5,0.994269518,0.984111293,0.995870173,0.990632487,0.997804323,0.991545804
b670756,doc,TRUE,Alice,2017-09-30T00:34:29Z,2017-09-30T12:01:33Z,2017-09-30T12:34:42Z,0.007262288,0.008714051,0.008192077,0.007695181,0.007956498,0.00842206,7.01152e-5,7.63698e-5,8.17609e-5,1.6629e-5,-8.93372e-7,-8.0896e-6,0.982709405,0.989578787,0.98612077,0.990330885,0.992584097,0.98450144
b760245,bashful,TRUE,Frank,2017-09-29T20:30:01Z,2017-09-30T12:53:20Z,2017-09-30T13:20:03Z,0.006910709,0.006683258,0.007396192,0.007138091,0.006885624,0.006619304,2.50863e-5,8.05761e-6,2.97419e-5,1.82759e-5,2.65347e-5,-2.95743e-5,0.994465764,0.99027031,0.990068922,0.994212044,0.984466409,0.990729026
b542938,sleepy,TRUE,Alice,2017-09-29T20:11:41Z,2017-09-30T10:00:57Z,2017-09-30T10:20:11Z,0.007057421,0.007138953,0.001329498,0.006827603,0.006981113,0.007191765,-2.36873e-5,7.86358e-6,3.6374e-6,8.05887e-5,-8.95667e-7,6.08671e-6,0.990977617,0.987978453,0.998553124,0.980474912,0.989856929,0.992993361
b483932,sleepy,TRUE,Charles,2017-09-29T21:10:26Z,2017-09-30T11:21:21Z,2017-09-30T11:55:39Z,0.00711153,0.006243225,0.001328676,0.006653776,0.007190542,0.007177167,-4.51485e-6,3.86863e-6,6.95728e-6,5.37863e-5,-1.48857e-5,4.18603e-5,0.991805847,0.989343624,0.982464889,0.991152222,0.992619626,0.988042947
b856702,doc,TRUE,Frank,2017-09-30T01:02:51Z,2017-09-30T12:28:26Z,2017-09-30T13:04:43Z,0.008878901,0.009484956,0.007521127,0.007743162,0.007605969,0.007814198,-3.05608e-5,3.23065e-5,-1.18383e-5,3.52207e-5,2.83378e-5,-1.55061e-5,0.985008546,0.99086403,0.988339735,0.993823905,0.996121308,0.996115383
b492422,happy,TRUE,Elizabeth,2017-09-30T00:47:10Z,2017-09-30T09:37:55Z,2017-09-30T10:04:08Z,0.006856613,0.006523594,0.006949918,0.006465132,0.006489592,0.007300905,1.87523e-5,-5.83447e-5,-1.3035e-5,3.09635e-5,-3.49587e-5,-1.22575e-5,0.984904648,0.981859777,0.991729664,0.985779021,0.991559347,0.996062039
b650967,doc,TRUE,Charles,2017-09-29T21:44:35Z,2017-09-30T12:40:23Z,2017-09-30T13:21:00Z,0.00772076,0.008630021,0.008446596,0.007233959,0.007715168,0.008066762,-3.56477e-5,-1.33724e-5,-4.93764e-5,4.22016e-5,-1.13071e-5,8.51808e-5,0.996950933,0.997443301,0.983140673,0.983324439,0.980646674,0.98453023
b511691,sleepy,TRUE,Alice,2017-09-29T21:52:10Z,2017-09-30T13:43:49Z,2017-09-30T14:05:21Z,0.006979382,0.007410932,0.001442847,0.007724225,0.007773028,0.007451845,-1.76273e-5,-4.41787e-5,-6.1726e-6,-2.39154e-5,-1.48648e-5,-5.41572e-6,0.980123145,0.990360062,0.99240953,0.994122171,0.990251919,0.991291579
b494066,happy,TRUE,Frank,2017-09-29T22:08:12Z,2017-09-30T13:14:16Z,2017-09-30T13:47:12Z,0.007349312,0.007124011,0.007340862,0.006364739,0.00704733,0.007290844,-5.2528e-5,7.58453e-6,4.91088e-5,-4.54355e-5,1.3402e-5,-6.26337e-5,0.992903388,0.986497658,0.98013752,0.985616831,0.992700075,0.990678487
b570941,bashful,TRUE,Frank,2017-09-30T00:29:36Z,2017-09-30T09:05:41Z,2017-09-30T09:34:27Z,0.007114437,0.006738066,0.007942947,0.00693388,0.007016967,0.007238821,-2.57743e-7,3.50555e-5,8.0519e-6,-9.10996e-6,3.61563e-5,9.95914e-6,0.982115779,0.98347618,0.994252507,0.992623477,0.982151446,0.994211449
b520229,dopey,TRUE,Frank,2017-09-29T20:47:40Z,2017-09-30T12:00:40Z,2017-09-30T12:43:10Z,0.006459236,0.006846792,0.007409617,0.007180602,0.007003218,0.007087205,1.39949e-5,-1.5112e-5,-3.04223e-5,2.51048e-5,1.1507e-5,3.63074e-5,0.987823545,0.983534778,0.992853859,0.991474507,0.990129271,0.992894693
b606971,doc,TRUE,Dave,2017-09-29T23:15:42Z,2017-09-30T10:45:07Z,2017-09-30T11:07:18Z,0.00739759,0.00906728,0.007524028,0.007246458,0.008262349,0.007933187,5.27307e-5,5.61701e-5,-2.84111e-5,-2.12598e-5,2.39936e-5,7.58731e-6,0.986693845,0.990292119,0.993517824,0.984461845,0.987920849,0.984976858
b569752,sneezy,TRUE,Frank,2017-09-29T20:32:47Z,2017-09-30T12:39:47Z,2017-09-30T13:20:39Z,0.006750575,0.006813068,0.006251339,0.007212385,0.006894596,0.007037586,-5.67901e-5,-8.34294e-6,-2.21044e-5,3.06191e-5,1.33772e-5,-3.83478e-5,0.989364051,0.981214495,0.98464265,0.984326595,0.989334278,0.993589426
b188019,dopey,TRUE,Dave,2017-09-30T01:25:28Z,2017-09-30T09:20:04Z,2017-09-30T09:44:43Z,0.007324687,0.006730632,0.00768475,0.007242441,0.007107577,0.006705186,-7.36406e-6,1.73711e-5,-4.9282e-6,-3.6265e-5,3.06333e-6,2.00447e-5,0.9935217,0.987500955,0.988760037,0.993101453,0.985682103,0.997641972
b560988,sleepy,TRUE,Charles,2017-09-29T22:35:34Z,2017-09-30T13:47:49Z,2017-09-30T14:03:48Z,0.007135808,0.006726532,0.001468482,0.007190998,0.007041548,0.007674506,-1.1085e-5,-5.14088e-5,1.44623e-5,1.56204e-5,3.78639e-5,-2.12185e-5,0.998261431,0.989561646,0.986091143,0.990932762,0.991927577,0.991284622
b847250,sneezy,TRUE,Alice,2017-09-29T23:37:02Z,2017-09-30T10:52:22Z,2017-09-30T11:18:26Z,0.006559171,0.006916292,0.006679259,0.007042113,0.007377364,0.007691688,-1.91606e-5,8.84217e-6,-8.25329e-6,2.0314e-5,4.85306e-5,-1.52954e-5,0.991792709,0.994301662,0.993266322,0.988354399,0.988748571,0.994681049
b462269,sneezy,TRUE,Dave,2017-09-30T01:06:07Z,2017-09-30T12:50:10Z,2017-09-30T13:13:33Z,0.007345561,0.00742116,0.006943927,0.007041909,0.007401615,0.006716041,2.18168e-5,2.06299e-5,1.05599e-5,-5.43331e-5,-3.81363e-5,3.33352e-5,0.995586234,0.990925648,0.985742513,0.981513983,0.990005581,0.982251433
b497808,doc,TRUE,Elizabeth,2017-09-30T22:42:16Z,2017-10-01T10:29:23Z,2017-10-01T11:03:17Z,0.008911265,0.007956477,0.007855112,0.007712334,0.008207989,0.008404366,-1.90645e-5,-6.62928e-5,-6.95154e-5,9.19016e-6,4.88539e-6,-1.65574e-5,0.991159469,0.985444629,0.984068644,0.981639062,0.987636445,0.993507708
b598415,happy,TRUE,Elizabeth,2017-09-30T20:32:10Z,2017-10-01T11:04:35Z,2017-10-01T11:46:30Z,0.007466921,0.007597059,0.007549361,0.007166203,0.006515088,0.007811162,2.6105e-5,7.02552e-5,-2.93925e-5,1.88013e-5,5.75981e-6,-2.51191e-6,0.997086099,0.987298996,0.992540712,0.990984205,0.997217004,0.998416433
b526164,sneezy,TRUE,Charles,2017-09-30T22:38:00Z,2017-10-01T12:30:30Z,2017-10-01T12:52:49Z,0.006697963,0.007491028,0.006828974,0.006934907,0.007137961,0.00679717,4.02757e-6,3.14444e-5,6.33878e-6,1.42742e-5,1.18673e-6,-2.70319e-5,0.983406033,0.980625129,0.986434549,0.986280516,0.995120579,0.991367033
b526385,doc,TRUE,Brad,2017-09-30T22:32:05Z,2017-10-01T10:21:40Z,2017-10-01T10:49:17Z,0.007737149,0.007460488,0.008282892,0.008635924,0.007596609,0.007978044,0,3.00822e-5,-2.60739e-5,-7.18006e-5,4.35592e-5,-3.2244e-6,1,0.99616072,0.986119556,0.987767762,0.981400184,0.999468139
b701528,bashful,TRUE,Dave,2017-10-01T00:31:58Z,2017-10-01T11:35:45Z,2017-10-01T12:14:12Z,0.006692438,0.006302633,0.006853879,0.011867306,0.007295362,0.006858258,-1.94133e-5,-1.42295e-5,-7.17876e-6,4.50706e-5,-2.05314e-5,-5.22819e-6,0.991698379,0.987798905,0.994371605,0.994042356,0.99201744,0.996556311
b727834,sleepy,TRUE,Dave,2017-09-30T23:13:58Z,2017-10-01T09:40:19Z,2017-10-01T10:11:20Z,0.007087656,0.007290487,0.001500377,0.006954582,0.007032198,0.006900875,-2.54972e-5,6.34997e-5,-4.38939e-6,3.30192e-5,3.01293e-5,-2.7588e-5,0.990397387,0.988056552,0.988952643,0.983249117,0.994605802,0.990007163
b408118,dopey,TRUE,Frank,2017-09-30T21:57:36Z,2017-10-01T09:12:06Z,2017-10-01T09:48:53Z,0.006814789,0.007255656,0.007090704,0.006975734,0.00727975,0.006872551,-1.81336e-5,-3.77667e-5,5.24702e-6,-1.61812e-5,-3.92358e-5,-6.07818e-5,0.992217398,0.991838126,0.989217342,0.986588436,0.98051221,0.988054806
b302217,doc,TRUE,Elizabeth,2017-09-30T21:20:41Z,2017-10-01T10:22:34Z,2017-10-01T10:44:56Z,0.007360128,0.008236223,0.007506008,0.008758931,0.007010849,0.008891823,-1.63451e-5,1.3698e-5,-2.44543e-5,-4.83248e-5,-1.65647e-5,9.26505e-7,0.982940221,0.989348179,0.988541111,0.980595767,0.990121878,0.980164653
b521314,doc,TRUE,Alice,2017-10-01T00:51:02Z,2017-10-01T12:50:16Z,2017-10-01T13:14:28Z,0.007262237,0.008827331,0.007509002,0.013896578,0.008732276,0.0080362780000000009,-3.94693e-5,6.71863e-5,-3.93066e-6,-9.94795e-6,-2.59215e-5,3.63293e-5,0.992339025,0.982012752,0.99052901,0.99145707,0.982023456,0.991713731
b239201,bashful,TRUE,Alice,2017-09-30T23:45:35Z,2017-10-01T11:46:04Z,2017-10-01T12:19:18Z,0.006538252,0.007371579,0.007168216,0.006433719,0.006937439,0.007763094,2.0309e-5,1.28804e-5,-7.91001e-6,-7.77597e-6,-9.22952e-6,7.06125e-6,0.982590202,0.984201836,0.996527592,0.988388932,0.989133139,0.986910481
b589587,dopey,TRUE,Alice,2017-09-30T22:59:46Z,2017-10-01T11:34:18Z,2017-10-01T12:12:57Z,0.006629623,0.007051613,0.007096084,0.007482537,0.007588128,0.006786266,3.00887e-5,-7.17899e-5,3.3504e-5,3.13447e-5,-1.36494e-5,-1.68347e-5,0.996865138,0.986976586,0.993142181,0.984829262,0.998036843,0.987076323
b324044,sneezy,TRUE,Brad,2017-09-30T22:52:58Z,2017-10-01T09:06:44Z,2017-10-01T09:23:23Z,0.006893692,0.006748122,0.007465761,0.007030029,0.007182462,0.006595585,1.12152e-5,-2.06273e-5,-3.99278e-5,9.36008e-6,5.06793e-5,2.25707e-5,0.995964198,0.996116679,0.984763239,0.987118817,0.990033775,0.990431949
b100024,sleepy,TRUE,Charles,2017-10-01T01:27:40Z,2017-10-01T11:03:34Z,2017-10-01T11:47:01Z,0.007500587,0.006250119,0.001592399,0.01034009,0.007400746,0.007390334,-2.88485e-5,1.35634e-6,5.45416e-7,2.38051e-5,-9.60178e-6,-7.46885e-6,0.986264246,0.988700274,0.997888778,0.993582261,0.985216206,0.992963055
b727310,sneezy,TRUE,Dave,2017-09-30T20:27:31Z,2017-10-01T10:38:30Z,2017-10-01T11:07:27Z,0.006769326,0.006942498,0.006683993,0.007047121,0.00688295,0.007127782,6.11119e-6,1.71978e-5,5.94539e-5,-3.29905e-5,-2.27752e-5,-2.28572e-5,0.987214082,0.993431628,0.987167055,0.992632909,0.983155385,0.995406975
b137761,doc,TRUE,Elizabeth,2017-09-30T21:07:56Z,2017-10-01T10:29:20Z,2017-10-01T10:44:26Z,0.007875551,0.007795549,0.007589386,0.006810801,0.008051369,0.010295208,3.4844e-5,-6.99837e-5,2.70188e-5,-2.34794e-5,-1.42083e-5,0,0.988618726,0.984700592,0.995099938,0.984731915,0.989406703,1
b638866,happy,TRUE,Charles,2017-09-30T23:34:34Z,2017-10-01T13:29:12Z,2017-10-01T14:06:54Z,0.006891927,0.007107323,0.006843019,0.007238067,0.006927112,0.007209464,-8.3153e-6,-3.34056e-5,5.05793e-5,-5.08925e-6,2.2914e-5,7.53287e-6,0.996354976,0.994035389,0.988368009,0.994642453,0.984707975,0.995743082
b838639,sneezy,TRUE,Brad,2017-10-01T01:14:09Z,2017-10-01T09:39:46Z,2017-10-01T10:16:46Z,0.007356475,0.00675583,0.006726007,0.010359612,0.006982931,0.007350413,4.71352e-6,-3.49783e-5,-1.50522e-5,1.63361e-5,2.10943e-5,-3.93016e-5,0.99318958,0.988436878,0.991003739,0.996795959,0.987443334,0.990016206
b469683,happy,TRUE,Frank,2017-10-01T00:09:25Z,2017-10-01T09:09:29Z,2017-10-01T09:44:45Z,0.007075061,0.006721723,0.007288258,0.011537656,0.00696752,0.007487562,-4.37655e-5,-1.46585e-5,2.00126e-5,3.08885e-7,3.34177e-5,-2.22976e-5,0.990845378,0.9868745,0.996232327,0.997248779,0.984992901,0.993265991
b669325,bashful,TRUE,Elizabeth,2017-10-01T00:05:23Z,2017-10-01T09:17:05Z,2017-10-01T09:38:12Z,0.006829896,0.006803425,0.00698323,0.010835623,0.007155776,0.006831999,3.49464e-5,-7.62942e-6,-2.20223e-5,-1.32959e-6,-1.62355e-5,-5.23011e-5,0.996711347,0.991083836,0.988964217,0.996641512,0.984047529,0.990983957
b321725,grumpy,TRUE,Elizabeth,2017-09-30T23:38:03Z,2017-10-01T09:40:51Z,2017-10-01T10:23:36Z,0.006887289,0.006913819,0.006593202,0.006936078,0.006956852,0.007147925,-7.63994e-5,1.09058e-5,1.71502e-5,-8.61099e-6,4.31795e-5,1.78998e-5,0.983889657,0.996257847,0.99522456,0.980783211,0.992925716,0.993652266
b632072,happy,TRUE,Dave,2017-10-01T21:13:43Z,2017-10-02T12:06:53Z,2017-10-02T12:40:43Z,0.006329668,0.00641444,0.006831289,0.011530199,0.00672809,0.007523804,1.73145e-5,2.40007e-5,-2.17806e-5,9.44104e-5,5.25771e-5,-3.58071e-6,0.993360864,0.994083794,0.995353738,0.988152633,0.98914688,0.990856381
b734027,grumpy,TRUE,Alice,2017-10-01T20:25:53Z,2017-10-02T12:28:02Z,2017-10-02T12:52:47Z,0.007132524,0.006606804,0.007209919,0.011902114,0.007035516,0.006162017,-3.11177e-5,-6.00804e-5,-1.41615e-5,5.8543e-5,4.83919e-6,-3.63856e-5,0.991594289,0.982104102,0.984333523,0.991415728,0.995325706,0.986706504
b638372,sleepy,TRUE,Dave,2017-10-02T00:12:35Z,2017-10-02T10:30:55Z,2017-10-02T11:06:35Z,0.003625859,0.003432977,0.001357757,0.005396346,0.003456139,0.003267534,-2.47231e-5,-1.0846e-5,-8.15402e-6,-4.36846e-5,3.51565e-5,-2.41869e-5,0.987888212,0.9901918,0.985201163,0.991619604,0.984346328,0.988814507
b859514,sleepy,TRUE,Brad,2017-10-02T00:30:19Z,2017-10-02T12:47:31Z,2017-10-02T13:20:34Z,0.007077301,0.007487198,0.001403936,0.01243735,0.006519954,0.006934602,8.63877e-6,-8.69852e-5,-1.20696e-5,-9.45263e-6,-3.59789e-5,-9.94863e-6,0.986516217,0.980885086,0.987307146,0.992616984,0.982423269,0.986478483
b747491,sneezy,TRUE,Frank,2017-10-02T00:42:14Z,2017-10-02T12:10:49Z,2017-10-02T12:36:57Z,0.006766461,0.006482131,0.007624968,0.011324517,0.007724557,0.006979885,-1.05132e-5,2.56028e-5,-8.34808e-6,-2.07725e-5,2.91187e-5,-2.10352e-5,0.992872338,0.995125096,0.993882335,0.988218202,0.994262529,0.995156394
b801230,dopey,TRUE,Dave,2017-10-01T21:49:05Z,2017-10-02T10:49:12Z,2017-10-02T11:22:53Z,0.007426162,0.006942347,0.007007903,0.011048041,0.005982293,0.006551915,2.49431e-5,-3.84103e-5,5.74425e-7,-1.79141e-5,1.90434e-5,-2.82798e-5,0.992566865,0.987583532,0.998400005,0.989288902,0.998309041,0.985880654
b772392,sneezy,TRUE,Frank,2017-10-01T20:48:31Z,2017-10-02T09:01:09Z,2017-10-02T09:16:40Z,0.006624288,0.006878237,0.005782392,0.01166048,0.006609672,0.006784611,2.95438e-5,1.4669e-5,1.33465e-5,-5.70065e-5,4.35653e-5,3.40494e-5,0.993935023,0.993382852,0.992402212,0.991410465,0.988903929,0.98733972
b634998,dopey,TRUE,Brad,2017-10-02T00:28:25Z,2017-10-02T10:01:33Z,2017-10-02T10:17:26Z,0.006246979,0.007595264,0.006978597,0.011831552,0.007274363,0.007270449,3.50582e-5,-1.02456e-6,7.84811e-6,-6.31844e-5,-3.16164e-5,5.46769e-5,0.987337221,0.993789935,0.987901523,0.990480632,0.997045014,0.988201293
b785679,dopey,TRUE,Frank,2017-10-01T22:38:54Z,2017-10-02T10:52:18Z,2017-10-02T11:07:33Z,0.00651061,0.007726964,0.007141921,0.011860644,0.007622111,0.007527636,-8.04926e-6,-2.9602e-6,9.08271e-6,-2.74139e-5,-2.13712e-5,-1.21717e-5,0.996199836,0.993870466,0.989251237,0.990065488,0.99554739,0.98271783
b471462,sleepy,TRUE,Alice,2017-10-01T22:21:51Z,2017-10-02T09:19:15Z,2017-10-02T09:41:36Z,0.007189328,0.007405119,0.001482661,0.01226241,0.006139578,0.007557684,-2.00412e-5,1.92757e-5,1.02067e-5,-4.43622e-5,3.15297e-5,-9.74483e-6,0.986761096,0.987158466,0.993360882,0.998270119,0.985540836,0.996452117
b295655,happy,TRUE,Frank,2017-10-02T01:56:37Z,2017-10-02T10:00:38Z,2017-10-02T10:42:05Z,0.006692114,0.006568998,0.006648213,0.012368118,0.007219735,0.00634812,1.05372e-5,1.01201e-6,5.48814e-5,-5.38946e-5,5.63968e-5,4.57362e-5,0.996288321,0.993920856,0.989088744,0.992074484,0.982810537,0.99375687
b717549,bashful,TRUE,Alice,2017-10-01T22:18:41Z,2017-10-02T10:01:28Z,2017-10-02T10:34:09Z,0.006950118,0.007154407,0.007256358,0.01167323,0.006484065,0.007470671,8.79156e-6,-8.04612e-6,-1.80144e-5,-4.68554e-6,4.57465e-5,2.59814e-5,0.995248149,0.990772932,0.99282312,0.98733901,0.982829687,0.988025323
b267001,sleepy,TRUE,Elizabeth,2017-10-02T01:43:21Z,2017-10-02T09:06:04Z,2017-10-02T09:45:38Z,0.007021744,0.006878035,0.001439079,0.011191257,0.007180652,0.006678447,-4.68477e-5,4.61268e-6,7.65003e-7,8.08096e-5,2.86775e-5,-1.33549e-5,0.992063641,0.990859719,0.991393987,0.990344719,0.991670967,0.997375671
b628385,sleepy,TRUE,Elizabeth,2017-10-01T20:07:01Z,2017-10-02T12:33:43Z,2017-10-02T12:55:27Z,0.007509843,0.006646232,0.001288202,0.012165109,0.007447246,0.006714979,4.21545e-5,1.35762e-5,-3.76174e-6,-9.60555e-5,6.82686e-6,1.17019e-5,0.985837792,0.994533699,0.987191818,0.988429587,0.989881995,0.995313202
b666001,sleepy,TRUE,Frank,2017-10-01T22:24:48Z,2017-10-02T11:29:26Z,2017-10-02T11:44:48Z,0.007790568,0.006803984,0.001497366,0.011663442,0.006655652,0.00686031,-1.34092e-5,7.17876e-5,5.74234e-6,3.05855e-5,-6.111e-6,-3.86502e-5,0.990832084,0.986110807,0.996723403,0.997266638,0.994180608,0.98076977
b891900,sleepy,TRUE,Alice,2017-10-01T21:52:06Z,2017-10-02T10:30:38Z,2017-10-02T10:51:15Z,0.006556159,0.006966526,0.001449317,0.011531011,0.007508714,0.006425432,-5.43809e-5,6.23854e-6,7.37882e-6,-2.56861e-5,-6.70427e-5,7.09726e-6,0.982376111,0.983821445,0.980212352,0.990592788,0.982663711,0.98592664
b519506,doc,TRUE,Frank,2017-10-01T21:43:09Z,2017-10-02T09:08:49Z,2017-10-02T09:46:26Z,0.008338433,0.007751975,0.007311151,0.012408699,0.008861176,0.006169941,6.00746e-5,-6.88273e-6,4.93965e-5,-6.10691e-6,2.45203e-5,1.35518e-20,0.986273173,0.992083518,0.98310480200000006,0.986611511,0.997683366,1
b503790,grumpy,TRUE,Frank,2017-10-01T22:05:40Z,2017-10-02T13:12:47Z,2017-10-02T13:40:15Z,0.007539135,0.007179401,0.006653927,0.011818428,0.007244279,0.007489829,-1.10911e-5,-3.15272e-5,-4.59071e-6,1.22273e-5,2.11823e-5,3.07489e-5,0.984231117,0.98755007400000006,0.984777033,0.993283863,0.990135766,0.991912649
b233627,doc,TRUE,Brad,2017-10-02T01:37:50Z,2017-10-02T12:52:41Z,2017-10-02T13:25:41Z,0.006998542,0.008676866,0.007758356,0.013224852,0.007876539,0.007835687,-3.08685e-5,-6.06208e-5,1.18319e-5,5.7686e-5,8.713e-5,4.12676e-5,0.982076004,0.988024986,0.990410846,0.98691649,0.987478759,0.988517781
b888777,happy,TRUE,Elizabeth,2017-10-02T00:22:10Z,2017-10-02T12:42:31Z,2017-10-02T13:25:23Z,0.007680397,0.006780066,0.007006589,0.010850008,0.0067305,0.006877855,-7.44866e-5,-3.13148e-6,6.40686e-6,3.07354e-5,3.31123e-5,1.59782e-5,0.985920635,0.981740984,0.989199576,0.981308188,0.994655854,0.995458185
b773289,sleepy,TRUE,Elizabeth,2017-10-02T23:03:18Z,2017-10-03T13:31:56Z,2017-10-03T13:57:12Z,0.007148607,0.006895615,0.001406375,0.011714827,0.006353736,0.007072022,-3.75622e-5,4.4663400000000003e-05,8.70918e-6,-7.08497e-5,2.3329e-5,3.78001e-5,0.991374161,0.989045431,0.99390274,0.98598052,0.988349956,0.988788239
b311401,grumpy,TRUE,Alice,2017-10-03T01:30:35Z,2017-10-03T09:07:14Z,2017-10-03T09:40:36Z,0.006035889,0.007033397,0.006694206,0.012736908,0.006983537,0.007848268,4.85412e-5,-7.36133e-5,7.11775e-6,8.49385e-5,1.08087e-6,2.45839e-5,0.983108875,0.984043935,0.994186375,0.985867623,0.996348871,0.989326874
b747673,bashful,TRUE,Charles,2017-10-02T23:57:04Z,2017-10-03T11:36:08Z,2017-10-03T12:18:36Z,0.007133401,0.006770257,0.007240931,0.012199591,0.006659727,0.007478015,-8.32745e-6,-3.24541e-6,-9.55184e-6,3.61475e-5,-4.37091e-5,2.34739e-5,0.997352375,0.992456624,0.994406859,0.991364327,0.983016504,0.985623854
b177637,doc,TRUE,Dave,2017-10-03T01:21:03Z,2017-10-03T13:09:26Z,2017-10-03T13:36:19Z,0.008832858,0.008273935,0.00868922,0.014440699,0.008586196,0.008073145,2.55099e-5,5.68276e-5,2.81703e-5,-1.27741e-4,-2.68545e-5,-1.98597e-5,0.993742785,0.987520829,0.995324241,0.98305497,0.983878252,0.992619022
b387791,dopey,TRUE,Dave,2017-10-02T20:01:02Z,2017-10-03T10:02:26Z,2017-10-03T10:36:41Z,0.006742442,0.007193414,0.006633628,0.011719104,0.006924475,0.00715694,-2.37097e-5,3.32828e-5,4.99411e-7,-5.09438e-7,-5.49103e-6,2.70996e-5,0.987048324,0.992712263,0.98270676,0.998465946,0.98913151,0.980312019
b331305,sneezy,TRUE,Frank,2017-10-02T23:20:31Z,2017-10-03T11:54:48Z,2017-10-03T12:19:03Z,0.007712026,0.007536364,0.007163048,0.012265037,0.006692204,0.007048608,1.47225e-6,8.72652e-5,-1.04903e-5,3.34875e-6,-1.69495e-5,-3.86365e-5,0.995071736,0.984228216,0.995587878,0.989890953,0.987461909,0.988405715
b779674,sleepy,TRUE,Elizabeth,2017-10-02T23:09:42Z,2017-10-03T09:12:12Z,2017-10-03T09:48:41Z,0.006832345,0.006963886,0.001367564,0.011956879,0.006330574,0.006966116,6.74838e-6,-3.07501e-5,2.81972e-6,-8.45106e-6,2.86139e-5,-2.77708e-5,0.995824296,0.984215916,0.991337899,0.995319335,0.986545816,0.99660985
b608538,doc,TRUE,Dave,2017-10-02T23:46:08Z,2017-10-03T09:58:45Z,2017-10-03T10:38:18Z,0.008086308,0.008197491,0.007538104,0.013435105,0.007246613,0.008267533,-1.32711e-5,-5.19695e-5,7.89864e-5,-8.5186e-7,3.14748e-5,2.95605e-6,0.990116896,0.989354947,0.983220222,0.997743669,0.992320233,0.986194682
b597937,happy,TRUE,Alice,2017-10-02T20:44:17Z,2017-10-03T10:02:36Z,2017-10-03T10:30:55Z,0.007334272,0.006754752,0.006979732,0.011479908,0.006718024,0.006800886,-3.42263e-5,-1.56784e-5,-1.23651e-5,5.8083e-6,4.73402e-6,2.29619e-5,0.989074487,0.996612347,0.991527858,0.995902892,0.986542914,0.996765542
b503444,happy,TRUE,Elizabeth,2017-10-03T01:58:00Z,2017-10-03T12:41:47Z,2017-10-03T13:13:38Z,0.006997364,0.00708264,0.007384921,0.011728576,0.006700462,0.007688433,-5.59503e-6,-1.32655e-5,-1.46943e-5,1.62958e-6,-3.73025e-5,-5.41919e-5,0.985869976,0.991069456,0.995359942,0.997501742,0.992305865,0.992348139
b518862,happy,TRUE,Alice,2017-10-02T21:09:07Z,2017-10-03T11:54:03Z,2017-10-03T12:35:46Z,0.006651368,0.007597422,0.007164352,0.011739925,0.006705969,0.006869112,2.89699e-5,-1.92135e-6,-1.72131e-5,8.85899e-5,4.81408e-5,2.68384e-7,0.991414709,0.994478798,0.989403688,0.985550588,0.989233863,0.995317658
b602409,bashful,TRUE,Dave,2017-10-02T20:17:35Z,2017-10-03T10:30:51Z,2017-10-03T11:00:02Z,0.007578754,0.007303544,0.007303097,0.011591822,0.00700432,0.006955518,-1.43773e-5,3.61975e-5,3.05406e-5,8.56059e-5,2.00865e-6,-4.09121e-5,0.986507282,0.994256746,0.997598544,0.981661803,0.990117396,0.983508671
b297098,doc,TRUE,Elizabeth,2017-10-03T01:07:20Z,2017-10-03T13:03:23Z,2017-10-03T13:47:46Z,0.008556447,0.008312418,0.007529111,0.013973257,0.008521336,0.008245101,4.58404e-5,1.87613e-5,-3.32958e-6,-5.14589e-5,-1.06623e-6,-5.8053e-6,0.995222112,0.981064648,0.995618582,0.996433016,0.980601925,0.983807359
b346922,bashful,TRUE,Elizabeth,2017-10-02T22:16:38Z,2017-10-03T13:31:52Z,2017-10-03T13:51:30Z,0.007271777,0.006923624,0.00620753,0.012002921,0.006626128,0.007042802,-1.90942e-5,5.52197e-5,-1.72565e-5,7.35918e-5,-3.94294e-5,1.04093e-5,0.989225551,0.99218524,0.987800031,0.98503365,0.988146395,0.99146624
b441401,doc,TRUE,Elizabeth,2017-10-02T20:12:37Z,2017-10-03T13:38:53Z,2017-10-03T14:03:16Z,0.008729123,0.007418435,0.008059731,0.015314338,0.007603537,0.008225956,-7.44738e-5,2.06089e-6,7.00649e-5,3.40941e-5,4.76559e-5,-4.47252e-5,0.981595564,0.981418675,0.984590993,0.981788061,0.985604969,0.988287265
b138559,doc,TRUE,Frank,2017-10-02T22:57:35Z,2017-10-03T10:27:46Z,2017-10-03T10:45:23Z,0.008327959,0.007323679,0.007805101,0.014119689,0.008163416,0.008587479,-1.68442e-5,0,-5.70686e-5,-3.60243e-5,7.42358e-6,-6.98544e-6,0.993513901,1,0.984114012,0.988988174,0.998745271,0.99308152
b224937,bashful,TRUE,Brad,2017-10-03T00:31:05Z,2017-10-03T10:31:50Z,2017-10-03T11:09:32Z,0.007625949,0.007382509,0.006748216,0.011585569,0.007024012,0.007509803,-2.48281e-5,4.52476e-5,-8.55069e-6,-2.06523e-5,-4.96376e-5,1.7489e-6,0.990571947,0.991975465,0.998563274,0.997879048,0.985215862,0.997989264
b510327,grumpy,TRUE,Brad,2017-10-02T22:51:45Z,2017-10-03T13:48:11Z,2017-10-03T14:12:59Z,0.006626168,0.007151473,0.00735802,0.011533388,0.006983626,0.006439358,-3.24351e-5,8.86097e-6,3.50541e-5,-3.94111e-5,5.92548e-6,2.09832e-6,0.987382025,0.9968186,0.990784832,0.980645815,0.997394531,0.996510581
b822687,sleepy,TRUE,Frank,2017-10-03T00:01:42Z,2017-10-03T09:33:50Z,2017-10-03T09:57:10Z,0.007068707,0.007061602,0.001413853,0.01084893,0.00695447,0.007141976,-2.4884e-5,-3.26634e-5,8.58e-6,-5.02472e-6,7.21472e-5,-3.00911e-5,0.982874958,0.993447029,0.985090996,0.999091924,0.988123433,0.986181942
b820017,dopey,TRUE,Elizabeth,2017-10-02T21:39:22Z,2017-10-03T11:32:59Z,2017-10-03T11:50:13Z,0.006915594,0.006958297,0.006677139,0.011595246,0.006553182,0.007364133,-9.69543e-7,-3.00682e-5,-2.16517e-5,1.39383e-5,3.47642e-5,-2.15954e-5,0.992243064,0.994381136,0.993158002,0.990984213,0.9911279,0.99343463
b138380,happy,TRUE,Alice,2017-10-03T23:15:59Z,2017-10-04T10:55:52Z,2017-10-04T11:28:51Z,0.006990693,0.007942937,0.006839141,0.012140855,0.007071694,0.007096004,-1.23333e-5,2.12814e-5,-2.96324e-5,-4.06375e-5,-1.71425e-5,4.39395e-5,0.996876167,0.987235129,0.989891088,0.988021552,0.99795076,0.991763064
b483133,grumpy,TRUE,Charles,2017-10-04T01:45:42Z,2017-10-04T13:49:07Z,2017-10-04T14:06:09Z,0.008316077,0.006954257,0.006726491,0.011971959,0.006659468,0.007370993,-6.47751e-7,-3.4907e-5,2.17687e-5,-1.03686e-5,7.50373e-5,1.97245e-5,0.996608215,0.992940019,0.980312324,0.997402457,0.983270976,0.992994988
b371825,sneezy,TRUE,Frank,2017-10-04T00:38:13Z,2017-10-04T12:09:22Z,2017-10-04T12:34:06Z,0.007095814,0.007319432,0.007162978,0.012160622,0.006871883,0.007087661,-1.09557e-5,-6.02528e-5,4.87279e-6,5.17218e-5,-2.81574e-6,-1.32e-5,0.993381709,0.986156095,0.994057754,0.989961055,0.994341781,0.995102579
b234673,doc,TRUE,Dave,2017-10-03T23:40:00Z,2017-10-04T12:55:56Z,2017-10-04T13:24:41Z,0.007968541,0.007917877,0.007226573,0.012069906,0.008654604,0.007323232,-6.01656e-5,3.2104e-5,-1.94306e-5,-1.13007e-4,-3.29609e-5,5.76896e-5,0.985635288,0.988512964,0.98865008,0.988916355,0.994429929,0.985020958
b708947,sleepy,TRUE,Elizabeth,2017-10-03T21:26:00Z,2017-10-04T12:05:51Z,2017-10-04T12:34:18Z,0.007090652,0.00673993,0.0013183,0.010708627,0.007306996,0.007245327,1.82128e-5,3.31667e-5,5.89652e-7,-2.33456e-5,-7.96454e-6,-3.22713e-5,0.986858605,0.989888212,0.996083853,0.991217681,0.994953396,0.994801842
b707506,sleepy,TRUE,Charles,2017-10-03T20:50:14Z,2017-10-04T12:37:00Z,2017-10-04T13:07:56Z,0.007147127,0.006795671,0.001341448,0.011994149,0.007117126,0.006746157,-3.25628e-5,4.47263e-5,8.7566e-6,4.82592e-6,4.28289e-5,-4.815e-6,0.992247187,0.991434035,0.989647031,0.991057717,0.993031967,0.994413516
b884865,doc,TRUE,Dave,2017-10-03T22:00:47Z,2017-10-04T13:14:47Z,2017-10-04T13:34:46Z,0.009266754,0.009016057,0.007652479,0.011301756,0.008500048,0.007852966,-3.47048e-6,5.22001e-5,-2.47548e-5,1.33446e-4,5.00179e-5,-2.12779e-5,0.987624612,0.982333398,0.987971309,0.980240484,0.986413129,0.980546632
b210862,dopey,TRUE,Brad,2017-10-03T20:07:49Z,2017-10-04T10:42:12Z,2017-10-04T11:11:24Z,0.007368501,0.006530201,0.007295821,0.010375719,0.008011419,0.006669034,-1.43189e-6,-4.38666e-5,6.15436e-5,4.0604e-5,-6.50407e-5,-5.68799e-5,0.987133859,0.988507994,0.990520134,0.986428836,0.985165987,0.981801869
b700355,bashful,TRUE,Charles,2017-10-03T23:59:54Z,2017-10-04T11:06:06Z,2017-10-04T11:44:32Z,0.007706305,0.006810884,0.006902715,0.01259446,0.006872995,0.007086804,1.24511e-5,5.05487e-5,-5.00077e-7,-4.2383e-5,-1.6441e-5,-3.49627e-6,0.987284465,0.987678833,0.994636871,0.99344334,0.995949453,0.990058341
b684220,sneezy,TRUE,Brad,2017-10-03T21:02:42Z,2017-10-04T12:22:50Z,2017-10-04T12:55:48Z,0.007261974,0.006828498,0.00638344,0.011546324,0.007116061,0.006825111,5.53572e-6,-3.15603e-5,1.55126e-5,8.22006e-5,6.30927e-6,-4.78739e-5,0.987797449,0.980615636,0.994219787,0.993230385,0.995588725,0.991868443
b822723,dopey,TRUE,Frank,2017-10-03T22:39:33Z,2017-10-04T09:56:15Z,2017-10-04T10:40:01Z,0.006491181,0.00671248,0.007131192,0.011458395,0.006934729,0.006597901,1.25372e-5,1.65213e-5,-3.13542e-6,5.25663e-5,7.58988e-6,1.08913e-6,0.987582413,0.997841193,0.989899565,0.990868877,0.998100452,0.994248383
b135334,sleepy,TRUE,Dave,2017-10-03T20:05:33Z,2017-10-04T12:45:00Z,2017-10-04T13:00:32Z,0.007346091,0.006045264,0.0013313,0.013007592,0.007463451,0.007831645,-4.10251e-5,5.18934e-6,-5.20534e-6,-8.32009e-5,2.82315e-5,-2.22165e-5,0.991062793,0.980940371,0.980787017,0.992080835,0.988206622,0.99758636
b570349,bashful,TRUE,Brad,2017-10-04T00:08:37Z,2017-10-04T09:13:46Z,2017-10-04T09:56:36Z,0.006826028,0.006234471,0.006684252,0.013483943,0.007231951,0.006559315,4.15604e-5,-1.39409e-5,4.41111e-5,1.22633e-4,2.8164e-6,1.97209e-5,0.98691526,0.988997021,0.992176116,0.981706069,0.992042888,0.983491449
b110264,sleepy,TRUE,Dave,2017-10-04T00:50:11Z,2017-10-04T13:45:30Z,2017-10-04T14:03:29Z,0.006972069,0.006686609,0.001473103,0.012370149,0.006360527,0.006568654,-2.64776e-5,1.02298e-6,-4.1131e-6,7.1198e-6,1.01425e-5,-5.38107e-6,0.99046635,0.99455905,0.993678537,0.991157831,0.98702087,0.99524694
b213929,grumpy,TRUE,Alice,2017-10-04T00:04:44Z,2017-10-04T12:19:13Z,2017-10-04T12:55:12Z,0.006795668,0.006839522,0.007033483,0.010738665,0.006674521,0.007369374,-4.6094e-5,-1.19151e-6,2.3652e-5,-5.716e-5,8.80138e-6,3.44403e-5,0.990044839,0.992867438,0.994653289,0.983260492,0.988639116,0.98611907
b180419,doc,TRUE,Frank,2017-10-03T22:45:30Z,2017-10-04T11:10:10Z,2017-10-04T11:38:08Z,0.007898316,0.007316136,0.007102534,0.012561158,0.008621826,0.007749695,-1.47892e-5,5.55725e-5,-1.03716e-5,5.37556e-6,-3.94678e-5,3.40185e-5,0.984960812,0.982707635,0.981625226,0.99522515,0.980462764,0.99525262
b313115,grumpy,TRUE,Alice,2017-10-03T23:47:21Z,2017-10-04T10:03:39Z,2017-10-04T10:37:42Z,0.00764955,0.006952051,0.007390782,0.011880691,0.007290682,0.006390015,-6.63627e-5,7.00635e-6,-3.5782e-5,-2.45704e-5,4.39041e-5,-1.67217e-5,0.980862307,0.991796023,0.993012551,0.993938153,0.985836092,0.994269807
b853852,bashful,TRUE,Alice,2017-10-03T20:41:59Z,2017-10-04T09:56:11Z,2017-10-04T10:37:58Z,0.006864479,0.006825435,0.007459235,0.011192943,0.006800579,0.006874762,-4.98248e-5,-2.13165e-5,-2.40532e-5,-8.66587e-5,-2.52743e-5,-1.7253e-5,0.986245331,0.995425145,0.982473387,0.989168797,0.994611438,0.983021033
b705841,grumpy,TRUE,Dave,2017-10-03T22:11:44Z,2017-10-04T12:16:23Z,2017-10-04T12:36:40Z,0.007150736,0.006782433,0.006914586,0.011631429,0.007187428,0.006955739,6.86791e-5,-5.37404e-5,-3.17588e-6,-5.03954e-5,7.68461e-6,-3.74032e-5,0.9847737,0.987423976,0.996792178,0.996332418,0.997101009,0.99609005
b427926,sleepy,TRUE,Brad,2017-10-03T23:12:13Z,2017-10-04T12:18:03Z,2017-10-04T12:43:42Z,0.006988683,0.006219986,0.001345732,0.01114981,0.006595958,0.006922609,-3.54843e-5,1.61095e-5,-6.65994e-7,-7.83196e-5,6.03137e-6,-7.18483e-6,0.989428122,0.995994542,0.994542516,0.986396751,0.987863923,0.984761
b759645,sneezy,TRUE,Charles,2017-10-04T20:52:20Z,2017-10-05T12:50:05Z,2017-10-05T13:24:46Z,0.007364993,0.007468177,0.007614781,0.011226722,0.006458661,0.007124069,-2.75461e-5,5.11195e-5,-1.6255e-5,-5.5079e-5,-5.42233e-5,-7.00561e-5,0.996452254,0.983576866,0.991333079,0.992625554,0.982296269,0.985124385
b533678,sneezy,TRUE,Alice,2017-10-05T01:36:55Z,2017-10-05T13:57:23Z,2017-10-05T14:34:07Z,0.007075748,0.007028324,0.007206997,0.01237103,0.007501806,0.006676105,2.11253e-6,-3.86288e-5,2.92099e-6,3.81699e-5,1.47222e-5,1.51518e-5,0.984330332,0.986881298,0.988557956,0.991549834,0.984110708,0.988189042
b878173,grumpy,TRUE,Dave,2017-10-04T22:56:22Z,2017-10-05T12:51:39Z,2017-10-05T13:26:51Z,0.006028366,0.007497329,0.007111713,0.01208075,0.006620873,0.006808494,-5.22766e-5,-3.69886e-5,-1.15308e-5,6.62021e-5,-1.42085e-5,-2.0267e-5,0.988555388,0.989283252,0.983405241,0.992172293,0.99086218,0.996657037
b443612,bashful,TRUE,Elizabeth,2017-10-04T21:13:59Z,2017-10-05T11:33:30Z,2017-10-05T12:03:05Z,0.006787329,0.006990873,0.007285681,0.011559541,0.006420107,0.007486451,-1.63683e-5,3.85775e-6,4.38849e-6,4.26045e-5,-2.73585e-5,-4.40174e-5,0.991829075,0.983330705,0.980677823,0.991985634,0.985942191,0.985046352
b105925,grumpy,TRUE,Charles,2017-10-04T21:37:31Z,2017-10-05T09:03:55Z,2017-10-05T09:19:33Z,0.006779741,0.006938565,0.007316428,0.010959834,0.006630242,0.006476212,1.80656e-5,-3.7675e-5,4.85591e-5,-1.02587e-6,-6.02575e-6,-1.53135e-5,0.995332946,0.99273367,0.983825171,0.983016068,0.988987724,0.997167319
b214400,happy,TRUE,Brad,2017-10-04T21:47:01Z,2017-10-05T10:45:03Z,2017-10-05T11:02:07Z,0.007218438,0.007174952,0.006705001,0.010815807,0.007162574,0.007245093,3.56737e-5,-1.46957e-5,-6.2469e-5,5.58151e-5,-2.14732e-5,-4.04131e-5,0.994091457,0.993733723,0.987727413,0.980935125,0.982349595,0.989984051
b531630,doc,TRUE,Brad,2017-10-04T21:40:04Z,2017-10-05T09:55:21Z,2017-10-05T10:17:24Z,0.007479515,0.008250838,0.008462207,0.013931452,0.008451072,0.00790119,4.43214e-6,-3.85987e-5,1.94797e-5,3.2326e-5,1.31042e-5,3.54099e-6,0.998622413,0.985677351,0.985357671,0.985495441,0.985510319,0.999416926
b727839,grumpy,TRUE,Elizabeth,2017-10-04T22:43:18Z,2017-10-05T09:27:19Z,2017-10-05T09:54:20Z,0.007291012,0.006913635,0.006461965,0.011905114,0.007220292,0.007304762,5.52916e-5,6.27845e-5,-1.59295e-5,4.20486e-5,3.76877e-5,-4.72655e-5,0.986732605,0.983044833,0.986867728,0.994065732,0.985256647,0.989718699
b191435,happy,TRUE,Frank,2017-10-05T01:05:00Z,2017-10-05T09:00:26Z,2017-10-05T09:25:33Z,0.007075395,0.007307446,0.007246758,0.011299989,0.007019336,0.007458323,-9.95109e-6,4.45098e-5,3.17637e-6,-1.04341e-4,-2.34005e-6,-1.09325e-5,0.994172608,0.989468528,0.981702943,0.986521461,0.9937212,0.993880371
b708795,sneezy,TRUE,Elizabeth,2017-10-04T20:56:44Z,2017-10-05T10:57:40Z,2017-10-05T11:19:24Z,0.006653345,0.006531984,0.006724395,0.011887294,0.006651774,0.007124101,-2.85649e-5,-3.77644e-5,-4.13979e-5,2.29788e-5,1.73611e-5,8.24964e-6,0.994170164,0.993381105,0.985335534,0.998039304,0.990739442,0.984954127
b414814,grumpy,TRUE,Brad,2017-10-04T23:31:41Z,2017-10-05T10:57:39Z,2017-10-05T11:28:09Z,0.007892889,0.006423623,0.006909974,0.011623454,0.007010279,0.006886099,-5.15731e-6,-3.28179e-5,-3.89237e-6,-6.69538e-5,3.26283e-5,4.67111e-5,0.987989999,0.984467355,0.996692154,0.982285743,0.992799642,0.989760394
b484333,grumpy,TRUE,Elizabeth,2017-10-04T20:12:44Z,2017-10-05T11:42:16Z,2017-10-05T12:07:56Z,0.00740547,0.006819472,0.006742294,0.011621996,0.00637161,0.007121031,-1.82656e-5,3.85111e-5,2.3508e-5,9.26874e-5,-1.89047e-5,2.95463e-5,0.987306234,0.989042102,0.985458061,0.988936394,0.99371621,0.992545492
b358486,sleepy,TRUE,Charles,2017-10-05T00:53:33Z,2017-10-05T11:15:00Z,2017-10-05T11:48:43Z,0.006599852,0.00719064,0.001410049,0.012034824,0.007261372,0.006954651,-2.65409e-5,8.73434e-6,3.96578e-6,4.64093e-6,2.86306e-5,-2.86276e-5,0.982223971,0.991696204,0.998452178,0.996216907,0.988092842,0.981433138
b467458,happy,TRUE,Frank,2017-10-04T23:23:18Z,2017-10-05T09:27:19Z,2017-10-05T09:44:09Z,0.007558282,0.007020017,0.007166051,0.012279736,0.00642694,0.007127355,5.91788e-5,2.86927e-6,-4.78622e-6,-4.28092e-5,1.82097e-5,2.78371e-5,0.990151116,0.989658958,0.996230718,0.997323272,0.992766278,0.989329167
b128928,happy,TRUE,Frank,2017-10-05T01:29:54Z,2017-10-05T10:18:27Z,2017-10-05T10:47:09Z,0.007250272,0.006420658,0.007160926,0.011933484,0.00723061,0.006497641,1.63636e-5,-2.22488e-5,-3.1927e-5,6.71663e-5,-6.2237e-5,-1.37903e-5,0.994225817,0.992387544,0.991035959,0.988500632,0.982576943,0.980024581
b390763,doc,TRUE,Dave,2017-10-04T23:46:58Z,2017-10-05T12:54:12Z,2017-10-05T13:14:28Z,0.007706711,0.008224337,0.008530787,0.014619806,0.008129063,0.007691127,6.0303e-6,-5.90539e-5,3.54246e-5,-5.5792e-5,4.45482e-5,5.50731e-5,0.996889106,0.98418715,0.987477946,0.993423403,0.982489372,0.989044996
b489309,grumpy,TRUE,Alice,2017-10-04T23:33:09Z,2017-10-05T09:33:29Z,2017-10-05T10:10:52Z,0.006446137,0.006827437,0.006931498,0.011471857,0.006555174,0.007318453,-9.35647e-6,-1.18576e-5,1.7349e-5,-5.41124e-7,-5.30333e-6,2.53344e-5,0.981904382,0.995594232,0.988423038,0.984998141,0.992295989,0.988326153
b306843,doc,TRUE,Alice,2017-10-04T23:34:41Z,2017-10-05T09:30:42Z,2017-10-05T10:11:59Z,0.007669126,0.007449895,0.007709862,0.011920634,0.007838483,0.008380695,6.55137e-5,8.66008e-6,3.15621e-6,4.58244e-5,2.65596e-5,3.22165e-5,0.981213368,0.98998743,0.992095815,0.996009482,0.987018858,0.992097877
b579916,sleepy,TRUE,Elizabeth,2017-10-04T23:16:07Z,2017-10-05T12:07:04Z,2017-10-05T12:25:43Z,0.007477272,0.006366983,0.001514683,0.01191902,0.006983176,0.007618431,-4.93849e-5,-4.38839e-6,1.98772e-6,-7.19552e-5,1.29089e-5,-3.23293e-5,0.990996357,0.988742249,0.988250657,0.992746721,0.992570486,0.996323272
b646537,bashful,TRUE,Charles,2017-10-04T23:36:47Z,2017-10-05T10:29:36Z,2017-10-05T11:00:58Z,0.007084257,0.00676017,0.007803536,0.011259111,0.007027743,0.006609343,8.98289e-6,2.82836e-5,-2.01586e-5,-1.4357e-5,9.27796e-6,-1.68647e-5,0.995140819,0.995923862,0.995712239,0.997338507,0.996153652,0.995845898
b494666,grumpy,TRUE,Frank,2017-10-05T23:25:58Z,2017-10-06T13:37:14Z,2017-10-06T14:17:19Z,0.007021871,0.006451458,0.006662268,0.011055475,0.006993979,0.00708964,-2.65764e-6,-2.41856e-5,-3.86895e-5,-5.18889e-5,4.3863000000000003e-05,2.00657e-5,0.993728957,0.991631471,0.989238616,0.986742583,0.989669255,0.985722206
b727339,sleepy,TRUE,Dave,2017-10-06T01:00:18Z,2017-10-06T11:49:47Z,2017-10-06T12:29:21Z,0.006660941,0.006223899,0.001596323,0.011469482,0.006683849,0.007204187,-3.798e-5,1.45118e-5,-1.03211e-5,-1.37073e-5,3.73936e-5,-2.19809e-5,0.983080002,0.983011857,0.990584853,0.988731971,0.988005055,0.982253713
b354490,doc,TRUE,Charles,2017-10-06T00:36:21Z,2017-10-06T10:36:51Z,2017-10-06T11:19:54Z,0.008348419,0.009461044,0.008708498,0.012149722,0.008655456,0.008476088,3.93435e-5,2.52582e-5,6.92205e-7,8.86378e-5,-3.21506e-5,4.93542e-5,0.980121335,0.981243079,0.997196493,0.986255489,0.993087074,0.983718543
b103581,doc,TRUE,Alice,2017-10-05T23:00:17Z,2017-10-06T09:02:28Z,2017-10-06T09:35:40Z,0.008029971,0.00657774,0.007158128,0.013527034,0.007976174,0.007761543,-1.73196e-5,2.64066e-5,1.15592e-5,-4.49173e-5,-3.35077e-5,1.01028e-6,0.982391471,0.98306437,0.980501983,0.997251703,0.992883248,0.982316317
b239359,sleepy,TRUE,Elizabeth,2017-10-05T21:40:32Z,2017-10-06T09:59:10Z,2017-10-06T10:32:51Z,0.006953931,0.007043991,0.001384943,0.011704326,0.006752671,0.006603008,-5.4468e-5,-3.6843e-6,2.06616e-6,1.59362e-5,-1.13223e-5,4.68173e-6,0.98015963,0.998531978,0.996885008,0.992163587,0.991673361,0.988460583
b855402,sneezy,TRUE,Dave,2017-10-06T00:02:44Z,2017-10-06T12:29:26Z,2017-10-06T12:49:35Z,0.006616864,0.006938938,0.006841471,0.010382773,0.007289455,0.006841676,1.12508e-5,-1.20824e-5,4.239e-5,-8.16553e-5,4.38538e-6,2.01652e-5,0.989176783,0.983243244,0.988510813,0.98016661,0.999118717,0.99340922
b888527,happy,TRUE,Brad,2017-10-05T22:13:56Z,2017-10-06T11:29:39Z,2017-10-06T11:51:09Z,0.006941613,0.007047896,0.007492988,0.011361746,0.006943397,0.007064642,-1.69467e-5,1.08353e-5,-3.01084e-5,9.65724e-5,3.1385e-5,-5.52995e-6,0.996046301,0.990471184,0.99245753,0.98837542,0.99540902,0.997115775
b664893,dopey,TRUE,Dave,2017-10-06T01:32:03Z,2017-10-06T09:31:54Z,2017-10-06T10:03:56Z,0.007782333,0.007464989,0.007743013,0.010564504,0.007012455,0.007432163,-3.14565e-5,-3.14806e-5,1.28985e-5,1.93756e-5,7.19375e-6,-5.0791e-5,0.987902121,0.991623863,0.988871316,0.996943251,0.98648213,0.989562111
b307735,bashful,TRUE,Charles,2017-10-05T20:11:35Z,2017-10-06T13:40:44Z,2017-10-06T14:17:44Z,0.007035369,0.007448503,0.006634078,0.011681625,0.007052672,0.007021006,-2.08967e-5,3.84895e-5,-2.49415e-5,1.0717e-4,7.88489e-5,-1.56005e-6,0.994880047,0.991609462,0.988389412,0.981272907,0.981067677,0.982218849
b740223,bashful,TRUE,Dave,2017-10-06T00:15:05Z,2017-10-06T10:56:10Z,2017-10-06T11:32:25Z,0.006473678,0.007077679,0.007289371,0.012212926,0.006982114,0.006006845,-3.56932e-5,-1.85208e-6,-2.08727e-6,-3.86776e-5,9.28462e-6,-1.20683e-5,0.982637363,0.994681221,0.99258005,0.984046806,0.98905676,0.987894443
b599212,sneezy,TRUE,Charles,2017-10-05T21:30:02Z,2017-10-06T13:45:11Z,2017-10-06T14:04:53Z,0.006729683,0.00696118,0.006415309,0.011306627,0.006833196,0.007500442,-8.01486e-6,2.9994e-8,1.41783e-5,-9.2021599999999993e-05,2.60153e-6,-3.6856e-5,0.993277917,0.997728003,0.993853874,0.986286079,0.989051944,0.985508544
b786058,dopey,TRUE,Elizabeth,2017-10-05T20:06:23Z,2017-10-06T13:07:41Z,2017-10-06T13:25:09Z,0.006571823,0.00678694,0.007024854,0.011568587,0.007558356,0.007402945,5.32844e-5,-2.78896e-5,-6.09578e-5,-8.33077e-6,3.39094e-5,-3.41651e-5,0.991085445,0.991502862,0.990087586,0.998388944,0.994981976,0.982430953
b196797,grumpy,TRUE,Alice,2017-10-05T20:45:29Z,2017-10-06T13:19:35Z,2017-10-06T14:03:58Z,0.007377988,0.007166305,0.007229293,0.011176518,0.007169376,0.006475017,9.17355e-6,-3.33987e-5,-4.53807e-5,-1.56717e-5,3.28798e-5,4.31283e-5,0.99694077,0.993513288,0.98347336,0.991129444,0.987802933,0.990367816
b740004,dopey,TRUE,Frank,2017-10-05T20:37:05Z,2017-10-06T13:06:47Z,2017-10-06T13:51:11Z,0.006900466,0.007424488,0.006776576,0.011368122,0.007572428,0.007244649,-2.66161e-5,1.01578e-5,5.46302e-5,-6.60817e-5,7.31343e-7,6.45811e-5,0.982354619,0.991862685,0.983563576,0.990772681,0.99522724,0.987011881
b570829,sleepy,TRUE,Frank,2017-10-06T00:11:43Z,2017-10-06T09:19:22Z,2017-10-06T09:47:00Z,0.00693248,0.00640547,0.001347539,0.011246179,0.006935743,0.007003626,2.41728e-5,1.0267e-5,1.00418e-5,2.16865e-5,-3.3510300000000003e-05,-4.62341e-5,0.982146022,0.99731139,0.991520718,0.986200477,0.986379963,0.99194795
b572979,happy,TRUE,Dave,2017-10-05T22:31:01Z,2017-10-06T13:53:13Z,2017-10-06T14:30:40Z,0.006382639,0.007195764,0.007820828,0.011620598,0.006921032,0.006641891,-2.39428e-5,-1.30913e-5,2.5419e-5,-3.47281e-5,-4.08653e-5,-1.61057e-5,0.990726417,0.990243964,0.987284313,0.997140229,0.989341341,0.980000243
b776107,doc,TRUE,Charles,2017-10-06T01:17:41Z,2017-10-06T12:24:13Z,2017-10-06T13:06:45Z,0.007759239,0.008804511,0.008130381,0.013394598,0.008907201,0.008322386,-3.35591e-5,9.03082e-5,2.8857e-5,5.21553e-5,-2.44211e-6,1.44622e-5,0.983944706,0.984346477,0.988144583,0.989773709,0.985214545,0.991847354
b643164,sleepy,TRUE,Frank,2017-10-05T21:06:39Z,2017-10-06T09:06:37Z,2017-10-06T09:47:16Z,0.006965798,0.006548874,0.001392444,0.012278205,0.007370518,0.007046316,-7.65706e-6,-3.88474e-5,-9.09544e-6,2.37898e-5,-2.46081e-5,4.0264e-5,0.981532427,0.986765646,0.991721026,0.987563836,0.994980451,0.990143169
b613682,sneezy,TRUE,Brad,2017-10-05T22:45:11Z,2017-10-06T13:08:52Z,2017-10-06T13:51:47Z,0.006395338,0.007704181,0.007339172,0.012011229,0.00693595,0.006850068,4.51337e-5,-2.17067e-5,-3.77653e-5,5.9131e-5,-2.41013e-5,1.90323e-6,0.990528945,0.991457217,0.988302198,0.982865903,0.992483669,0.997661138
b643142,bashful,TRUE,Alice,2017-10-06T00:40:32Z,2017-10-06T10:50:40Z,2017-10-06T11:23:54Z,0.005949918,0.007255285,0.006804271,0.011589759,0.006531657,0.006845897,7.83598e-6,-2.01311e-5,-3.71706e-5,6.85288e-6,-5.91338e-5,1.26872e-5,0.997785409,0.991182721,0.98870296,0.994950958,0.984394508,0.987519619
b228466,sleepy,TRUE,Elizabeth,2017-10-06T20:43:13Z,2017-10-07T13:49:05Z,2017-10-07T14:08:58Z,0.007143129,0.007916817,0.001364946,0.011633568,0.006955066,0.007073275,-7.69031e-6,-2.078e-5,5.89716e-6,1.93286e-5,2.48799e-5,1.55864e-5,0.99060777,0.981852027,0.980877484,0.991188137,0.987875705,0.985202614
b836326,bashful,TRUE,Charles,2017-10-06T21:21:03Z,2017-10-07T11:35:40Z,2017-10-07T11:55:48Z,0.006337809,0.007078267,0.00719434,0.010843665,0.006881056,0.007412067,-3.0374e-7,-5.33007e-6,6.02616e-6,5.20235e-5,3.55941e-5,6.76949e-5,0.985380238,0.997018164,0.995199458,0.986327982,0.990974721,0.990886492
b582773,dopey,TRUE,Brad,2017-10-06T20:20:27Z,2017-10-07T12:36:49Z,2017-10-07T12:57:17Z,0.006886326,0.006295841,0.006704379,0.010539223,0.00702725,0.006987055,4.11795e-5,3.23756e-5,6.74664e-5,-6.55561e-5,4.73645e-5,-4.2006e-5,0.993540472,0.993919804,0.986771265,0.98568122,0.989700115,0.98272392
b430656,happy,TRUE,Frank,2017-10-07T01:52:03Z,2017-10-07T10:25:17Z,2017-10-07T10:47:09Z,0.005937241,0.006523766,0.006984991,0.011835229,0.006238351,0.006745538,4.46824e-5,-3.60307e-5,-3.95935e-5,1.15669e-5,-1.45927e-5,4.74661e-5,0.990472768,0.992972963,0.993196393,0.997196611,0.990126751,0.983664666
b810560,dopey,TRUE,Frank,2017-10-07T00:00:26Z,2017-10-07T10:11:39Z,2017-10-07T10:50:14Z,0.003477576,0.003506587,0.003395768,0.005594445,0.003837872,0.0036404,-2.18964e-5,-2.40557e-5,-2.71252e-5,4.27332e-5,-1.33437e-5,-9.64784e-6,0.990343918,0.989573908,0.984686829,0.986265963,0.995517018,0.99066927
b771411,sneezy,TRUE,Frank,2017-10-07T00:57:01Z,2017-10-07T12:16:08Z,2017-10-07T12:58:08Z,0.007374809,0.006760643,0.007568013,0.011121949,0.007074955,0.006928882,2.7608e-5,8.21442e-6,1.75286e-5,-2.24882e-5,2.44611e-5,2.53996e-5,0.989415592,0.982835982,0.98595392,0.982936309,0.990660513,0.982673472
b857862,bashful,TRUE,Dave,2017-10-06T23:06:21Z,2017-10-07T09:35:55Z,2017-10-07T10:09:25Z,0.007025279,0.006398291,0.006449835,0.011670191,0.007508647,0.007297839,-5.83583e-5,8.44538e-6,4.40391e-5,-5.23034e-5,-6.3974e-6,-4.28287e-5,0.989170874,0.996706678,0.982379397,0.997260558,0.986088872,0.995214925
b617937,grumpy,TRUE,Frank,2017-10-06T23:28:15Z,2017-10-07T12:59:52Z,2017-10-07T13:23:59Z,0.006818153,0.007393352,0.006678354,0.011231384,0.00738018,0.007694666,-5.6337e-5,4.78383e-5,-3.40378e-6,-9.20088e-5,2.49028e-5,2.62623e-6,0.988786496,0.983456903,0.994773819,0.989362709,0.986853715,0.997684885
b888719,dopey,TRUE,Charles,2017-10-06T21:00:47Z,2017-10-07T12:36:09Z,2017-10-07T13:05:25Z,0.006990145,0.006601364,0.006701272,0.010254102,0.006860616,0.007104874,3.75089e-6,-3.65883e-5,5.98976e-6,-1.52438e-5,1.81056e-5,3.74138e-5,0.999434912,0.995769952,0.983537934,0.984570599,0.994421712,0.986245806
b195693,grumpy,TRUE,Brad,2017-10-07T01:57:25Z,2017-10-07T10:51:37Z,2017-10-07T11:32:39Z,0.006835323,0.0071746,0.006950808,0.011692614,0.006988388,0.006411185,2.096e-6,-6.33887e-7,-5.37957e-5,-2.07024e-5,-3.87912e-5,-5.79231e-5,0.997182214,0.991421667,0.987899577,0.993989187,0.984749957,0.983455949
b194484,grumpy,TRUE,Charles,2017-10-06T23:01:43Z,2017-10-07T11:39:31Z,2017-10-07T12:14:52Z,0.006879604,0.006288177,0.006979122,0.011719313,0.0071298,0.007170019,-3.79521e-5,-2.72892e-5,9.62673e-6,-8.45365e-5,-4.8011e-5,3.33719e-5,0.987599326,0.987249127,0.998767734,0.986418536,0.984636297,0.98725772999999994
b199075,happy,TRUE,Frank,2017-10-06T22:54:05Z,2017-10-07T12:42:33Z,2017-10-07T13:05:15Z,0.006664772,0.007265981,0.006920917,0.011733859,0.006154688,0.007168993,1.3283e-5,7.44251e-6,-2.76812e-6,-4.06322e-6,4.23899e-5,4.95009e-6,0.996878394,0.996902231,0.99444339,0.994800923,0.985685202,0.992608777
b337280,happy,TRUE,Dave,2017-10-06T20:37:57Z,2017-10-07T13:16:35Z,2017-10-07T13:58:48Z,0.007085781,0.006842937,0.007462801,0.011020611,0.007149206,0.006179768,2.02848e-5,-2.07977e-7,2.08164e-5,1.0957e-5,5.21681e-6,1.78926e-5,0.986601598,0.997092467,0.9929147,0.990172389,0.994869997,0.988745285
b196414,doc,TRUE,Elizabeth,2017-10-07T01:40:04Z,2017-10-07T10:04:49Z,2017-10-07T10:21:36Z,0.007353787,0.007842049,0.007634175,0.012700159,0.008953755,0.006873125,5.85211e-7,-2.40997e-5,-6.91091e-6,-4.05866e-5,1.24497e-5,0,0.996334741,0.993123948,0.983857393,0.980835173,0.987691139,1
b879970,happy,TRUE,Dave,2017-10-06T23:31:25Z,2017-10-07T11:05:14Z,2017-10-07T11:30:26Z,0.007586654,0.006276874,0.006667856,0.011321017,0.006195962,0.006981762,3.26572e-5,-5.63883e-5,-2.68869e-6,2.16079e-5,2.41273e-6,1.55756e-5,0.992861637,0.990079005,0.996519592,0.985899194,0.98551626,0.991178142
b129287,bashful,TRUE,Dave,2017-10-07T00:40:02Z,2017-10-07T11:53:55Z,2017-10-07T12:23:29Z,0.006866146,0.006676995,0.006166024,0.012088005,0.007446105,0.006206934,6.44918e-5,-5.57907e-6,2.38501e-5,3.47788e-5,-3.13647e-5,3.18104e-5,0.987091405,0.996890625,0.993925651,0.991551629,0.98365761,0.982861663
b715197,happy,TRUE,Charles,2017-10-06T20:00:31Z,2017-10-07T10:35:47Z,2017-10-07T11:08:28Z,0.006037665,0.006911337,0.007216768,0.0116387,0.006602122,0.007434223,2.07426e-5,2.0815e-5,-3.51882e-6,-1.23586e-5,3.773e-5,4.6549e-5,0.992618092,0.985566895,0.997326652,0.986980999,0.985359726,0.985393815
b409790,doc,TRUE,Frank,2017-10-07T00:13:19Z,2017-10-07T09:58:34Z,2017-10-07T10:38:47Z,0.007953484,0.008161238,0.008169586,0.014702535,0.008163161,0.008712295,5.71869e-6,-6.13607e-6,-7.13736e-5,-1.72435e-4,1.47347e-6,-7.90423e-6,0.983769727,0.983670565,0.987185213,0.981025116,0.984563222,0.99142708
b227901,sleepy,TRUE,Brad,2017-10-06T20:02:09Z,2017-10-07T10:58:10Z,2017-10-07T11:17:30Z,0.007721491,0.00752025,0.001438589,0.011484986,0.007686638,0.006894033,2.93465e-6,-2.3817e-5,-5.70885e-6,-7.95361e-5,-1.72585e-6,-1.14561e-5,0.985425363,0.994983572,0.996288262,0.984106257,0.991267673,0.99527632
b799339,sneezy,TRUE,Elizabeth,2017-10-07T01:25:10Z,2017-10-07T11:26:55Z,2017-10-07T12:04:11Z,0.007093208,0.007519324,0.007122906,0.011547432,0.006746691,0.007282062,-9.31888e-6,-1.03493e-5,-9.46947e-6,-6.75795e-6,-2.32625e-5,6.03902e-6,0.994512835,0.989655155,0.991932644,0.985089285,0.993351649,0.996926801
b514552,sneezy,TRUE,Dave,2017-10-08T00:18:45Z,2017-10-08T11:22:26Z,2017-10-08T12:05:47Z,0.007181823,0.00719126,0.007801733,0.006707848,0.006902534,0.007085098,2.511e-5,-1.34978e-5,6.03466e-6,5.99621e-5,-3.33658e-6,4.14282e-5,0.99486908,0.995647523,0.994278187,0.987378366,0.987142711,0.990016036
b809933,happy,TRUE,Brad,2017-10-07T20:09:18Z,2017-10-08T13:25:50Z,2017-10-08T14:02:12Z,0.006865788,0.007596277,0.006899118,0.007021212,0.006769167,0.006336653,-5.2416e-7,2.42034e-5,-5.01054e-5,5.89002e-5,-4.02733e-6,4.40601e-5,0.991312409,0.981016094,0.982725752,0.990781083,0.992859414,0.989271532
b338108,bashful,TRUE,Charles,2017-10-07T23:38:17Z,2017-10-08T09:36:15Z,2017-10-08T09:55:15Z,0.006719359,0.006771334,0.007365404,0.006473634,0.007360642,0.006511658,1.39577e-5,4.98432e-5,1.88784e-5,4.57622e-5,9.98304e-6,-3.68567e-6,0.983882794,0.993016656,0.996956122,0.992706511,0.994350894,0.998319069
b821999,dopey,TRUE,Alice,2017-10-07T22:10:41Z,2017-10-08T10:53:15Z,2017-10-08T11:16:32Z,0.006962404,0.006447448,0.007139533,0.006987431,0.006427091,0.007460496,-4.01277e-5,-4.43973e-5,-3.09254e-6,6.16332e-5,-1.6779e-5,1.9208e-6,0.990193644,0.986946767,0.987699444,0.983386357,0.99307809,0.990803428
b670675,grumpy,TRUE,Elizabeth,2017-10-08T01:12:27Z,2017-10-08T12:22:45Z,2017-10-08T13:06:01Z,0.006712803,0.006685372,0.007457652,0.007405217,0.006620224,0.006666369,1.22745e-5,-1.78218e-5,2.06344e-5,-1.28521e-5,5.19175e-5,-5.18762e-5,0.982792382,0.987557244,0.995050104,0.992222386,0.988312283,0.987574032
b828324,grumpy,TRUE,Brad,2017-10-08T00:47:57Z,2017-10-08T10:41:59Z,2017-10-08T11:16:51Z,0.006537532,0.006713465,0.007069963,0.006771432,0.00735969,0.006844141,-6.10754e-6,-1.91969e-5,-7.59834e-6,3.54154e-5,-1.76184e-5,-4.30123e-5,0.988187396,0.983130056,0.987471775,0.985449842,0.994955775,0.994037884
b533588,happy,TRUE,Dave,2017-10-08T00:48:43Z,2017-10-08T13:22:00Z,2017-10-08T13:53:24Z,0.00689322,0.007239045,0.0061355,0.006710338,0.006352255,0.006437951,-1.26546e-5,-5.87212e-5,-2.66214e-5,4.01348e-5,-3.21637e-5,-4.87588e-5,0.994009871,0.985240945,0.981177031,0.980238837,0.986632812,0.981892759
b358907,sneezy,TRUE,Brad,2017-10-07T23:59:54Z,2017-10-08T12:52:03Z,2017-10-08T13:09:53Z,0.007490871,0.007055914,0.007131469,0.007463019,0.007182323,0.006792351,-6.34511e-5,-2.7952e-5,2.38439e-5,1.14093e-5,-4.14301e-5,1.57476e-5,0.991939706,0.993673173,0.990608632,0.99564356,0.99528025,0.988555516
b826079,bashful,TRUE,Elizabeth,2017-10-07T20:49:01Z,2017-10-08T10:48:51Z,2017-10-08T11:12:55Z,0.007454816,0.007052488,0.007385597,0.006941697,0.006876523,0.007090133,2.28163e-6,-5.5666e-5,-9.30221e-6,-3.32205e-5,-1.95674e-5,1.1747e-6,0.995786383,0.986215631,0.992028842,0.994237158,0.992491024,0.99621526
b121080,dopey,TRUE,Frank,2017-10-08T01:46:16Z,2017-10-08T13:38:11Z,2017-10-08T14:04:05Z,0.0061820140000000004,0.006589251,0.006764962,0.006942886,0.006794541,0.007007836,1.09295e-5,4.28028e-6,5.69234e-5,-2.46214e-6,2.09583e-5,-4.48624e-5,0.999042851,0.996229483,0.983845328,0.985252592,0.981597264,0.987818198
b273537,dopey,TRUE,Elizabeth,2017-10-07T22:45:48Z,2017-10-08T12:16:24Z,2017-10-08T12:49:54Z,0.00700518,0.006709582,0.006930132,0.007070686,0.006499961,0.00681624,1.1317e-5,-6.67643e-6,-8.18593e-6,3.20046e-5,3.75869e-5,-7.36989e-6,0.992977275,0.984835451,0.994751011,0.986059717,0.993297225,0.993884248
b444441,grumpy,TRUE,Elizabeth,2017-10-08T01:25:30Z,2017-10-08T10:30:35Z,2017-10-08T11:08:28Z,0.006705576,0.006953366,0.007764326,0.007500161,0.007170144,0.006297187,-6.18346e-6,2.0571e-5,3.26258e-5,-1.58261e-6,-3.22387e-6,-2.8985e-5,0.991323519,0.990092681,0.989540116,0.99508652,0.995081066,0.986445066
b761644,bashful,TRUE,Alice,2017-10-08T00:38:59Z,2017-10-08T12:36:09Z,2017-10-08T13:07:46Z,0.006825941,0.007258788,0.006803185,0.00736741,0.007195228,0.006695876,-2.76028e-5,-5.22558e-5,2.38736e-5,5.60975e-5,-1.66962e-5,4.1246e-5,0.989604584,0.985269137,0.998408097,0.981545335,0.998344817,0.987479989
b766636,doc,TRUE,Brad,2017-10-07T21:19:26Z,2017-10-08T12:56:11Z,2017-10-08T13:22:55Z,0.007866287,0.009139423,0.007873976,0.008135647,0.008277063,0.008235476,-4.05133e-5,-9.70754e-6,1.20392e-5,-5.7248e-5,-8.62742e-6,-3.61936e-5,0.985100335,0.988436561,0.997511088,0.991583228,0.985497428,0.982703191
b871308,doc,TRUE,Elizabeth,2017-10-07T22:54:55Z,2017-10-08T12:37:05Z,2017-10-08T12:57:19Z,0.008283908,0.008150418,0.008318846,0.008515339,0.007875503,0.008075856,-4.06967e-5,3.74417e-5,-5.19842e-5,1.41113e-6,4.82255e-5,2.53362e-5,0.98612053,0.992818966,0.981860418,0.996527805,0.989304245,0.980746874
b210787,sleepy,TRUE,Elizabeth,2017-10-07T21:46:30Z,2017-10-08T10:14:42Z,2017-10-08T10:54:00Z,0.006873672,0.007014447,0.006837414,0.00705239,0.006976308,0.006765262,-1.03694e-5,1.04554e-5,3.19192e-5,-1.24467e-5,-3.95914e-5,-2.75555e-5,0.998068278,0.996582855,0.988666702,0.993887966,0.9820196,0.986319945
b213335,doc,TRUE,Charles,2017-10-07T23:46:55Z,2017-10-08T13:57:39Z,2017-10-08T14:17:01Z,0.00786415,0.007972452,0.007833086,0.007911173,0.008506399,0.00835628,-3.66811e-5,-1.01679e-5,4.62715e-5,-7.69496e-6,-9.40837e-7,-1.04822e-6,0.987928079,0.994997836,0.986247603,0.996477884,0.98073019,0.99504598
b558787,doc,TRUE,Dave,2017-10-08T01:07:12Z,2017-10-08T10:51:16Z,2017-10-08T11:09:30Z,0.008495412,0.008561067,0.007833432,0.00787302,0.008369963,0.007737556,4.16486e-5,4.90147e-5,-2.56446e-5,3.42014e-5,-1.21131e-6,4.08399e-6,0.995036552,0.985668673,0.981123811,0.983332819,0.995952769,0.981297296
b632812,dopey,TRUE,Dave,2017-10-08T01:05:22Z,2017-10-08T13:20:41Z,2017-10-08T13:35:41Z,0.006348454,0.008033416,0.007673515,0.006584911,0.007172827,0.006627273,4.70674e-5,2.92153e-5,6.24003e-6,1.43758e-5,-2.24658e-6,2.53471e-5,0.983008357,0.994222886,0.983042089,0.996579147,0.996898569,0.994268534
