mrn,gender,age,pregnancy_status_at_exam,payor_groups,last_name
109264,Female,13,,medical assistance,morrow
109266,Female,29,Not Pregnant,other,woodward
109271,Male,49,,medical assistance,robbins
109273,Male,36,,other,sharp
109274,Male,68,,self pay,walker
109277,Female,12,,medical assistance,livingston
109284,Female,44,Not Pregnant,unassigned,sparks
109286,Female,33,Pregnant,charity care,lowe
109290,Female,68,,self pay,shepard
109293,Male,44,,other,robbins
109295,Female,54,,medical assistance,bender
109297,Female,30,Not Pregnant,other,dennis
109300,Female,54,,self pay,frank
109303,Male,18,,charity care,salazar
109307,Male,47,,unassigned,raymond
109315,Female,30,Not Pregnant,unassigned,simmons
109316,Female,62,,other,serrano
109319,Male,22,,charity care,sweeney
109321,Female,19,,self pay,burnett
109322,Female,45,,self pay,estes
109323,Male,22,,other,mcdonald
109324,Female,49,,other,levy
109326,Female,44,Not Pregnant,self pay,stephenson
109330,Male,76,,other,castro
109331,Female,19,,self pay,conway
109333,Female,41,Not Pregnant,other,abbott
109334,Female,54,,medical assistance,hatfield
109335,Female,55,,charity care,carlson
109336,Male,35,,charity care,murillo
109337,Female,48,,self pay,flowers
109349,Female,47,,medical assistance,charles
109350,Male,59,,self pay,krueger
109351,Male,58,,self pay,goodman
109361,Male,17,,self pay,case
109365,Female,49,,other,cochran
109367,Male,80,,self pay,drake
109369,Female,80,,charity care,harvey
109371,Male,62,,self pay,reyes
109372,Female,13,,charity care,anderson
109373,Female,30,Not Pregnant,unassigned,mcdaniel
109376,Male,23,,medical assistance,berry
109378,Male,36,,other,sosa
109379,Female,66,,unassigned,mueller
109380,Male,15,,unassigned,richmond
109381,Male,13,,other,rowe
109382,Female,70,,unassigned,dougherty
109384,Female,13,,self pay,church
109387,Female,17,,charity care,shepherd
109389,Male,56,,self pay,oneal
109390,Female,44,Not Pregnant,charity care,huffman
109391,Female,56,,other,gillespie
109393,Male,76,,other,robbins
109394,Female,29,Not Pregnant,medical assistance,hodge
109395,Male,56,,other,nguyen
109396,Female,37,Not Pregnant,other,bartlett
109397,Female,47,,self pay,shepherd
109403,Male,30,,medical assistance,chaney
109404,Female,23,Not Pregnant,medical assistance,mclaughlin
109408,Male,51,,medical assistance,pace
109411,Female,55,,other,glass
109413,Female,59,,medical assistance,pace
109414,Female,62,,self pay,stephenson
109416,Male,60,,other,good
109417,Male,17,,other,holloway
109426,Female,61,,self pay,trevino
109428,Male,80,,charity care,garcia
109429,Male,27,,medical assistance,hooper
109431,Female,45,,other,gibson
109432,Female,44,Not Pregnant,charity care,werner
109434,Male,15,,charity care,davies
109435,Male,62,,medical assistance,cunningham
109436,Male,80,,unassigned,berger
109439,Female,59,,self pay,peters
109441,Female,20,Not Pregnant,unassigned,barajas
109446,Male,12,,other,stafford
109447,Female,25,Pregnant,medical assistance,hubbard
109449,Male,13,,charity care,pope
109456,Male,13,,medical assistance,sullivan
109457,Male,76,,charity care,nielsen
109464,Male,30,,self pay,tran
109466,Male,40,,self pay,schwartz
109467,Male,21,,self pay,cole
109468,Male,60,,self pay,lynch
109471,Male,14,,other,oneill
109473,Male,19,,unassigned,strong
109479,Male,17,,unassigned,gilmore
109482,Female,48,,unassigned,robertson
109488,Male,40,,medical assistance,taylor
109495,Male,52,,self pay,sandoval
109496,Male,50,,charity care,patton
109497,Female,48,,self pay,singh
109499,Female,17,,self pay,wolfe
109500,Female,80,,other,webster
109501,Male,45,,self pay,hogan
109502,Female,29,Not Pregnant,self pay,wilson
109503,Male,71,,self pay,marks
109504,Male,53,,self pay,harrell
109507,Female,16,,medical assistance,frye
109508,Female,39,Not Pregnant,other,hendricks
109510,Male,28,,unassigned,lawson
109511,Male,13,,charity care,hughes
109518,Female,25,Not Pregnant,other,reynolds
109519,Male,55,,medical assistance,clay
109524,Female,16,,charity care,ortiz
109525,Male,24,,medical assistance,chandler
109527,Female,69,,other,reeves
109530,Female,49,,medical assistance,allen
109531,Male,32,,charity care,alvarez
109532,Male,70,,self pay,davenport
109536,Female,48,,medical assistance,morrison
109538,Female,66,,other,booth
109539,Female,19,,medical assistance,robbins
109541,Female,35,Not Pregnant,medical assistance,cook
109542,Female,18,,other,colon
109544,Female,76,,unassigned,rivers
109545,Female,36,Not Pregnant,medical assistance,love
109548,Female,25,Not Pregnant,medical assistance,fowler
109549,Male,22,,other,lambert
109550,Female,64,,self pay,rollins
109551,Male,65,,self pay,barron
109554,Male,21,,other,marsh
109555,Female,22,Not Pregnant,other,mullins
109556,Female,15,,charity care,hammond
109557,Male,17,,medical assistance,middleton
109562,Female,80,,charity care,lynn
109565,Male,80,,other,tyler
109567,Male,49,,medical assistance,moses
109571,Female,28,Not Pregnant,other,bright
109577,Female,74,,charity care,ayala
109579,Female,42,Not Pregnant,unassigned,oneill
109580,Female,39,Not Pregnant,medical assistance,aguilar
109587,Female,74,,medical assistance,rowland
109588,Male,71,,other,zavala
109591,Male,68,,self pay,carr
109593,Male,52,,other,branch
109597,Female,70,,medical assistance,sanchez
109601,Male,30,,other,mcguire
109606,Female,32,Not Pregnant,other,hendrix
109607,Male,63,,other,cantrell
109608,Female,54,,charity care,singleton
109610,Male,78,,medical assistance,galvan
109611,Male,55,,medical assistance,sanders
109614,Male,80,,charity care,sellers
109615,Female,65,,other,stephens
109617,Male,64,,self pay,randall
109620,Female,59,,unassigned,schroeder
109623,Female,31,Not Pregnant,other,miller
109629,Male,40,,medical assistance,marquez
109630,Female,56,,self pay,decker
109632,Male,17,,unassigned,palmer
109635,Female,40,Not Pregnant,charity care,gray
109638,Female,48,,other,king
109639,Female,42,Not Pregnant,medical assistance,livingston
109640,Female,50,,medical assistance,harper
109641,Male,14,,other,pittman
109643,Female,80,,unassigned,ray
109644,Male,24,,unassigned,patrick
109645,Female,62,,medical assistance,gibbs
109649,Male,80,,self pay,hanna
109652,Female,76,,other,ortiz
109653,Female,80,,other,jensen
109656,Female,60,,unassigned,hobbs
109657,Female,33,Not Pregnant,self pay,abbott
109662,Male,32,,medical assistance,grant
109664,Male,22,,medical assistance,blackburn
109665,Female,42,Not Pregnant,other,mccall
109666,Female,70,,charity care,bender
109669,Male,59,,unassigned,vincent
109675,Female,51,,charity care,willis
109676,Female,64,,charity care,rubio
109677,Female,76,,other,barnett
109678,Female,32,Not Pregnant,self pay,harmon
109682,Male,17,,medical assistance,nelson
109685,Male,38,,self pay,kim
109686,Male,60,,medical assistance,walsh
109687,Female,37,Not Pregnant,other,harvey
109689,Female,14,,other,benitez
109691,Female,26,Not Pregnant,unassigned,bell
109697,Female,35,Not Pregnant,charity care,becker
109698,Female,16,,charity care,liu
109702,Female,15,,medical assistance,paul
109703,Male,34,,charity care,olsen
109704,Male,31,,unassigned,buchanan
109705,Male,38,,unassigned,holder
109706,Male,12,,charity care,mooney
109707,Female,15,,self pay,meyers
109709,Male,52,,unassigned,guerra
109710,Male,12,,other,waller
109712,Male,46,,unassigned,haynes
109716,Female,25,Not Pregnant,self pay,mcdowell
109725,Female,62,,charity care,terrell
109729,Female,15,,charity care,welch
109730,Female,29,Not Pregnant,charity care,conrad
109731,Female,21,Not Pregnant,unassigned,rodgers
109735,Male,33,,charity care,mcknight
109739,Male,80,,self pay,willis
109742,Male,80,,charity care,huff
109746,Male,47,,self pay,jones
109750,Male,16,,charity care,castillo
109754,Female,47,,medical assistance,mcdowell
109760,Male,53,,charity care,webb
109761,Female,19,,medical assistance,brock
109763,Male,78,,other,west
109764,Male,69,,other,santos
109768,Male,32,,charity care,mata
109770,Female,47,,self pay,trujillo
109771,Female,79,,unassigned,shah
109774,Female,80,,charity care,stafford
109776,Female,80,,charity care,levine
109777,Female,13,,self pay,johns
109778,Female,12,,other,gallegos
109781,Female,16,,medical assistance,huang
109782,Female,63,,unassigned,barry
109791,Male,28,,unassigned,harmon
109800,Male,31,,charity care,heath
109804,Female,16,,charity care,huynh
109805,Female,43,Not Pregnant,self pay,guerrero
109806,Female,25,Not Pregnant,other,juarez
109809,Female,20,Not Pregnant,self pay,rojas
109810,Female,16,,medical assistance,booth
109811,Male,52,,unassigned,ballard
109812,Female,72,,unassigned,richards
109813,Male,32,,other,dunlap
109814,Female,29,Not Pregnant,medical assistance,mccormick
109815,Female,52,,self pay,frazier
109816,Female,55,,medical assistance,young
109817,Female,36,Not Pregnant,other,haley
109820,Female,29,Not Pregnant,unassigned,ramos
109825,Male,22,,self pay,bernard
109828,Male,34,,unassigned,todd
109829,Female,13,,self pay,pollard
109836,Male,30,,other,hoffman
109839,Female,66,,other,sandoval
109844,Male,59,,other,evans
109845,Female,77,,unassigned,byrd
109847,Male,15,,charity care,carlson
109862,Female,41,Not Pregnant,unassigned,cabrera
109863,Female,64,,self pay,spears
109865,Female,33,Unable to Determine,self pay,nelson
109866,Female,28,Not Pregnant,self pay,jones
109868,Female,55,,other,orozco
109873,Female,18,,charity care,lucero
109874,Male,55,,other,becker
109877,Male,41,,charity care,logan
109878,Male,19,,other,chung
109879,Female,60,,self pay,orozco
109880,Male,13,,self pay,ballard
109881,Male,48,,medical assistance,huang
109882,Female,14,,medical assistance,miranda
109887,Male,25,,medical assistance,richards
109891,Female,80,,self pay,david
109893,Female,20,Not Pregnant,other,jacobs
109894,Female,32,Not Pregnant,medical assistance,mclean
109897,Male,80,,charity care,underwood
109898,Female,48,,self pay,lam
109901,Male,80,,self pay,marks
109902,Female,75,,medical assistance,wiggins
109905,Female,52,,charity care,casey
109908,Male,80,,medical assistance,chandler
109910,Male,16,,charity care,bender
109913,Female,52,,unassigned,gardner
109915,Male,58,,self pay,schultz
109916,Male,25,,self pay,brandt
109917,Female,54,,medical assistance,mcintosh
109919,Female,45,,other,gibbs
109930,Male,51,,unassigned,hart
109931,Female,40,Not Pregnant,medical assistance,beasley
109932,Male,72,,other,estrada
109934,Female,35,Not Pregnant,unassigned,pena
109937,Male,74,,medical assistance,barr
109938,Female,34,Not Pregnant,other,kaiser
109939,Female,37,Not Pregnant,medical assistance,jefferson
109940,Female,57,,medical assistance,ramsey
109941,Female,57,,unassigned,walker
109942,Female,79,,self pay,mata
109944,Female,12,,unassigned,dean
109945,Male,32,,self pay,callahan
109957,Female,64,,medical assistance,buck
109959,Female,80,,unassigned,cervantes
109960,Male,59,,other,zamora
109962,Male,76,,self pay,decker
109968,Male,47,,charity care,glenn
109969,Female,48,,charity care,munoz
109971,Female,58,,unassigned,myers
109975,Female,39,Not Pregnant,self pay,diaz
109976,Male,58,,charity care,bird
109977,Female,53,,medical assistance,hanson
109979,Female,31,Not Pregnant,other,mcclure
109980,Male,18,,charity care,acevedo
109987,Female,59,,charity care,ritter
109997,Male,27,,medical assistance,mccormick
109999,Male,47,,medical assistance,hodges
110002,Male,16,,charity care,owen
110003,Female,16,,other,pierce
110004,Female,20,Not Pregnant,charity care,brennan
110005,Female,45,,self pay,vasquez
110007,Female,63,,medical assistance,valenzuela
110008,Female,14,,medical assistance,fuller
110010,Female,55,,self pay,ellis
110012,Female,56,,charity care,morgan
110016,Female,29,Not Pregnant,charity care,yates
110018,Female,20,Not Pregnant,self pay,larson
110020,Female,16,,unassigned,chavez
110027,Female,22,Not Pregnant,other,chan
110028,Female,23,Not Pregnant,charity care,wilcox
110030,Female,27,Not Pregnant,medical assistance,briggs
110035,Female,27,Not Pregnant,self pay,richmond
110037,Male,69,,unassigned,wilkins
110038,Female,58,,self pay,wilkerson
110040,Male,28,,medical assistance,morse
110041,Female,44,Not Pregnant,medical assistance,ochoa
110042,Female,62,,medical assistance,haney
110049,Female,14,,charity care,wang
110052,Male,42,,self pay,humphrey
110054,Male,44,,unassigned,whitaker
110055,Male,70,,other,nicholson
110056,Male,63,,self pay,ponce
110057,Male,69,,other,lucas
110059,Male,38,,other,kirby
110062,Female,40,Not Pregnant,unassigned,calhoun
110063,Female,18,,unassigned,gardner
110065,Male,60,,medical assistance,noble
110066,Male,14,,other,sherman
110067,Male,25,,unassigned,ellis
110070,Female,41,Not Pregnant,self pay,roberson
110071,Male,59,,medical assistance,avery
110072,Female,15,,self pay,townsend
110074,Male,41,,other,cunningham
110079,Female,54,,self pay,young
110082,Female,78,,self pay,todd
110085,Male,60,,self pay,lutz
110087,Male,62,,charity care,reese
110088,Male,30,,unassigned,hinton
110090,Male,56,,charity care,bowen
110095,Male,14,,unassigned,fox
110098,Male,21,,unassigned,dixon
110101,Male,14,,other,bean
110102,Female,45,,other,dudley
110103,Male,80,,unassigned,herrera
110105,Female,25,Not Pregnant,self pay,waller
110107,Female,72,,charity care,finley
110112,Female,36,Not Pregnant,charity care,dean
110114,Female,44,Not Pregnant,charity care,boyle
110116,Female,35,Not Pregnant,self pay,herrera
110117,Male,24,,self pay,jefferson
110118,Male,37,,charity care,malone
110123,Female,28,Not Pregnant,medical assistance,sandoval
110125,Female,60,,charity care,arellano
110127,Female,48,,charity care,little
110128,Male,48,,medical assistance,baxter
110130,Female,54,,other,taylor
110131,Male,69,,medical assistance,dean
110133,Male,13,,medical assistance,liu
110134,Male,49,,other,callahan
110135,Male,40,,unassigned,barnes
110136,Male,38,,self pay,sullivan
110137,Male,52,,unassigned,mcneil
110139,Male,41,,other,weber
110142,Male,61,,other,drake
110144,Female,50,,unassigned,armstrong
110148,Male,14,,self pay,avery
110151,Female,63,,self pay,mckee
110153,Male,70,,charity care,blair
110155,Male,22,,charity care,coffey
110160,Male,13,,medical assistance,mclaughlin
110162,Male,15,,unassigned,lynch
110163,Female,13,,self pay,owens
110165,Male,54,,medical assistance,velazquez
110167,Female,29,Not Pregnant,self pay,foley
110172,Female,53,,medical assistance,nicholson
110176,Female,38,Not Pregnant,unassigned,harrison
110178,Female,57,,other,anderson
110184,Female,59,,other,boyer
110185,Female,80,,charity care,rangel
110186,Female,27,Not Pregnant,other,haynes
110187,Female,58,,unassigned,pacheco
110188,Female,63,,self pay,castillo
110190,Female,19,,medical assistance,bird
110191,Male,80,,unassigned,mcdowell
110194,Female,74,,medical assistance,roberts
110195,Male,14,,self pay,byrd
110196,Male,67,,other,humphrey
110199,Male,17,,charity care,bass
110200,Female,60,,self pay,barr
110204,Male,70,,charity care,owens
110205,Male,13,,medical assistance,kemp
110207,Female,52,,other,wallace
110208,Female,57,,other,graves
110214,Female,32,Not Pregnant,self pay,dunn
110217,Female,60,,self pay,prince
110218,Female,28,Not Pregnant,self pay,tran
110224,Female,34,Not Pregnant,medical assistance,foster
110225,Male,17,,charity care,martin
110228,Male,44,,medical assistance,carpenter
110240,Male,37,,unassigned,cochran
110242,Male,80,,other,lewis
110243,Female,29,Not Pregnant,self pay,arias
110245,Female,12,,unassigned,sheppard
110248,Female,29,Unable to Determine,medical assistance,ibarra
110252,Male,70,,medical assistance,ford
110258,Male,70,,charity care,simmons
110264,Male,63,,self pay,valdez
110265,Male,42,,other,burke
110266,Female,29,Not Pregnant,self pay,gaines
110267,Male,15,,self pay,hardin
110272,Male,45,,other,nicholson
110273,Female,75,,charity care,meyer
110275,Male,12,,self pay,mccarty
110276,Male,46,,unassigned,walters
110279,Female,70,,self pay,cannon
110284,Male,14,,charity care,stevens
110289,Male,36,,unassigned,lloyd
110291,Male,64,,unassigned,nolan
110293,Male,21,,other,villa
110295,Female,77,,medical assistance,hammond
110296,Male,48,,charity care,carlson
110297,Male,16,,medical assistance,castillo
110304,Male,36,,charity care,gibson
110305,Female,19,,self pay,richards
110306,Female,53,,medical assistance,simpson
110308,Female,80,,unassigned,brennan
110309,Male,19,,self pay,bonilla
110311,Female,79,,other,mata
110314,Female,37,Not Pregnant,self pay,maynard
110315,Female,18,,medical assistance,stafford
110317,Female,64,,self pay,crosby
110318,Male,61,,unassigned,owens
110321,Male,46,,medical assistance,vincent
110322,Male,46,,self pay,morgan
110323,Female,48,,other,terry
110326,Male,39,,self pay,fitzpatrick
110328,Male,63,,charity care,villa
110329,Male,80,,self pay,tyler
110330,Male,16,,other,jordan
110332,Female,49,,charity care,yu
110336,Female,61,,other,haley
110341,Male,49,,medical assistance,zuniga
110342,Female,34,Not Pregnant,charity care,gould
110345,Female,14,,unassigned,hudson
110347,Male,32,,medical assistance,huff
110350,Female,67,,self pay,mccarthy
110351,Male,49,,other,sampson
110352,Male,18,,medical assistance,sparks
110356,Male,43,,other,kaufman
110359,Female,65,,other,bridges
110360,Female,13,,self pay,foley
110366,Male,61,,medical assistance,livingston
110376,Female,37,Not Pregnant,charity care,maxwell
110377,Female,80,,self pay,rojas
110378,Female,44,Not Pregnant,unassigned,velasquez
110379,Female,20,Not Pregnant,medical assistance,conway
110380,Male,21,,other,duncan
110381,Female,40,Not Pregnant,other,oconnor
110384,Male,80,,self pay,jones
110386,Female,75,,other,scott
110389,Male,70,,medical assistance,ali
110390,Male,61,,charity care,trevino
110391,Female,33,Not Pregnant,unassigned,bell
110394,Male,40,,self pay,perez
110396,Male,47,,self pay,petersen
110405,Male,52,,charity care,rowland
110406,Female,31,Not Pregnant,charity care,walsh
110408,Female,35,Not Pregnant,other,barrera
110410,Female,65,,other,mcfarland
110412,Male,74,,other,holmes
110414,Male,28,,other,little
110418,Female,62,,unassigned,bradley
110420,Male,16,,unassigned,manning
110421,Female,74,,unassigned,navarro
110425,Female,31,Not Pregnant,other,lawrence
110426,Male,62,,unassigned,cook
110427,Female,28,Not Pregnant,unassigned,crawford
110430,Female,46,,unassigned,potts
110431,Female,65,,other,zamora
110432,Male,16,,self pay,reyes
110433,Female,15,,medical assistance,hendrix
110438,Female,61,,self pay,hill
110442,Female,38,Not Pregnant,charity care,bartlett
110443,Female,71,,self pay,patel
110446,Male,56,,self pay,berger
110449,Female,53,,medical assistance,adkins
110450,Male,39,,other,campbell
110453,Female,69,,charity care,irwin
110454,Female,60,,unassigned,valenzuela
110461,Male,50,,unassigned,brandt
110463,Male,70,,other,cowan
110464,Female,47,,other,johnston
110465,Female,58,,charity care,yoder
110467,Female,33,Not Pregnant,unassigned,dillon
110470,Female,17,,medical assistance,powers
110473,Male,44,,self pay,levine
110474,Female,56,,unassigned,pugh
110476,Female,22,Not Pregnant,unassigned,blake
110477,Male,23,,medical assistance,coleman
110478,Male,18,,medical assistance,holland
110481,Male,15,,self pay,bradley
110482,Male,77,,other,sweeney
110486,Female,13,,self pay,pittman
110488,Male,71,,charity care,atkinson
110489,Male,80,,other,hammond
110492,Female,39,Not Pregnant,self pay,nicholson
110495,Female,54,,charity care,blevins
110496,Female,52,,unassigned,huang
110497,Female,18,,self pay,barry
110498,Female,54,,other,villegas
110503,Female,34,Not Pregnant,medical assistance,peterson
110507,Female,19,,self pay,fowler
110508,Female,61,,charity care,alvarado
110509,Male,60,,self pay,little
110510,Female,59,,medical assistance,russo
110520,Male,25,,unassigned,blackwell
110521,Female,19,,other,hurst
110522,Male,64,,charity care,melton
110524,Male,58,,other,williams
110526,Male,23,,other,lawson
110527,Female,39,Not Pregnant,medical assistance,frey
110531,Female,68,,charity care,duffy
110532,Female,57,,other,hunt
110534,Male,17,,other,bradshaw
110538,Female,63,,charity care,gomez
110541,Male,18,,medical assistance,mcclain
110542,Male,16,,other,lutz
110543,Female,27,Not Pregnant,charity care,gonzalez
110544,Male,61,,medical assistance,delacruz
110546,Male,40,,unassigned,mercado
110547,Male,40,,other,moreno
110548,Female,55,,self pay,elliott
110552,Female,34,Not Pregnant,unassigned,maxwell
110553,Female,24,Not Pregnant,other,werner
110571,Female,59,,medical assistance,tapia
110572,Female,39,Not Pregnant,other,leblanc
110573,Male,61,,charity care,andrade
110575,Male,80,,medical assistance,chavez
110576,Female,37,Not Pregnant,self pay,russo
110577,Female,13,,medical assistance,mata
110578,Male,66,,charity care,mckenzie
110579,Male,48,,charity care,cummings
110585,Female,12,,unassigned,hull
110588,Female,65,,charity care,carter
110590,Female,15,,self pay,villa
110593,Male,19,,other,powell
110594,Male,19,,medical assistance,hurst
110598,Male,15,,self pay,landry
110601,Female,13,,medical assistance,ortiz
110602,Female,30,Not Pregnant,self pay,campos
110603,Male,56,,other,pollard
110604,Male,19,,other,charles
110606,Female,33,Not Pregnant,other,webb
110608,Male,60,,charity care,daniels
110610,Female,29,Not Pregnant,charity care,benitez
110613,Male,53,,other,guerra
110615,Female,75,,self pay,mcneil
110617,Male,75,,self pay,deleon
110619,Female,80,,other,houston
110622,Male,66,,medical assistance,mills
110624,Male,43,,other,hester
110625,Female,78,,medical assistance,bishop
110626,Female,33,Not Pregnant,other,reynolds
110628,Female,63,,unassigned,stanton
110629,Female,80,,other,lucero
110632,Male,14,,unassigned,irwin
110638,Male,60,,charity care,levy
110642,Male,17,,self pay,becker
110645,Female,43,Not Pregnant,other,martin
110646,Male,14,,other,rhodes
110649,Female,17,,charity care,hale
110651,Male,63,,medical assistance,bowen
110655,Male,39,,unassigned,marks
110656,Male,80,,other,boyle
110657,Male,28,,medical assistance,kidd
110662,Female,76,,self pay,burch
110663,Male,59,,medical assistance,lyons
110665,Female,58,,medical assistance,brooks
110667,Male,15,,medical assistance,levy
110669,Male,30,,medical assistance,waters
110672,Female,80,,self pay,atkins
110673,Male,69,,charity care,mejia
110674,Male,44,,medical assistance,warner
110675,Female,80,,self pay,villa
110677,Male,13,,unassigned,hess
110681,Male,28,,other,moore
110685,Male,15,,unassigned,arnold
110686,Male,38,,charity care,bray
110687,Male,61,,charity care,patrick
110688,Female,34,Not Pregnant,unassigned,anderson
110694,Female,16,,medical assistance,andrews
110698,Female,67,,medical assistance,vargas
110700,Male,68,,charity care,knight
110702,Male,39,,self pay,mcclain
110703,Male,78,,charity care,mooney
110704,Male,63,,medical assistance,chambers
110705,Male,40,,medical assistance,shea
110706,Male,51,,unassigned,higgins
110711,Female,40,Not Pregnant,charity care,mcgrath
110713,Female,26,Not Pregnant,self pay,mata
110714,Female,67,,medical assistance,jennings
110715,Male,55,,medical assistance,decker
110716,Female,55,,unassigned,sims
110717,Female,61,,unassigned,howe
110721,Female,80,,charity care,klein
110722,Male,25,,self pay,sanders
110723,Male,73,,charity care,meza
110728,Male,72,,unassigned,peck
110730,Female,29,Not Pregnant,unassigned,stone
110736,Female,49,,charity care,hurst
110737,Male,77,,other,kim
110740,Male,12,,other,irwin
110742,Male,55,,self pay,kaufman
110743,Male,13,,self pay,chaney
110744,Male,80,,unassigned,wolfe
110745,Female,17,,other,berg
110747,Male,80,,charity care,morgan
110749,Female,80,,self pay,walter
110751,Female,69,,unassigned,bishop
110756,Male,17,,self pay,strickland
110759,Male,54,,other,andrews
110760,Male,28,,self pay,bartlett
110765,Female,59,,charity care,hardin
110766,Female,20,Not Pregnant,self pay,logan
110769,Female,18,,unassigned,vincent
110770,Male,67,,unassigned,rodgers
110773,Female,18,,charity care,holden
110775,Male,71,,unassigned,fitzgerald
110779,Female,70,,medical assistance,barajas
110780,Female,37,Not Pregnant,charity care,schaefer
110781,Male,62,,other,durham
110784,Female,32,Not Pregnant,charity care,payne
110785,Male,26,,self pay,pruitt
110789,Female,36,Not Pregnant,charity care,blackburn
110790,Male,13,,unassigned,heath
110791,Female,56,,unassigned,schneider
110792,Female,44,Not Pregnant,self pay,goodman
110794,Female,58,,medical assistance,raymond
110796,Female,50,,charity care,price
110803,Female,80,,other,cline
110806,Female,53,,medical assistance,bryant
110808,Female,13,,other,sharp
110810,Male,70,,medical assistance,curry
110813,Male,66,,other,cabrera
110814,Male,21,,unassigned,escobar
110815,Female,13,,self pay,beard
110816,Female,29,Not Pregnant,medical assistance,hughes
110820,Male,63,,unassigned,hughes
110824,Female,37,Pregnant,other,craig
110826,Female,26,Pregnant,self pay,glover
110830,Male,33,,self pay,sherman
110833,Female,68,,self pay,shaw
110834,Male,72,,charity care,vargas
110836,Male,45,,charity care,arellano
110848,Male,19,,self pay,kim
110849,Male,79,,charity care,hines
110851,Female,26,Not Pregnant,medical assistance,strong
110853,Male,42,,charity care,lee
110854,Male,38,,self pay,rich
110856,Male,12,,charity care,roberts
110860,Female,20,Not Pregnant,other,kelley
110861,Female,67,,other,gaines
110862,Male,26,,charity care,crawford
110863,Male,13,,self pay,velazquez
110864,Male,13,,unassigned,reynolds
110865,Male,24,,other,powers
110867,Male,80,,self pay,cohen
110868,Male,40,,other,mcpherson
110871,Male,18,,unassigned,cain
110872,Female,51,,self pay,terrell
110875,Male,63,,medical assistance,short
110880,Female,12,,medical assistance,randall
110881,Female,29,Not Pregnant,unassigned,ingram
110882,Male,70,,self pay,clarke
110884,Male,79,,self pay,rich
110886,Male,64,,other,mills
110890,Female,41,Not Pregnant,other,haley
110894,Female,50,,charity care,bolton
110897,Male,50,,other,chase
110898,Male,41,,charity care,dalton
110899,Female,29,Not Pregnant,self pay,harding
110906,Female,66,,charity care,harrell
110910,Male,46,,medical assistance,dunn
110915,Female,80,,medical assistance,turner
110916,Female,33,Not Pregnant,medical assistance,colon
110917,Male,47,,unassigned,deleon
110918,Male,65,,medical assistance,macias
110920,Female,67,,self pay,george
110921,Female,33,Not Pregnant,self pay,harmon
110923,Female,13,,medical assistance,armstrong
110929,Male,80,,unassigned,powers
110935,Male,61,,charity care,winters
110940,Female,55,,charity care,sanford
110941,Female,59,,charity care,maldonado
110944,Male,73,,unassigned,key
110950,Male,57,,unassigned,padilla
110953,Female,64,,other,juarez
110956,Female,76,,unassigned,bartlett
110957,Male,31,,unassigned,adams
110961,Male,60,,self pay,bryan
110963,Female,15,,unassigned,duke
110966,Female,29,Not Pregnant,other,allen
110971,Male,68,,other,ali
110972,Female,16,,other,marshall
110975,Female,58,,self pay,kaufman
110976,Female,22,Not Pregnant,self pay,campos
110977,Male,41,,charity care,wiley
110979,Male,51,,self pay,clayton
110984,Female,44,Not Pregnant,medical assistance,fitzgerald
110985,Male,25,,self pay,daniel
110987,Male,51,,medical assistance,hernandez
110988,Male,18,,self pay,huber
110990,Male,71,,unassigned,leblanc
110993,Male,60,,medical assistance,harper
110995,Female,28,Not Pregnant,charity care,ford
110998,Female,25,Pregnant,other,barajas
111002,Female,79,,self pay,shields
111003,Female,23,Not Pregnant,medical assistance,perez
111007,Male,26,,medical assistance,saunders
111008,Female,80,,other,smith
111012,Female,65,,medical assistance,moss
111015,Female,16,,unassigned,delacruz
111021,Male,69,,other,reilly
111023,Female,61,,charity care,hopkins
111030,Female,69,,charity care,daugherty
111032,Female,47,,other,hodge
111037,Male,34,,self pay,brown
111039,Female,44,Not Pregnant,medical assistance,fields
111041,Male,17,,unassigned,weeks
111042,Male,41,,other,rios
111043,Male,77,,other,cardenas
111045,Male,38,,medical assistance,johnson
111046,Female,50,,charity care,zhang
111047,Female,74,,self pay,mcgrath
111053,Female,64,,medical assistance,case
111054,Male,64,,other,mccann
111055,Male,18,,other,medina
111056,Male,17,,other,meza
111057,Male,12,,charity care,ali
111058,Female,32,Not Pregnant,self pay,potts
111060,Female,23,Not Pregnant,other,caldwell
111062,Male,55,,self pay,benjamin
111063,Female,60,,self pay,irwin
111065,Female,48,,self pay,norton
111073,Female,18,,self pay,branch
111077,Female,67,,other,zuniga
111078,Female,67,,medical assistance,hopkins
111079,Female,31,Not Pregnant,medical assistance,butler
111081,Male,67,,charity care,alvarez
111083,Male,28,,self pay,anderson
111085,Female,22,Not Pregnant,self pay,cunningham
111090,Female,15,,unassigned,larsen
111092,Female,66,,other,smith
111094,Male,35,,medical assistance,rios
111095,Female,65,,unassigned,nash
111096,Female,32,Not Pregnant,self pay,fuller
111098,Male,45,,unassigned,watson
111102,Male,67,,charity care,dickerson
111103,Male,15,,medical assistance,fuentes
111105,Male,66,,unassigned,curry
111110,Female,45,,unassigned,walker
111112,Male,45,,other,silva
111114,Female,80,,charity care,sanford
111117,Female,60,,other,juarez
111120,Male,50,,other,navarro
111122,Male,29,,charity care,hickman
111123,Male,80,,self pay,mckee
111124,Female,24,Not Pregnant,charity care,fitzpatrick
111126,Female,26,Not Pregnant,self pay,haynes
111130,Male,34,,charity care,singleton
111138,Female,57,,medical assistance,luna
111140,Female,80,,unassigned,williams
111141,Male,16,,medical assistance,melton
111144,Male,80,,other,miles
111145,Male,46,,other,garrett
111149,Female,43,Not Pregnant,unassigned,stanton
111152,Female,31,Not Pregnant,medical assistance,thornton
111154,Female,26,Not Pregnant,self pay,terry
111159,Female,60,,other,mckenzie
111160,Male,49,,unassigned,conley
111162,Female,43,Not Pregnant,medical assistance,travis
111163,Male,22,,self pay,weaver
111164,Male,64,,medical assistance,owen
111165,Male,40,,charity care,schmidt
111172,Male,14,,self pay,boyer
111173,Female,58,,self pay,russo
111175,Female,46,,other,sheppard
111178,Female,74,,self pay,keller
111181,Male,18,,other,rowland
111183,Female,55,,charity care,brennan
111184,Male,16,,unassigned,booth
111185,Male,69,,unassigned,ruiz
111189,Female,36,Not Pregnant,other,fisher
111191,Female,41,Not Pregnant,charity care,horton
111192,Male,54,,other,woodward
111194,Female,63,,self pay,abbott
111196,Male,80,,unassigned,petersen
111199,Female,47,,other,santana
111201,Male,50,,other,vega
111202,Male,49,,self pay,ramos
111203,Female,62,,charity care,rogers
111204,Female,32,Pregnant,unassigned,schmidt
111207,Male,77,,charity care,moses
111208,Female,36,Not Pregnant,charity care,mullins
111210,Female,71,,unassigned,huffman
111215,Male,67,,charity care,osborn
111216,Male,76,,charity care,cabrera
111219,Female,31,Not Pregnant,medical assistance,kramer
111220,Male,24,,self pay,morgan
111221,Male,80,,self pay,black
111222,Female,53,,unassigned,benton
111224,Female,25,Not Pregnant,unassigned,larsen
111226,Male,80,,self pay,brock
111229,Male,64,,self pay,schultz
111232,Female,59,,charity care,zamora
111233,Male,32,,charity care,davidson
111235,Female,45,,other,sanchez
111236,Male,40,,self pay,santos
111238,Male,38,,charity care,tran
111244,Female,22,Not Pregnant,charity care,suarez
111247,Male,71,,other,davidson
111250,Female,57,,unassigned,zuniga
111253,Male,71,,medical assistance,levy
111254,Male,39,,unassigned,larson
111255,Male,78,,other,burke
111256,Female,63,,unassigned,wilkins
111257,Male,70,,charity care,carrillo
111262,Female,71,,unassigned,russo
111263,Male,57,,medical assistance,mueller
111265,Female,18,,self pay,clayton
111266,Male,76,,self pay,mcgee
111267,Male,16,,medical assistance,mueller
111269,Male,17,,self pay,wolf
111270,Male,24,,unassigned,simmons
111271,Female,28,Not Pregnant,unassigned,melendez
111279,Male,40,,other,murray
111281,Male,80,,self pay,velasquez
111283,Female,42,Not Pregnant,other,winters
111284,Male,65,,other,collier
111285,Female,16,,other,turner
111287,Male,50,,medical assistance,pacheco
111288,Male,56,,unassigned,moon
111294,Male,47,,medical assistance,everett
111295,Female,15,,charity care,ramos
111296,Female,40,Not Pregnant,other,sims
111297,Male,70,,medical assistance,carrillo
111303,Male,27,,medical assistance,pope
111305,Male,68,,unassigned,dillon
111311,Female,58,,self pay,warner
111314,Male,17,,medical assistance,brooks
111315,Female,63,,other,atkins
111316,Male,39,,unassigned,valenzuela
111317,Female,45,,medical assistance,zuniga
111318,Female,58,,unassigned,bennett
111321,Female,43,Not Pregnant,charity care,stokes
111322,Female,62,,charity care,nolan
111323,Male,43,,self pay,sosa
111324,Male,64,,other,barnes
111326,Female,50,,other,hayden
111328,Male,68,,self pay,rocha
111330,Female,19,,self pay,summers
111332,Female,57,,other,guerra
111333,Female,73,,other,hughes
111335,Female,55,,unassigned,hale
111336,Male,77,,other,cooley
111337,Female,67,,charity care,jenkins
111338,Male,60,,medical assistance,dillon
111343,Female,67,,unassigned,pearson
111348,Male,37,,unassigned,serrano
111349,Female,13,,unassigned,english
111350,Male,62,,other,arroyo
111354,Male,58,,medical assistance,mcmahon
111355,Female,62,,unassigned,atkinson
111357,Female,60,,medical assistance,george
111360,Male,53,,medical assistance,wolfe
111363,Male,74,,charity care,rasmussen
111364,Male,67,,charity care,ingram
111365,Female,34,Not Pregnant,charity care,washington
111366,Male,22,,self pay,sullivan
111369,Female,17,,other,waters
111370,Female,34,Not Pregnant,medical assistance,carter
111372,Male,18,,charity care,richards
111377,Male,51,,medical assistance,schwartz
111378,Female,63,,self pay,li
111380,Male,67,,other,cordova
111382,Male,60,,other,good
111385,Female,63,,other,rivers
111389,Female,65,,unassigned,massey
111394,Male,62,,medical assistance,acevedo
111396,Female,47,,medical assistance,horn
111400,Female,28,Not Pregnant,unassigned,shannon
111405,Male,44,,other,downs
111408,Male,36,,self pay,garrett
111411,Female,50,,self pay,decker
111416,Female,52,,charity care,morse
111418,Female,19,,medical assistance,sutton
111420,Male,42,,unassigned,finley
111422,Male,71,,medical assistance,pacheco
111424,Male,61,,self pay,bradford
111425,Male,36,,medical assistance,bright
111427,Male,54,,charity care,wilkerson
111428,Male,44,,charity care,moran
111429,Male,29,,unassigned,molina
111430,Female,28,Not Pregnant,other,neal
111433,Male,51,,unassigned,mathews
111436,Female,44,Not Pregnant,charity care,cameron
111438,Female,17,,charity care,macias
111440,Female,48,,medical assistance,pearson
111442,Male,79,,other,sparks
111449,Male,59,,other,hodge
111452,Male,62,,other,yoder
111456,Male,35,,charity care,hogan
111461,Female,80,,charity care,huff
111463,Male,63,,other,bond
111465,Female,19,,unassigned,arnold
111471,Male,24,,self pay,norris
111476,Female,47,,unassigned,vincent
111485,Female,15,,self pay,gutierrez
111486,Male,32,,self pay,walls
111488,Male,21,,self pay,jordan
111489,Female,35,Not Pregnant,medical assistance,barr
111491,Female,58,,charity care,jarvis
111492,Female,42,Not Pregnant,unassigned,ho
111493,Female,74,,unassigned,salas
111494,Male,58,,unassigned,webb
111501,Male,56,,charity care,espinoza
111502,Female,64,,charity care,pearson
111503,Male,46,,medical assistance,kelley
111504,Female,32,Not Pregnant,self pay,bailey
111508,Female,48,,unassigned,dennis
111509,Female,16,,medical assistance,russell
111511,Male,32,,charity care,joyce
111512,Male,39,,unassigned,hubbard
111513,Male,66,,medical assistance,kaufman
111514,Female,64,,other,rangel
111516,Male,61,,self pay,hampton
111519,Female,32,Not Pregnant,unassigned,pennington
111520,Female,58,,medical assistance,figueroa
111523,Female,59,,unassigned,hebert
111525,Male,61,,charity care,ryan
111528,Male,36,,medical assistance,fox
111530,Male,16,,self pay,gordon
111533,Female,25,Not Pregnant,charity care,thompson
111535,Female,64,,charity care,gregory
111537,Male,19,,self pay,saunders
111543,Female,30,Not Pregnant,other,mata
111546,Male,58,,unassigned,haney
111548,Male,79,,unassigned,mathis
111550,Female,76,,other,malone
111551,Female,39,Not Pregnant,unassigned,huynh
111554,Male,79,,unassigned,lynn
111555,Female,29,Not Pregnant,self pay,morse
111556,Female,52,,charity care,coffey
111557,Female,48,,charity care,mejia
111560,Female,72,,other,coffey
111564,Male,61,,other,barrett
111572,Female,26,Not Pregnant,unassigned,watts
111574,Male,71,,medical assistance,salazar
111577,Male,53,,self pay,pittman
111581,Male,15,,charity care,sanders
111587,Male,46,,unassigned,mitchell
111588,Male,49,,other,collier
111590,Female,40,Not Pregnant,medical assistance,maxwell
111592,Male,12,,medical assistance,collier
111595,Male,43,,charity care,leach
111602,Male,79,,other,ali
111604,Female,62,,other,barajas
111605,Male,25,,unassigned,cunningham
111610,Male,63,,medical assistance,ingram
111616,Female,63,,medical assistance,burns
111618,Male,48,,other,meyer
111620,Male,19,,other,mcguire
111622,Female,13,,self pay,lopez
111623,Female,27,Not Pregnant,medical assistance,mann
111629,Male,57,,other,chambers
111631,Male,71,,unassigned,mcdowell
111632,Male,50,,other,hale
111633,Female,42,Not Pregnant,self pay,baldwin
111635,Male,64,,charity care,gray
111638,Male,33,,self pay,robinson
111639,Male,71,,other,moses
111640,Male,51,,other,mayer
111642,Male,80,,unassigned,fletcher
111646,Female,30,Not Pregnant,self pay,chan
111647,Male,80,,medical assistance,adkins
111648,Female,13,,charity care,reynolds
111649,Male,74,,charity care,campbell
111650,Female,32,Not Pregnant,self pay,knapp
111654,Male,16,,other,lynch
111658,Female,50,,medical assistance,oconnor
111659,Male,32,,self pay,white
111660,Female,58,,self pay,sweeney
111663,Female,68,,other,burch
111666,Female,41,Not Pregnant,self pay,noble
111668,Male,52,,self pay,graham
111670,Female,48,,other,orr
111675,Female,35,Not Pregnant,self pay,velazquez
111676,Female,24,Not Pregnant,self pay,wise
111678,Male,77,,medical assistance,swanson
111679,Female,49,,medical assistance,colon
111682,Female,59,,unassigned,burnett
111683,Female,20,Not Pregnant,self pay,kidd
111684,Female,15,,charity care,cummings
111689,Female,14,,other,pollard
111695,Female,30,Not Pregnant,unassigned,mendez
111698,Female,65,,charity care,davenport
111701,Male,80,,unassigned,garza
111703,Male,48,,other,riley
111709,Male,13,,other,levy
111712,Male,60,,other,ford
111716,Female,55,,unassigned,nelson
111717,Female,56,,other,yoder
111720,Female,35,Not Pregnant,unassigned,walsh
111723,Female,66,,charity care,kaiser
111724,Female,31,Not Pregnant,other,calderon
111726,Female,43,Not Pregnant,charity care,hurley
111728,Male,80,,charity care,summers
111729,Male,31,,unassigned,peterson
111731,Female,21,Not Pregnant,other,atkins
111732,Female,46,,medical assistance,brennan
111734,Male,45,,medical assistance,mcintosh
111736,Female,54,,self pay,english
111741,Female,69,,other,kirk
111744,Female,41,Not Pregnant,other,turner
111748,Female,16,,unassigned,dominguez
111751,Female,55,,other,jensen
111752,Male,54,,self pay,crawford
111756,Female,16,,unassigned,gamble
111758,Female,31,Not Pregnant,charity care,bray
111760,Male,47,,unassigned,wyatt
111762,Female,41,Not Pregnant,other,villa
111765,Male,30,,unassigned,mcdowell
111766,Female,33,Not Pregnant,unassigned,dean
111767,Male,26,,self pay,english
111768,Male,25,,unassigned,scott
111772,Male,57,,other,mullins
111774,Female,19,,unassigned,benjamin
111776,Female,70,,self pay,jarvis
111777,Male,23,,other,wiggins
111781,Female,72,,other,carlson
111786,Female,61,,self pay,harrell
111787,Male,57,,other,olsen
111791,Female,52,,charity care,chen
111794,Male,35,,charity care,park
111795,Male,59,,unassigned,bradford
111796,Male,34,,unassigned,newton
111798,Female,80,,charity care,harrington
111799,Female,80,,medical assistance,eaton
111800,Female,58,,other,montoya
111801,Female,35,Not Pregnant,unassigned,floyd
111802,Female,20,Not Pregnant,medical assistance,kelly
111803,Male,36,,self pay,miller
111804,Female,60,,self pay,hubbard
111808,Female,22,Unable to Determine,other,love
111810,Male,80,,self pay,murray
111811,Female,26,Not Pregnant,self pay,cherry
111814,Male,54,,unassigned,shaffer
111820,Female,19,,charity care,bright
111821,Female,59,,medical assistance,farley
111822,Female,14,,unassigned,gordon
111823,Male,80,,unassigned,singh
111825,Male,34,,charity care,walls
111827,Male,40,,charity care,ball
111828,Female,39,Not Pregnant,unassigned,french
111831,Male,41,,unassigned,douglas
111833,Female,26,Not Pregnant,medical assistance,santiago
111835,Male,72,,charity care,trujillo
111836,Male,12,,self pay,riggs
111837,Male,19,,other,wolf
111838,Male,16,,other,foley
111839,Female,61,,charity care,pruitt
111840,Male,80,,medical assistance,roy
111844,Male,14,,unassigned,bennett
111845,Female,34,Not Pregnant,charity care,sexton
111846,Female,23,Not Pregnant,unassigned,ross
111849,Male,41,,other,todd
111850,Female,42,Not Pregnant,other,baldwin
111855,Male,14,,other,greer
111860,Female,80,,medical assistance,ellison
111861,Male,15,,charity care,solis
111864,Male,34,,other,mcpherson
111868,Female,48,,self pay,barr
111869,Female,44,Not Pregnant,other,valentine
111870,Female,70,,self pay,moss
111871,Female,43,Not Pregnant,self pay,gonzalez
111872,Female,38,Not Pregnant,self pay,macdonald
111874,Male,61,,self pay,melendez
111875,Female,56,,medical assistance,eaton
111876,Male,54,,unassigned,frazier
111879,Male,70,,medical assistance,mata
111882,Female,64,,charity care,moore
111884,Male,60,,charity care,ortiz
111890,Male,60,,medical assistance,horne
111893,Female,66,,medical assistance,smith
111894,Male,21,,unassigned,reid
111895,Male,66,,other,martinez
111898,Female,74,,medical assistance,howell
111900,Female,55,,unassigned,simmons
111904,Female,53,,unassigned,castillo
111908,Female,64,,unassigned,frazier
111909,Female,56,,medical assistance,dixon
111912,Male,16,,charity care,case
111913,Male,48,,self pay,moreno
111915,Male,12,,other,herrera
111917,Male,41,,unassigned,goodwin
111918,Female,80,,unassigned,fischer
111921,Male,80,,unassigned,kline
111925,Male,22,,unassigned,kelly
111926,Female,13,,medical assistance,dean
111927,Female,54,,other,anderson
111930,Male,73,,medical assistance,reese
111934,Female,63,,other,arias
111935,Female,48,,medical assistance,gaines
111936,Female,13,,other,barton
111938,Female,57,,charity care,wagner
111942,Male,27,,unassigned,beard
111943,Male,80,,medical assistance,villanueva
111944,Female,32,Not Pregnant,other,barnes
111945,Male,74,,charity care,robles
111947,Male,45,,medical assistance,archer
111951,Female,19,,other,arroyo
111952,Female,17,,unassigned,hester
111955,Female,17,,other,villarreal
111960,Female,41,Not Pregnant,charity care,nunez
111963,Female,20,Not Pregnant,medical assistance,lamb
111966,Male,33,,unassigned,whitaker
111968,Male,70,,charity care,holmes
111970,Female,35,Not Pregnant,unassigned,jimenez
111972,Female,37,Not Pregnant,charity care,mora
111973,Female,51,,charity care,waters
111974,Male,26,,charity care,maddox
111977,Male,80,,self pay,mckinney
111982,Female,25,Not Pregnant,medical assistance,bowen
111986,Male,60,,self pay,clarke
111989,Female,15,,self pay,alvarado
111990,Female,61,,medical assistance,velez
111991,Female,44,Not Pregnant,other,gibson
111999,Male,47,,charity care,ellis
112001,Male,59,,medical assistance,holloway
112002,Female,33,Unable to Determine,charity care,krause
112004,Male,19,,other,whitney
112005,Male,77,,charity care,harper
112008,Male,77,,self pay,golden
112010,Male,29,,other,middleton
112011,Male,60,,medical assistance,maxwell
112013,Female,14,,self pay,mcdonald
112015,Female,79,,charity care,mclean
112016,Female,55,,charity care,clark
112017,Female,14,,unassigned,trevino
112018,Male,29,,unassigned,poole
112019,Female,74,,unassigned,wu
112020,Female,20,Not Pregnant,self pay,frederick
112021,Female,52,,charity care,jensen
112023,Female,41,Not Pregnant,unassigned,cooke
112025,Male,57,,unassigned,sawyer
112026,Male,12,,other,sparks
112027,Male,20,,other,holloway
112028,Female,55,,unassigned,campos
112030,Male,72,,other,melton
112031,Male,18,,self pay,graves
112033,Female,17,,medical assistance,schroeder
112035,Male,14,,medical assistance,may
112036,Male,13,,other,goodwin
112038,Male,33,,charity care,hebert
112045,Male,67,,self pay,wilkins
112050,Female,61,,charity care,dickerson
112051,Male,13,,unassigned,drake
112052,Male,44,,charity care,decker
112055,Female,39,Not Pregnant,charity care,fowler
112058,Male,17,,charity care,donovan
112060,Male,43,,unassigned,wiggins
112063,Female,41,Not Pregnant,charity care,medina
112064,Male,12,,medical assistance,beard
112077,Female,25,Not Pregnant,charity care,blake
112078,Male,61,,unassigned,fletcher
112079,Female,70,,self pay,duke
112080,Male,56,,medical assistance,crane
112082,Male,15,,medical assistance,gregory
112084,Male,74,,charity care,briggs
112085,Female,20,Not Pregnant,other,abbott
112088,Female,26,Not Pregnant,charity care,pollard
112089,Female,54,,other,page
112095,Male,67,,self pay,adkins
112099,Female,72,,medical assistance,mccall
112102,Male,38,,medical assistance,cordova
112106,Male,30,,charity care,meza
112109,Male,38,,charity care,combs
112113,Female,70,,charity care,booker
112116,Male,45,,charity care,young
112117,Male,72,,other,dickerson
112118,Female,34,Pregnant,unassigned,rosario
112119,Female,15,,other,curtis
112120,Female,20,Not Pregnant,medical assistance,lewis
112122,Female,22,Not Pregnant,self pay,mcintyre
112124,Male,71,,unassigned,cherry
112126,Female,68,,unassigned,mcconnell
112129,Male,14,,charity care,frederick
112132,Male,63,,unassigned,ho
112136,Male,61,,medical assistance,mcmahon
112139,Female,33,Not Pregnant,unassigned,gentry
112142,Female,55,,medical assistance,silva
112144,Male,12,,self pay,benitez
112145,Female,41,Not Pregnant,other,lewis
112146,Female,31,Not Pregnant,other,leblanc
112148,Female,32,Not Pregnant,charity care,faulkner
112149,Male,64,,medical assistance,mooney
112158,Female,33,Not Pregnant,medical assistance,hart
112159,Male,64,,self pay,salinas
112164,Female,40,Not Pregnant,self pay,white
112165,Male,19,,self pay,butler
112168,Female,55,,self pay,copeland
112169,Male,61,,charity care,morales
112170,Female,57,,unassigned,collier
112171,Female,66,,other,michael
112172,Female,17,,unassigned,archer
112173,Male,26,,medical assistance,townsend
112174,Female,60,,other,boyle
112182,Male,41,,unassigned,villa
112184,Male,60,,unassigned,sellers
112187,Female,58,,unassigned,mcknight
112191,Male,41,,charity care,acosta
112193,Male,65,,self pay,mayer
112194,Female,69,,charity care,oneill
112196,Female,12,,self pay,wolf
112197,Male,12,,self pay,nicholson
112203,Female,17,,charity care,butler
112205,Male,49,,medical assistance,savage
112206,Male,22,,self pay,maynard
112207,Female,53,,unassigned,rowland
112208,Male,22,,medical assistance,ayala
112210,Male,53,,unassigned,hess
112211,Male,42,,medical assistance,singh
112216,Male,12,,medical assistance,mcpherson
112219,Male,23,,medical assistance,goodwin
112222,Male,21,,charity care,dawson
112223,Male,16,,medical assistance,mercer
112226,Male,76,,other,mathis
112228,Female,27,Not Pregnant,other,rich
112231,Female,19,,charity care,dillon
112232,Female,15,,self pay,martin
112233,Female,63,,self pay,haney
112235,Female,40,Not Pregnant,charity care,morse
112236,Female,36,Not Pregnant,medical assistance,alexander
112238,Female,66,,other,palmer
112240,Female,80,,charity care,franklin
112241,Male,42,,other,chan
112242,Male,28,,other,munoz
112243,Female,69,,charity care,blackwell
112250,Female,55,,unassigned,maynard
112251,Female,27,Not Pregnant,medical assistance,lang
112252,Male,32,,charity care,brennan
112254,Male,19,,other,choi
112268,Male,78,,unassigned,powell
112269,Female,71,,other,wade
112271,Female,70,,self pay,zimmerman
112273,Female,21,Not Pregnant,unassigned,mcgrath
112275,Female,46,,charity care,nielsen
112276,Female,61,,self pay,costa
112280,Female,58,,self pay,dyer
112284,Female,30,Not Pregnant,other,ortega
112289,Male,29,,unassigned,morrow
112290,Male,13,,other,reilly
112291,Male,65,,self pay,morrow
112295,Female,49,,other,wiggins
112302,Female,12,,other,bird
112303,Female,63,,self pay,lozano
112305,Female,67,,self pay,white
112309,Female,39,Not Pregnant,unassigned,holmes
112312,Male,45,,unassigned,harris
112313,Male,26,,medical assistance,escobar
112315,Female,55,,other,gay
112320,Female,48,,medical assistance,bush
112322,Male,20,,unassigned,gilbert
112327,Male,57,,medical assistance,burton
112328,Male,55,,other,herring
112330,Female,37,Not Pregnant,charity care,graham
112331,Male,56,,charity care,bradshaw
112332,Female,59,,self pay,duncan
112333,Female,55,,charity care,arellano
112335,Female,58,,unassigned,jackson
112337,Male,19,,other,jennings
112341,Female,29,Not Pregnant,charity care,mcintosh
112345,Male,58,,charity care,hobbs
112349,Female,80,,unassigned,turner
112354,Male,38,,unassigned,mosley
112356,Female,21,Not Pregnant,charity care,wheeler
112357,Female,28,Not Pregnant,unassigned,obrien
112358,Male,29,,self pay,vance
112359,Male,62,,unassigned,moran
112365,Female,58,,medical assistance,stanton
112368,Male,47,,charity care,ramos
112371,Female,23,Not Pregnant,charity care,chambers
112375,Male,50,,other,soto
112376,Male,14,,medical assistance,ramsey
112377,Female,44,Not Pregnant,charity care,zuniga
112382,Female,32,Not Pregnant,unassigned,pitts
112386,Male,63,,charity care,oconnor
112387,Male,59,,unassigned,johnson
112388,Female,18,,self pay,stewart
112399,Female,78,,charity care,braun
112400,Female,52,,charity care,bell
112410,Female,73,,self pay,wilkerson
112412,Female,40,Not Pregnant,unassigned,robbins
112415,Female,47,,unassigned,orr
112416,Male,80,,medical assistance,bell
112420,Female,18,,other,nixon
112421,Male,65,,medical assistance,goodwin
112422,Female,60,,unassigned,hays
112423,Male,13,,other,barrera
112431,Female,22,Not Pregnant,unassigned,guzman
112432,Female,33,Not Pregnant,self pay,warner
112433,Male,57,,other,dyer
112435,Male,79,,self pay,hodge
112436,Female,24,Not Pregnant,self pay,davila
112443,Female,12,,charity care,ingram
112444,Female,57,,unassigned,flynn
112447,Male,14,,self pay,schwartz
112451,Male,50,,charity care,beck
112452,Female,72,,charity care,barr
112454,Male,62,,self pay,arias
112456,Male,66,,other,coleman
112462,Male,31,,unassigned,jacobson
112464,Female,69,,other,armstrong
112465,Female,79,,self pay,cooley
112467,Male,80,,medical assistance,franco
112468,Male,18,,self pay,stevens
112469,Female,45,,charity care,brandt
112471,Female,79,,unassigned,pearson
112475,Female,73,,self pay,dorsey
112477,Female,34,Unable to Determine,medical assistance,phillips
112479,Female,18,,medical assistance,mercado
112482,Male,31,,other,randall
112486,Male,79,,unassigned,proctor
112494,Female,56,,unassigned,walls
112496,Female,14,,unassigned,villegas
112498,Male,17,,self pay,stafford
112499,Male,57,,other,nielsen
112503,Female,67,,unassigned,strong
112504,Male,41,,self pay,garrison
112506,Male,48,,medical assistance,escobar
112509,Male,35,,charity care,harrell
112510,Female,68,,medical assistance,fitzgerald
112511,Male,66,,self pay,mcclure
112512,Female,55,,other,miranda
112513,Female,66,,other,burch
112515,Female,78,,self pay,mason
112516,Male,55,,charity care,taylor
112517,Female,69,,other,murphy
112520,Male,55,,unassigned,logan
112525,Female,65,,unassigned,pineda
112526,Male,17,,medical assistance,boone
112529,Female,17,,other,bean
112531,Female,53,,other,palmer
112532,Female,63,,unassigned,duran
112533,Female,15,,charity care,dougherty
112534,Male,41,,charity care,manning
112535,Male,53,,charity care,mathews
112538,Female,46,,other,martinez
112540,Female,26,Pregnant,unassigned,tanner
112542,Female,65,,medical assistance,mccarthy
112545,Male,24,,charity care,chaney
112550,Male,44,,self pay,case
112551,Male,23,,self pay,parsons
112552,Female,60,,charity care,hull
112553,Female,37,Not Pregnant,self pay,hall
112560,Female,64,,unassigned,zuniga
112562,Female,49,,medical assistance,manning
112563,Female,44,Not Pregnant,self pay,kaufman
112565,Female,50,,other,moody
112566,Female,48,,medical assistance,gill
112567,Male,76,,unassigned,patton
112568,Male,53,,charity care,downs
112569,Female,46,,medical assistance,mathews
112574,Male,64,,other,blevins
112579,Female,24,Not Pregnant,unassigned,luna
112580,Female,58,,self pay,quinn
112581,Female,49,,charity care,fields
112583,Female,60,,other,baldwin
112585,Male,75,,other,holmes
112587,Female,21,Not Pregnant,self pay,george
112589,Male,75,,other,schmidt
112590,Female,43,Not Pregnant,other,walton
112596,Female,69,,self pay,small
112605,Female,35,Not Pregnant,medical assistance,fields
112606,Female,48,,other,alvarez
112608,Female,44,Not Pregnant,self pay,spencer
112610,Male,49,,unassigned,reynolds
112620,Female,56,,self pay,cameron
112621,Female,62,,charity care,fowler
112622,Female,43,Not Pregnant,medical assistance,stein
112625,Male,16,,self pay,ellison
112627,Male,32,,unassigned,strickland
112630,Male,33,,self pay,walton
112631,Male,18,,other,cox
112632,Female,19,,charity care,richardson
112633,Female,16,,other,tate
112634,Male,42,,other,maxwell
112637,Male,57,,self pay,simmons
112638,Male,13,,medical assistance,hicks
112639,Female,79,,charity care,yu
112642,Male,74,,self pay,nelson
112643,Female,35,Not Pregnant,medical assistance,petersen
112646,Male,70,,medical assistance,buck
112648,Male,33,,charity care,proctor
112650,Female,43,Not Pregnant,medical assistance,andersen
112651,Male,12,,self pay,lucas
112655,Male,15,,other,bautista
112656,Male,12,,unassigned,beard
112659,Male,32,,other,mccullough
112660,Male,43,,unassigned,wolfe
112661,Female,45,,medical assistance,wright
112662,Female,12,,self pay,gutierrez
112664,Female,45,,unassigned,boone
112668,Female,14,,unassigned,walton
112670,Female,68,,unassigned,cunningham
112675,Male,47,,charity care,foster
112680,Male,67,,charity care,steele
112683,Male,33,,medical assistance,hammond
112685,Female,48,,unassigned,calhoun
112687,Female,52,,self pay,foster
112692,Male,56,,unassigned,mercado
112693,Male,20,,self pay,lee
112698,Female,12,,charity care,mcguire
112700,Female,51,,charity care,hurley
112702,Female,25,Not Pregnant,unassigned,hartman
112703,Male,52,,medical assistance,mckee
112704,Male,73,,self pay,glass
112707,Male,57,,self pay,garrison
112709,Male,24,,medical assistance,mccormick
112711,Female,72,,unassigned,zuniga
112712,Male,61,,self pay,maddox
112714,Female,36,Not Pregnant,charity care,montes
112725,Female,58,,unassigned,nelson
112728,Male,14,,other,bryan
112729,Male,26,,medical assistance,bishop
112730,Female,12,,self pay,mclean
112731,Female,55,,self pay,anderson
112735,Male,12,,medical assistance,willis
112736,Male,63,,self pay,montoya
112738,Male,76,,other,meza
112740,Female,48,,charity care,rodriguez
112747,Male,66,,medical assistance,mayer
112749,Male,55,,self pay,zimmerman
112750,Female,14,,other,curtis
112751,Male,20,,charity care,campos
112752,Male,47,,self pay,lewis
112760,Male,24,,medical assistance,rosario
112762,Male,15,,charity care,bryant
112763,Male,15,,self pay,hall
112764,Male,60,,medical assistance,huffman
112767,Female,63,,unassigned,james
112769,Male,42,,self pay,nixon
112770,Male,72,,unassigned,powell
112772,Male,23,,other,elliott
112773,Female,42,Not Pregnant,charity care,barron
112775,Male,61,,medical assistance,khan
112781,Female,80,,unassigned,boyer
112782,Male,29,,unassigned,schroeder
112784,Female,16,,medical assistance,drake
112786,Male,66,,charity care,stafford
112789,Male,27,,unassigned,patton
112790,Male,44,,other,chapman
112793,Female,19,,unassigned,frank
112794,Male,12,,other,pope
112795,Female,14,,unassigned,cervantes
112797,Female,48,,unassigned,morse
112798,Male,44,,other,house
112800,Male,28,,other,horn
112802,Male,71,,charity care,curry
112803,Male,33,,medical assistance,chase
112809,Male,14,,self pay,kerr
112817,Female,20,Not Pregnant,other,collier
112818,Female,67,,charity care,benjamin
112820,Male,59,,charity care,kemp
112823,Male,80,,other,allen
112824,Female,64,,unassigned,buchanan
112825,Female,14,,unassigned,ray
112826,Male,22,,charity care,campbell
112828,Male,64,,charity care,hunter
112834,Female,45,,other,cole
112835,Male,63,,charity care,george
112837,Female,29,Not Pregnant,medical assistance,bailey
112838,Female,80,,charity care,morse
112839,Female,28,Not Pregnant,medical assistance,chaney
112842,Female,73,,charity care,morris
112844,Male,71,,medical assistance,hooper
112847,Female,23,Not Pregnant,charity care,blake
112850,Male,53,,self pay,burns
112853,Male,62,,unassigned,trujillo
112854,Female,12,,self pay,mosley
112855,Male,57,,other,cantu
112856,Female,16,,medical assistance,harrison
112859,Male,41,,unassigned,calhoun
112860,Female,80,,charity care,holloway
112861,Male,48,,medical assistance,osborn
112869,Female,24,Not Pregnant,self pay,flynn
112872,Female,12,,other,tate
112873,Male,15,,medical assistance,hartman
112874,Male,57,,unassigned,atkinson
112877,Female,37,Not Pregnant,medical assistance,jefferson
112878,Male,71,,self pay,harper
112881,Female,42,Not Pregnant,unassigned,good
112882,Female,26,Not Pregnant,unassigned,peters
112883,Male,51,,unassigned,solis
112886,Male,52,,medical assistance,frost
112889,Male,45,,unassigned,nelson
112890,Male,19,,self pay,olson
112892,Female,17,,unassigned,wilkerson
112896,Female,13,,self pay,zamora
112899,Female,18,,charity care,farley
112901,Female,61,,unassigned,bray
112902,Female,35,Not Pregnant,unassigned,brock
112905,Female,13,,medical assistance,houston
112906,Male,29,,medical assistance,andrade
112910,Female,53,,medical assistance,meyers
112913,Female,64,,charity care,rocha
112914,Male,13,,self pay,nielsen
112915,Male,46,,other,walker
112916,Male,17,,unassigned,knapp
112919,Female,61,,charity care,cooley
112921,Female,80,,self pay,mata
112922,Female,58,,self pay,brady
112924,Male,31,,charity care,nicholson
112926,Male,67,,unassigned,avila
112927,Female,64,,medical assistance,harrington
112930,Male,80,,medical assistance,whitney
112931,Female,42,Not Pregnant,unassigned,stevens
112932,Male,13,,other,torres
112937,Male,50,,charity care,robles
112938,Female,64,,unassigned,holden
112939,Female,63,,unassigned,glover
112940,Male,46,,charity care,reilly
112942,Male,39,,charity care,jackson
112944,Male,60,,medical assistance,terrell
112947,Female,80,,charity care,ayala
112953,Male,64,,unassigned,todd
112955,Female,54,,other,santiago
112957,Female,51,,self pay,leblanc
112958,Female,31,Not Pregnant,self pay,mooney
112966,Male,35,,medical assistance,rocha
112967,Female,53,,charity care,leach
112968,Female,52,,unassigned,hart
112970,Male,53,,self pay,barrera
112974,Female,68,,charity care,mcbride
112977,Male,80,,unassigned,cordova
112978,Female,75,,self pay,green
112981,Female,36,Not Pregnant,unassigned,adams
112983,Female,28,Not Pregnant,medical assistance,washington
112986,Male,22,,medical assistance,trujillo
112987,Male,47,,charity care,taylor
112988,Male,51,,medical assistance,maddox
112990,Male,60,,self pay,salazar
112992,Male,80,,charity care,marsh
112994,Female,63,,self pay,estrada
112995,Female,80,,charity care,stuart
112996,Female,13,,other,ali
112997,Male,33,,other,rose
112999,Male,69,,unassigned,novak
113000,Male,79,,other,bond
113001,Female,51,,medical assistance,park
113008,Male,75,,other,payne
113009,Female,44,Not Pregnant,unassigned,harrington
113010,Male,53,,medical assistance,whitaker
113013,Female,73,,charity care,larsen
113014,Female,60,,charity care,downs
113020,Female,71,,charity care,ware
113021,Male,34,,medical assistance,levine
113023,Female,38,Not Pregnant,charity care,mcgrath
113030,Female,44,Not Pregnant,unassigned,bonilla
113032,Male,19,,other,duffy
113033,Female,28,Not Pregnant,medical assistance,mcdowell
113037,Female,54,,unassigned,dixon
113038,Male,65,,medical assistance,romero
113041,Female,31,Pregnant,unassigned,dalton
113043,Female,13,,other,dunn
113045,Male,21,,unassigned,osborn
113046,Female,62,,unassigned,guerra
113047,Male,80,,self pay,hinton
113049,Female,58,,medical assistance,adams
113051,Male,13,,other,yoder
113052,Male,18,,other,castro
113060,Male,35,,charity care,odom
113061,Female,33,Not Pregnant,charity care,escobar
113064,Male,68,,charity care,oliver
113066,Female,23,Not Pregnant,other,hubbard
113070,Male,16,,medical assistance,bean
113072,Male,77,,medical assistance,rojas
113079,Female,17,,charity care,valentine
113080,Male,16,,other,crane
113082,Female,47,,charity care,silva
113083,Female,43,Not Pregnant,self pay,briggs
113087,Female,55,,charity care,blankenship
113091,Female,47,,other,choi
113092,Female,44,Not Pregnant,medical assistance,pratt
113098,Male,42,,charity care,ochoa
113101,Male,47,,self pay,roach
113104,Female,57,,unassigned,galloway
113109,Female,57,,self pay,charles
113110,Male,39,,charity care,hull
113111,Male,57,,unassigned,wise
113113,Female,41,Not Pregnant,other,skinner
113117,Female,48,,medical assistance,nichols
113119,Male,52,,other,duffy
113120,Male,48,,self pay,ochoa
113122,Female,54,,self pay,rose
113123,Female,33,Not Pregnant,self pay,mckinney
113125,Female,44,Not Pregnant,medical assistance,reed
113126,Female,55,,charity care,meza
113129,Male,79,,medical assistance,shaw
113136,Female,52,,medical assistance,baird
113141,Male,28,,other,mcintyre
113142,Female,46,,unassigned,franco
113144,Male,33,,other,pittman
113145,Female,80,,medical assistance,rangel
113152,Female,65,,self pay,bentley
113153,Male,25,,self pay,petty
113154,Male,30,,medical assistance,mccormick
113155,Female,54,,medical assistance,webb
113158,Male,48,,unassigned,carlson
113160,Male,12,,self pay,keller
113161,Male,46,,unassigned,campbell
113166,Male,54,,self pay,baker
113174,Female,13,,other,parks
113177,Male,29,,charity care,koch
113178,Female,46,,charity care,hawkins
113183,Male,80,,other,moody
113185,Male,16,,medical assistance,randall
113186,Male,12,,charity care,stanley
113187,Female,22,Not Pregnant,self pay,russo
113188,Male,49,,unassigned,porter
113190,Female,15,,self pay,glass
113194,Male,46,,charity care,lang
113195,Male,17,,medical assistance,scott
113197,Female,24,Not Pregnant,medical assistance,drake
113199,Female,80,,medical assistance,mathis
113200,Male,46,,medical assistance,castaneda
113201,Female,70,,self pay,waller
113202,Female,66,,other,hall
113204,Male,18,,self pay,wood
113205,Female,17,,medical assistance,hoover
113209,Female,52,,other,lucas
113211,Male,51,,self pay,fernandez
113215,Female,25,Not Pregnant,other,colon
113221,Male,17,,charity care,waller
113223,Female,60,,unassigned,mccarthy
113224,Male,73,,charity care,lewis
113227,Male,38,,self pay,cain
113232,Male,41,,medical assistance,hendricks
113233,Female,41,Pregnant,charity care,serrano
113237,Male,59,,unassigned,neal
113240,Female,60,,charity care,mahoney
113241,Female,70,,other,christian
113242,Male,71,,self pay,robertson
113243,Female,15,,self pay,ferguson
113244,Female,61,,medical assistance,weiss
113246,Female,77,,charity care,simpson
113249,Female,43,Not Pregnant,other,fitzpatrick
113250,Male,31,,medical assistance,nash
113254,Female,66,,self pay,bradford
113257,Female,61,,unassigned,cobb
113258,Male,53,,self pay,hull
113259,Female,61,,charity care,mitchell
113262,Male,41,,unassigned,barrett
113264,Male,20,,charity care,todd
113267,Female,67,,charity care,warner
113270,Male,18,,charity care,holland
113272,Male,18,,other,tate
113274,Female,76,,charity care,prince
113275,Male,70,,unassigned,rubio
113276,Female,55,,charity care,velazquez
113285,Female,57,,unassigned,blankenship
113287,Female,59,,unassigned,clements
113289,Female,66,,unassigned,rosario
113291,Male,15,,unassigned,patton
113292,Male,59,,unassigned,burch
113294,Male,46,,charity care,nunez
113297,Female,14,,unassigned,burns
113298,Female,58,,medical assistance,nunez
113300,Female,47,,medical assistance,short
113302,Female,18,,unassigned,hooper
113305,Male,66,,other,anderson
113310,Female,34,Not Pregnant,other,murillo
113311,Male,70,,unassigned,carr
113316,Male,46,,medical assistance,zavala
113324,Male,66,,charity care,small
113325,Male,28,,self pay,cantu
113327,Male,32,,unassigned,farrell
113328,Female,18,,unassigned,ayala
113329,Female,17,,charity care,gonzales
113332,Female,26,Not Pregnant,self pay,fields
113335,Male,14,,unassigned,weber
113336,Male,61,,medical assistance,buckley
113341,Female,53,,charity care,melendez
113343,Female,60,,charity care,cain
113347,Female,47,,charity care,hutchinson
113349,Male,34,,unassigned,baxter
113353,Female,60,,unassigned,hancock
113357,Female,74,,medical assistance,bailey
113359,Male,14,,self pay,anthony
113363,Female,64,,medical assistance,moran
113364,Female,38,Not Pregnant,self pay,watson
113366,Female,26,Not Pregnant,charity care,huber
113367,Male,68,,other,thompson
113368,Male,45,,other,boyd
113369,Male,51,,self pay,may
113370,Male,67,,unassigned,henderson
113371,Female,62,,self pay,hendricks
113372,Male,62,,self pay,mcclure
113373,Male,33,,unassigned,gamble
113376,Female,56,,self pay,downs
113379,Male,76,,other,lyons
113381,Female,31,Unable to Determine,medical assistance,gutierrez
113385,Male,62,,medical assistance,cruz
113391,Female,37,Not Pregnant,charity care,bartlett
113394,Male,50,,medical assistance,murray
113398,Female,49,,self pay,hale
113401,Female,21,Not Pregnant,medical assistance,stevenson
113403,Female,67,,unassigned,webb
113406,Female,26,Not Pregnant,medical assistance,bond
113407,Female,61,,charity care,rowe
113409,Female,30,Not Pregnant,unassigned,adkins
113411,Male,17,,charity care,jimenez
113413,Female,32,Not Pregnant,self pay,finley
113418,Female,29,Not Pregnant,self pay,holmes
113422,Female,16,,other,buck
113423,Male,22,,charity care,esparza
113425,Female,55,,charity care,matthews
113429,Female,80,,other,hurley
113431,Male,26,,unassigned,salas
113435,Female,21,Not Pregnant,medical assistance,fletcher
113437,Male,62,,medical assistance,chaney
113440,Female,58,,unassigned,mccullough
113441,Female,14,,self pay,shah
113443,Male,46,,medical assistance,goodwin
113445,Female,37,Not Pregnant,self pay,schroeder
113446,Male,57,,unassigned,cooley
113449,Female,13,,medical assistance,hinton
113451,Female,45,,other,dalton
113452,Male,80,,other,solis
113453,Male,27,,self pay,vance
113455,Male,61,,other,rasmussen
113456,Female,80,,other,chandler
113462,Male,38,,charity care,king
113463,Female,51,,unassigned,glenn
113467,Female,63,,medical assistance,hensley
113472,Female,48,,medical assistance,norton
113473,Female,80,,other,blankenship
113477,Female,62,,medical assistance,parsons
113478,Female,31,Not Pregnant,unassigned,lawrence
113486,Female,27,Not Pregnant,charity care,hancock
113487,Female,52,,charity care,davies
113488,Female,80,,other,fry
113491,Female,38,Not Pregnant,self pay,wright
113494,Female,25,Not Pregnant,unassigned,berg
113497,Female,13,,self pay,hanson
113499,Male,23,,charity care,smith
113500,Female,80,,unassigned,figueroa
113501,Male,56,,unassigned,schroeder
113505,Female,29,Not Pregnant,unassigned,kidd
113507,Female,19,,medical assistance,barajas
113512,Female,17,,self pay,williams
113513,Female,18,,medical assistance,lee
113514,Male,42,,other,zuniga
113516,Female,65,,medical assistance,perkins
113519,Female,64,,unassigned,jacobson
113527,Male,40,,medical assistance,carpenter
113528,Male,79,,charity care,rocha
113531,Female,25,Not Pregnant,other,deleon
113532,Female,43,Not Pregnant,medical assistance,bullock
113534,Male,56,,other,griffin
113539,Male,42,,self pay,pennington
113543,Female,35,Unable to Determine,unassigned,mcknight
113544,Male,13,,other,mason
113546,Male,73,,charity care,arroyo
113548,Female,80,,other,barrera
113549,Female,71,,charity care,spencer
113550,Male,27,,medical assistance,escobar
113551,Female,37,Not Pregnant,unassigned,terrell
113552,Male,80,,other,harrell
113553,Female,50,,unassigned,gibson
113556,Female,23,Pregnant,unassigned,simmons
113557,Female,13,,unassigned,roberts
113558,Male,33,,medical assistance,edwards
113559,Male,63,,other,estes
113560,Female,61,,other,horne
113564,Female,14,,charity care,heath
113565,Female,46,,other,hardin
113569,Male,46,,self pay,mayo
113571,Male,15,,self pay,yoder
113573,Female,53,,other,aguirre
113574,Male,33,,self pay,krause
113576,Male,43,,other,erickson
113578,Male,26,,unassigned,yoder
113582,Male,55,,medical assistance,noble
113586,Male,70,,self pay,hayes
113587,Male,60,,other,booth
113588,Male,61,,medical assistance,adams
113593,Female,18,,charity care,campos
113595,Female,13,,charity care,herring
113602,Male,45,,charity care,schmitt
113611,Female,14,,medical assistance,patrick
113615,Female,54,,unassigned,day
113616,Male,66,,medical assistance,arroyo
113620,Female,48,,charity care,cisneros
113621,Female,58,,self pay,pace
113624,Male,45,,self pay,graham
113628,Female,37,Not Pregnant,other,james
113630,Male,39,,self pay,jimenez
113631,Female,64,,charity care,garza
113632,Female,50,,unassigned,conrad
113635,Female,80,,self pay,good
113637,Female,35,Not Pregnant,charity care,francis
113639,Male,67,,other,nash
113642,Male,47,,other,barr
113645,Female,15,,medical assistance,bright
113646,Female,47,,other,morris
113647,Male,58,,unassigned,dalton
113648,Male,61,,other,griffith
113649,Male,55,,self pay,peterson
113652,Male,26,,charity care,villarreal
113654,Female,19,,other,gaines
113656,Male,17,,medical assistance,black
113658,Female,37,Not Pregnant,self pay,navarro
113659,Female,16,,medical assistance,gibbs
113661,Female,24,Not Pregnant,self pay,ramos
113663,Male,55,,medical assistance,banks
113666,Male,34,,unassigned,guzman
113667,Male,50,,self pay,grant
113668,Male,75,,charity care,douglas
113670,Female,16,,unassigned,cortez
113676,Female,34,Not Pregnant,self pay,wiggins
113678,Female,47,,medical assistance,fowler
113680,Female,36,Not Pregnant,self pay,suarez
113682,Male,58,,unassigned,parker
113684,Male,71,,self pay,wagner
113687,Female,45,,unassigned,hudson
113692,Female,23,Not Pregnant,unassigned,lane
113695,Male,25,,other,kerr
113698,Male,13,,self pay,montoya
113699,Female,61,,unassigned,norton
113700,Male,14,,other,parrish
113701,Male,27,,charity care,hartman
113703,Female,23,Not Pregnant,medical assistance,brady
113706,Male,48,,self pay,callahan
113710,Male,14,,medical assistance,cline
113711,Female,14,,other,wright
113715,Male,80,,self pay,shea
113716,Female,47,,other,may
113717,Male,51,,self pay,orr
113721,Female,13,,self pay,simmons
113723,Male,38,,medical assistance,barnett
113726,Male,20,,self pay,villegas
113727,Female,41,Not Pregnant,other,mann
113730,Male,80,,other,watson
113735,Male,50,,charity care,kaiser
113736,Male,64,,unassigned,erickson
113738,Female,55,,medical assistance,waters
113740,Female,63,,charity care,morales
113742,Female,21,Not Pregnant,medical assistance,mooney
113743,Female,18,,charity care,irwin
113748,Female,17,,unassigned,robles
113750,Male,60,,self pay,small
113751,Male,61,,medical assistance,hale
113752,Female,13,,unassigned,frazier
113757,Male,21,,medical assistance,key
113760,Male,80,,charity care,wilkinson
113761,Male,25,,other,pacheco
113762,Male,64,,other,dudley
113766,Female,58,,charity care,best
113767,Male,23,,other,schwartz
113768,Female,66,,other,irwin
113772,Female,17,,charity care,duke
113773,Male,68,,medical assistance,gibbs
113775,Female,67,,charity care,cummings
113777,Male,69,,self pay,bright
113781,Male,19,,unassigned,wilcox
113782,Male,16,,other,hensley
113783,Female,12,,other,rivera
113792,Female,25,Not Pregnant,medical assistance,erickson
113794,Female,35,Not Pregnant,unassigned,wise
113803,Male,55,,unassigned,washington
113806,Female,15,,unassigned,singleton
113807,Female,28,Not Pregnant,other,mann
113810,Male,40,,charity care,frank
113813,Male,20,,charity care,houston
113815,Male,71,,charity care,chambers
113816,Male,49,,self pay,salazar
113819,Male,60,,other,mclaughlin
113820,Female,35,Not Pregnant,other,tyler
113824,Male,36,,unassigned,harris
113825,Female,66,,medical assistance,heath
113827,Male,80,,unassigned,simmons
113828,Female,42,Not Pregnant,medical assistance,carter
113830,Female,31,Pregnant,self pay,flowers
113831,Male,80,,self pay,roberts
113838,Male,59,,medical assistance,robinson
113839,Male,42,,self pay,olson
113840,Male,62,,charity care,kerr
113841,Male,57,,unassigned,melendez
113843,Female,80,,other,kramer
113845,Female,17,,unassigned,villanueva
113846,Female,58,,other,gaines
113847,Female,51,,self pay,wong
113851,Male,67,,medical assistance,kemp
113856,Female,63,,medical assistance,wells
113857,Female,49,,charity care,mccarthy
113859,Male,75,,medical assistance,stevens
113860,Female,51,,medical assistance,burke
113863,Female,66,,other,ware
113866,Female,58,,medical assistance,rios
113868,Female,37,Not Pregnant,self pay,house
113869,Male,80,,charity care,lowe
113870,Male,69,,charity care,bauer
113871,Male,71,,medical assistance,lynn
113872,Male,62,,medical assistance,little
113874,Male,43,,medical assistance,petersen
113880,Female,74,,unassigned,curtis
113884,Male,47,,self pay,bishop
113886,Male,28,,self pay,dickerson
113888,Male,73,,medical assistance,rhodes
113891,Female,40,Not Pregnant,other,manning
113897,Male,69,,self pay,krueger
113898,Male,46,,self pay,branch
113900,Male,58,,other,salas
113903,Female,65,,charity care,peck
113910,Male,38,,self pay,fowler
113911,Female,70,,self pay,mckee
113917,Male,31,,medical assistance,lester
113921,Female,55,,other,strong
113922,Male,58,,other,thompson
113924,Female,41,Not Pregnant,medical assistance,king
113925,Female,19,,medical assistance,lloyd
113928,Female,34,Not Pregnant,unassigned,holloway
113934,Male,41,,other,marshall
113936,Male,80,,self pay,benjamin
113938,Male,19,,medical assistance,guerra
113939,Male,17,,charity care,cole
113943,Male,62,,unassigned,floyd
113944,Male,57,,unassigned,ali
113945,Male,55,,charity care,nolan
113946,Female,22,Not Pregnant,other,webb
113950,Male,15,,medical assistance,marquez
113951,Female,36,Not Pregnant,charity care,mahoney
113953,Female,45,,unassigned,wright
113958,Male,43,,medical assistance,parker
113961,Male,16,,self pay,todd
113965,Female,39,Not Pregnant,medical assistance,ross
113967,Male,36,,self pay,conley
113968,Female,77,,charity care,hoover
113969,Female,24,Not Pregnant,charity care,norton
113971,Male,71,,medical assistance,edwards
113973,Female,62,,medical assistance,dorsey
113976,Male,21,,unassigned,gates
113977,Male,60,,medical assistance,perry
113978,Female,77,,medical assistance,sheppard
113979,Female,27,Not Pregnant,self pay,hull
113980,Female,43,Not Pregnant,unassigned,lindsey
113981,Female,67,,charity care,mclaughlin
113987,Male,33,,charity care,kennedy
113991,Female,42,Not Pregnant,self pay,ramirez
113992,Male,35,,medical assistance,webster
113994,Male,43,,charity care,walsh
114000,Female,14,,unassigned,suarez
114001,Female,19,,charity care,woods
114004,Female,16,,self pay,richards
114005,Male,41,,self pay,osborn
114015,Male,62,,medical assistance,clark
114017,Male,61,,medical assistance,woodard
114019,Male,74,,unassigned,hester
114020,Female,17,,other,crosby
114022,Female,14,,other,perkins
114023,Male,63,,other,pittman
114025,Male,16,,medical assistance,gilbert
114027,Male,57,,other,cobb
114028,Male,75,,other,bautista
114030,Female,28,Not Pregnant,medical assistance,anthony
114032,Female,65,,other,walton
114033,Female,13,,self pay,short
114034,Female,45,,self pay,graves
114035,Male,34,,unassigned,grimes
114036,Female,56,,medical assistance,riggs
114037,Female,76,,medical assistance,mata
114038,Female,70,,self pay,terry
114040,Female,59,,other,trujillo
114048,Female,30,Not Pregnant,medical assistance,cardenas
114049,Female,66,,medical assistance,dominguez
114053,Male,26,,medical assistance,hays
114054,Male,77,,medical assistance,clayton
114056,Male,50,,charity care,vargas
114059,Female,68,,medical assistance,kim
114060,Female,25,Not Pregnant,self pay,ferguson
114061,Male,12,,charity care,melendez
114062,Female,33,Not Pregnant,unassigned,fleming
114071,Female,63,,other,callahan
114074,Male,18,,other,lozano
114075,Female,24,Not Pregnant,unassigned,mckinney
114078,Female,32,Not Pregnant,charity care,williamson
114081,Male,48,,medical assistance,ross
114082,Female,80,,charity care,robles
114084,Female,55,,self pay,anthony
114087,Male,44,,unassigned,byrd
114092,Male,39,,charity care,david
114093,Female,44,Not Pregnant,medical assistance,pruitt
114098,Female,54,,charity care,carey
114099,Female,33,Not Pregnant,charity care,mcclain
114101,Male,46,,other,walls
114104,Male,80,,other,dennis
114105,Female,69,,unassigned,hanson
114106,Female,75,,medical assistance,roy
114108,Female,63,,charity care,hodge
114113,Male,60,,unassigned,mayer
114117,Female,54,,medical assistance,fleming
114118,Male,62,,self pay,stanton
114122,Male,33,,unassigned,bautista
114123,Male,63,,charity care,downs
114124,Female,36,Not Pregnant,medical assistance,terry
114125,Female,68,,other,estes
114130,Female,63,,medical assistance,mclean
114131,Male,68,,unassigned,munoz
114133,Male,57,,self pay,dunlap
114135,Female,21,Not Pregnant,self pay,roy
114137,Male,13,,charity care,bridges
114140,Male,14,,charity care,lyons
114141,Male,60,,other,osborne
114143,Male,43,,medical assistance,humphrey
114145,Male,54,,other,mcdowell
114147,Female,56,,unassigned,daniel
114148,Female,78,,medical assistance,heath
114155,Male,14,,charity care,parrish
114157,Female,41,Not Pregnant,charity care,simmons
114165,Male,50,,other,mercado
114168,Male,25,,unassigned,mata
114169,Male,71,,self pay,roth
114173,Male,55,,other,cooper
114179,Male,69,,self pay,contreras
114183,Female,36,Not Pregnant,charity care,randolph
114184,Female,79,,self pay,fox
114185,Female,72,,other,gibbs
114187,Female,24,Not Pregnant,other,barnett
114188,Male,45,,other,ramsey
114189,Male,73,,other,navarro
114192,Female,17,,other,rivas
114194,Male,42,,medical assistance,lara
114195,Female,46,,charity care,contreras
114197,Female,58,,unassigned,wilcox
114199,Female,34,Not Pregnant,other,aguilar
114203,Male,61,,self pay,bonilla
114210,Male,16,,charity care,calhoun
114212,Female,66,,charity care,collier
114219,Female,63,,medical assistance,reed
114220,Male,22,,charity care,dickerson
114222,Female,42,Not Pregnant,self pay,ramos
114227,Female,28,Not Pregnant,self pay,marsh
114228,Male,22,,unassigned,weaver
114231,Female,57,,other,crawford
114233,Female,14,,other,walls
114239,Female,20,Not Pregnant,unassigned,maxwell
114240,Female,76,,self pay,whitehead
114244,Male,24,,self pay,richardson
114246,Male,32,,other,beck
114247,Male,75,,medical assistance,atkinson
114248,Male,69,,charity care,steele
114251,Male,60,,charity care,rodgers
114254,Female,54,,other,cruz
114255,Female,16,,unassigned,velez
114256,Male,80,,other,shields
114260,Male,41,,unassigned,johnston
114269,Female,75,,unassigned,yoder
114270,Male,15,,medical assistance,stanton
114273,Male,52,,unassigned,booth
114274,Female,54,,medical assistance,garner
114276,Male,42,,unassigned,briggs
114279,Male,80,,self pay,sullivan
114280,Male,19,,other,lowe
114282,Male,14,,self pay,hansen
114284,Female,16,,other,rhodes
114285,Female,80,,self pay,booker
114287,Female,49,,unassigned,poole
114293,Male,54,,medical assistance,huff
114295,Male,13,,self pay,zamora
114298,Female,70,,medical assistance,owens
114300,Female,80,,medical assistance,bolton
114303,Male,42,,medical assistance,blackburn
114305,Female,64,,medical assistance,leach
114306,Male,19,,self pay,bishop
114312,Female,33,Not Pregnant,charity care,andrews
114314,Female,21,Not Pregnant,self pay,hicks
114320,Female,55,,unassigned,leon
114323,Female,70,,unassigned,woodard
114327,Female,39,Not Pregnant,medical assistance,cisneros
114331,Female,63,,charity care,grant
114332,Female,80,,self pay,richards
114334,Female,51,,self pay,vincent
114338,Female,40,Not Pregnant,other,stafford
114339,Male,33,,other,hendricks
114340,Male,30,,other,figueroa
114343,Male,18,,unassigned,forbes
114345,Female,37,Not Pregnant,other,boyle
114351,Female,74,,unassigned,villegas
114353,Male,59,,charity care,briggs
114354,Male,37,,self pay,stark
114357,Female,75,,unassigned,perez
114360,Female,28,Not Pregnant,other,dalton
114361,Male,21,,medical assistance,solis
114362,Female,15,,unassigned,murphy
114363,Male,80,,unassigned,guerra
114364,Male,71,,unassigned,rojas
114366,Female,79,,unassigned,roth
114367,Female,54,,unassigned,fitzgerald
114369,Female,56,,charity care,clark
114371,Male,80,,self pay,franklin
114373,Male,17,,unassigned,snyder
114374,Male,25,,medical assistance,mcclure
114376,Male,33,,self pay,rodgers
114377,Female,41,Not Pregnant,unassigned,chavez
114378,Male,14,,unassigned,garner
114379,Male,33,,self pay,le
114380,Male,47,,other,daniel
114384,Female,80,,unassigned,burgess
114385,Female,23,Not Pregnant,self pay,cabrera
114386,Male,80,,unassigned,shaffer
114387,Female,30,Not Pregnant,charity care,berry
114388,Female,52,,charity care,salas
114393,Male,23,,charity care,marshall
114396,Male,18,,charity care,hall
114404,Male,60,,charity care,martinez
114405,Female,36,Not Pregnant,self pay,vaughan
114406,Female,60,,self pay,esparza
114407,Male,66,,other,cruz
114408,Female,12,,medical assistance,grimes
114410,Male,68,,unassigned,kidd
114419,Male,47,,other,duke
114420,Female,77,,charity care,wilkerson
114422,Female,38,Not Pregnant,self pay,mcdowell
114423,Female,63,,other,shepard
114425,Female,43,Not Pregnant,medical assistance,cole
114429,Female,69,,self pay,duran
114430,Female,36,Not Pregnant,other,pennington
114431,Female,55,,self pay,wong
114437,Female,18,,charity care,madden
114438,Male,48,,unassigned,schaefer
114440,Female,80,,other,colon
114444,Male,68,,unassigned,allison
114445,Female,69,,medical assistance,bradford
114446,Male,49,,charity care,golden
114450,Male,65,,medical assistance,bartlett
114452,Female,52,,unassigned,stein
114458,Male,45,,medical assistance,shepard
114462,Female,74,,self pay,short
114463,Male,19,,unassigned,kerr
114467,Male,52,,other,jefferson
114468,Male,14,,charity care,washington
114471,Male,15,,self pay,matthews
114473,Male,73,,self pay,keller
114475,Male,60,,unassigned,aguirre
114478,Female,30,Not Pregnant,other,rios
114480,Female,52,,charity care,duran
114481,Male,50,,other,curry
114482,Female,74,,charity care,hall
114483,Female,69,,medical assistance,welch
114485,Male,16,,unassigned,kent
114486,Male,80,,self pay,hoffman
114490,Female,80,,medical assistance,fuentes
114493,Female,45,,self pay,molina
114496,Female,16,,unassigned,alvarado
114497,Male,56,,charity care,hogan
114498,Male,43,,unassigned,carr
114504,Male,80,,medical assistance,santos
114505,Female,41,Not Pregnant,medical assistance,woodward
114507,Female,46,,medical assistance,rivera
114510,Female,32,Not Pregnant,charity care,stuart
114514,Male,29,,self pay,pitts
114517,Male,80,,self pay,duran
114519,Male,50,,self pay,dixon
114521,Female,54,,medical assistance,whitney
114523,Female,38,Not Pregnant,unassigned,lowe
114526,Female,80,,charity care,harrington
114530,Female,52,,medical assistance,bernard
114532,Female,68,,unassigned,braun
114533,Female,23,Not Pregnant,unassigned,patrick
114535,Male,80,,charity care,young
114538,Female,46,,charity care,suarez
114539,Female,69,,unassigned,mills
114542,Female,45,,other,stout
114543,Male,32,,charity care,fox
114545,Male,80,,charity care,hopkins
114546,Female,45,,other,holder
114554,Male,80,,self pay,wells
114557,Female,33,Not Pregnant,unassigned,ayala
114560,Male,46,,charity care,hobbs
114561,Male,15,,charity care,norman
114573,Male,45,,other,moon
114574,Male,14,,medical assistance,lynn
114575,Female,29,Not Pregnant,other,ortega
114578,Female,41,Not Pregnant,medical assistance,sellers
114579,Male,71,,self pay,patterson
114585,Female,55,,other,allen
114586,Female,64,,medical assistance,barker
114589,Male,80,,other,joyce
114591,Female,61,,medical assistance,bradley
114594,Male,41,,other,reilly
114596,Male,78,,other,green
114598,Female,17,,unassigned,pope
114599,Female,16,,unassigned,joyce
114602,Female,19,,medical assistance,cannon
114606,Female,55,,other,wright
114607,Male,22,,unassigned,roman
114611,Female,61,,self pay,copeland
114612,Female,40,Not Pregnant,charity care,bird
114620,Female,51,,other,short
114622,Male,72,,self pay,herman
114624,Male,43,,charity care,daugherty
114632,Female,49,,charity care,kerr
114633,Female,35,Not Pregnant,medical assistance,holder
114634,Female,32,Not Pregnant,other,andrade
114636,Male,50,,other,nunez
114637,Female,59,,unassigned,dixon
114640,Female,33,Pregnant,self pay,neal
114641,Female,26,Not Pregnant,other,owen
114647,Female,44,Not Pregnant,other,gordon
114648,Male,42,,self pay,chapman
114651,Female,31,Not Pregnant,charity care,whitney
114652,Male,23,,charity care,warner
114658,Male,46,,charity care,blanchard
114659,Male,33,,charity care,ross
114660,Female,26,Not Pregnant,unassigned,elliott
114662,Female,14,,medical assistance,arroyo
114663,Male,67,,self pay,valencia
114664,Male,60,,other,rush
114669,Female,38,Not Pregnant,self pay,rice
114673,Male,49,,other,hill
114675,Male,15,,other,petty
114678,Female,12,,medical assistance,george
114682,Female,56,,other,hammond
114683,Male,22,,unassigned,hahn
114687,Female,54,,other,benton
114688,Female,28,Not Pregnant,other,stewart
114689,Female,17,,medical assistance,frazier
114690,Female,41,Not Pregnant,unassigned,osborn
114692,Male,41,,unassigned,bentley
114693,Female,48,,unassigned,underwood
114695,Female,38,Not Pregnant,charity care,roberson
114696,Male,36,,unassigned,ramirez
114700,Male,70,,unassigned,atkins
114701,Female,38,Not Pregnant,self pay,patrick
114704,Male,15,,self pay,hunter
114705,Male,39,,self pay,mcgee
114707,Male,67,,self pay,rubio
114708,Male,51,,unassigned,spencer
114710,Male,14,,charity care,costa
114712,Female,39,Not Pregnant,charity care,hart
114718,Male,18,,medical assistance,spears
114723,Female,43,Not Pregnant,medical assistance,leach
114724,Female,65,,charity care,roberson
114726,Female,80,,charity care,holden
114728,Female,40,Not Pregnant,self pay,price
114729,Female,66,,self pay,robinson
114734,Female,19,,self pay,brewer
114735,Male,65,,other,marshall
114738,Male,63,,medical assistance,valdez
114739,Female,61,,unassigned,boyle
114741,Male,27,,self pay,key
114744,Female,75,,medical assistance,lozano
114745,Male,58,,charity care,ellison
114747,Male,34,,charity care,irwin
114750,Female,13,,other,phelps
114753,Female,21,Not Pregnant,other,weaver
114754,Female,57,,medical assistance,graham
114756,Male,38,,medical assistance,barrera
114757,Female,64,,medical assistance,church
114759,Female,25,Not Pregnant,charity care,brown
114765,Male,50,,medical assistance,sellers
114766,Male,14,,self pay,rosario
114768,Female,13,,medical assistance,whitaker
114769,Female,61,,charity care,logan
114775,Female,44,Not Pregnant,unassigned,delgado
114776,Female,12,,medical assistance,tate
114782,Male,24,,charity care,ryan
114789,Male,57,,other,hudson
114790,Female,31,Not Pregnant,charity care,zavala
114791,Female,59,,unassigned,hebert
114793,Female,61,,other,pruitt
114795,Male,80,,charity care,crawford
114799,Male,63,,unassigned,snyder
114801,Male,70,,charity care,schultz
114802,Female,41,Not Pregnant,other,brady
114806,Female,32,Not Pregnant,unassigned,richard
114808,Female,39,Not Pregnant,charity care,ramsey
114809,Female,33,Not Pregnant,other,kirby
114818,Male,45,,self pay,ross
114825,Male,47,,medical assistance,lucero
114826,Female,76,,charity care,landry
114831,Male,50,,self pay,quinn
114832,Male,12,,unassigned,leon
114834,Male,21,,charity care,forbes
114838,Male,63,,charity care,hopkins
114839,Male,12,,unassigned,carrillo
114841,Male,20,,self pay,english
114842,Female,80,,unassigned,moody
114845,Female,65,,self pay,choi
114846,Male,80,,other,salinas
114849,Female,66,,self pay,taylor
114851,Male,23,,charity care,fry
114853,Male,65,,unassigned,riggs
114856,Male,17,,charity care,serrano
114858,Male,45,,charity care,doyle
114859,Male,68,,charity care,fry
114861,Female,65,,self pay,madden
114862,Male,64,,charity care,lawson
114863,Female,69,,other,cooley
114867,Male,80,,other,ramos
114868,Female,39,Not Pregnant,medical assistance,hogan
114870,Female,34,Not Pregnant,self pay,sampson
114871,Male,28,,medical assistance,estrada
114872,Male,40,,medical assistance,greer
114875,Male,15,,other,wu
114877,Male,33,,medical assistance,shields
114880,Female,38,Not Pregnant,other,hall
114881,Male,12,,unassigned,flores
114883,Female,64,,unassigned,gardner
114884,Female,66,,medical assistance,ho
114886,Female,80,,other,farmer
114894,Male,62,,medical assistance,barrera
114897,Female,79,,charity care,odonnell
114901,Female,57,,medical assistance,mcdaniel
114903,Female,74,,medical assistance,cervantes
114905,Male,19,,self pay,davis
114908,Female,54,,unassigned,mercer
114909,Male,17,,other,holmes
114910,Female,29,Not Pregnant,self pay,bowers
114912,Male,27,,self pay,merritt
114913,Female,54,,self pay,fitzgerald
114915,Female,44,Not Pregnant,self pay,clements
114916,Female,56,,self pay,humphrey
114922,Male,64,,other,olsen
114924,Female,64,,unassigned,huynh
114925,Male,19,,charity care,garner
114926,Female,61,,self pay,benton
114927,Female,50,,medical assistance,cummings
114929,Male,43,,charity care,lambert
114935,Female,56,,medical assistance,ortiz
114937,Male,58,,self pay,keith
114942,Male,34,,other,hahn
114944,Male,37,,unassigned,baird
114950,Male,78,,charity care,rivera
114952,Female,16,,unassigned,randall
114961,Female,80,,medical assistance,clark
114962,Male,61,,unassigned,horn
114963,Male,74,,medical assistance,gutierrez
114965,Female,80,,unassigned,haley
114966,Male,22,,medical assistance,guzman
114967,Female,61,,charity care,harrell
114968,Male,19,,unassigned,stark
114970,Female,34,Not Pregnant,other,church
114971,Male,80,,self pay,walker
114973,Male,80,,charity care,marshall
114974,Male,17,,self pay,burke
114980,Male,58,,medical assistance,tucker
114982,Male,69,,charity care,henson
114984,Female,31,Not Pregnant,self pay,donaldson
114985,Male,80,,unassigned,vaughan
114986,Female,42,Not Pregnant,self pay,finley
114987,Female,12,,medical assistance,briggs
114988,Male,60,,self pay,mccormick
114989,Male,56,,unassigned,holder
114993,Female,36,Not Pregnant,charity care,estes
114995,Female,62,,unassigned,benjamin
114997,Male,41,,other,hudson
114998,Male,80,,unassigned,solis
115001,Male,16,,other,velez
115002,Female,13,,other,pham
115003,Female,48,,medical assistance,pierce
115005,Male,52,,other,miller
115006,Female,29,Not Pregnant,other,valenzuela
115007,Female,72,,self pay,braun
115013,Male,57,,charity care,clark
115020,Female,16,,self pay,paul
115023,Female,35,Not Pregnant,self pay,cameron
115024,Male,13,,self pay,franco
115030,Female,68,,unassigned,giles
115033,Female,12,,self pay,benton
115035,Male,40,,other,greene
115036,Female,54,,medical assistance,frazier
115037,Male,26,,other,bauer
115042,Male,45,,self pay,craig
115045,Female,22,Not Pregnant,self pay,olson
115046,Male,52,,self pay,sellers
115047,Female,62,,other,pratt
115055,Female,38,Not Pregnant,medical assistance,tapia
115056,Male,56,,other,rosales
115058,Male,63,,medical assistance,ballard
115060,Female,21,Not Pregnant,charity care,camacho
115061,Male,13,,medical assistance,mack
115064,Female,45,,charity care,atkins
115065,Female,46,,unassigned,floyd
115066,Male,64,,other,bryan
115067,Female,29,Pregnant,self pay,lambert
115070,Female,39,Not Pregnant,charity care,cantrell
115074,Male,54,,medical assistance,espinoza
115081,Female,80,,charity care,farmer
115082,Female,63,,self pay,chambers
115088,Female,18,,unassigned,larson
115089,Female,59,,other,webster
115090,Male,56,,unassigned,ferguson
115091,Male,62,,self pay,hurley
115095,Male,50,,unassigned,hurst
115097,Female,64,,charity care,cherry
115099,Female,38,Not Pregnant,other,cordova
115100,Male,60,,charity care,butler
115101,Male,80,,self pay,macias
115103,Male,32,,unassigned,schmitt
115110,Male,42,,unassigned,mann
115118,Male,12,,medical assistance,baxter
115120,Male,60,,self pay,livingston
115121,Male,13,,other,hines
115127,Male,49,,charity care,hunt
115129,Female,19,,self pay,raymond
115130,Female,21,Not Pregnant,other,larsen
115133,Female,55,,self pay,yoder
115138,Male,48,,other,baxter
115142,Male,63,,medical assistance,mueller
115144,Male,56,,other,bell
115146,Male,80,,charity care,wade
115150,Female,75,,self pay,wilkins
115154,Male,70,,other,henderson
115155,Female,26,Not Pregnant,self pay,jones
115159,Male,80,,charity care,deleon
115164,Male,45,,unassigned,shannon
115165,Male,16,,charity care,lynch
115168,Male,46,,medical assistance,mosley
115169,Male,17,,unassigned,silva
115170,Male,66,,charity care,roth
115171,Male,77,,other,bryant
115172,Male,20,,unassigned,rogers
115181,Male,45,,medical assistance,cervantes
115185,Female,55,,medical assistance,roy
115186,Female,29,Not Pregnant,self pay,brock
115188,Female,19,,charity care,wade
115189,Male,70,,other,ingram
115191,Female,19,,self pay,gibbs
115192,Female,67,,unassigned,welch
115196,Female,55,,other,pineda
115199,Male,12,,self pay,walter
115202,Female,80,,unassigned,lawson
115205,Female,31,Not Pregnant,medical assistance,pugh
115206,Male,65,,other,pittman
115212,Female,62,,unassigned,guzman
115213,Female,74,,charity care,cantrell
115215,Female,72,,self pay,vaughn
115217,Female,72,,charity care,gomez
115218,Male,69,,medical assistance,tate
115219,Female,35,Not Pregnant,charity care,medina
115225,Female,70,,unassigned,oneal
115226,Male,77,,medical assistance,calderon
115227,Female,14,,charity care,stuart
115230,Male,49,,other,ayers
115232,Male,64,,medical assistance,bowers
115235,Female,45,,medical assistance,hurley
115238,Female,47,,unassigned,riley
115240,Female,41,Not Pregnant,unassigned,reese
115243,Female,34,Not Pregnant,other,drake
115245,Female,39,Not Pregnant,self pay,soto
115247,Female,80,,medical assistance,fischer
115249,Female,57,,charity care,brennan
115250,Male,26,,medical assistance,love
115252,Female,40,Pregnant,other,king
115255,Male,40,,other,ball
115257,Female,39,Not Pregnant,charity care,fritz
115258,Female,23,Not Pregnant,medical assistance,brooks
115260,Male,20,,unassigned,delacruz
115263,Male,78,,self pay,quinn
115264,Male,12,,other,juarez
115266,Male,80,,other,park
115267,Male,16,,unassigned,hayes
115269,Female,36,Not Pregnant,unassigned,serrano
115270,Female,41,Not Pregnant,other,rodriguez
115273,Male,73,,charity care,ritter
115275,Male,16,,other,carey
115276,Male,19,,medical assistance,warner
115277,Female,56,,other,saunders
115279,Male,73,,unassigned,giles
115280,Male,25,,unassigned,reyes
115282,Female,15,,charity care,jones
115283,Male,55,,charity care,shaffer
115287,Male,72,,other,kelly
115288,Female,56,,medical assistance,parsons
115289,Female,33,Not Pregnant,charity care,reid
115290,Male,60,,unassigned,mcguire
115292,Male,62,,unassigned,sanchez
115296,Female,14,,charity care,roberts
115300,Female,42,Not Pregnant,unassigned,bright
115305,Female,54,,self pay,winters
115307,Female,29,Not Pregnant,medical assistance,dixon
115308,Male,41,,charity care,deleon
115310,Female,58,,medical assistance,mejia
115312,Male,71,,self pay,moore
115314,Female,51,,charity care,duncan
115316,Female,46,,medical assistance,sims
115317,Male,39,,unassigned,mack
115323,Female,43,Not Pregnant,self pay,blackburn
115325,Female,27,Not Pregnant,charity care,hester
115328,Male,54,,self pay,boyd
115332,Female,51,,charity care,kirby
115335,Male,35,,other,trujillo
115337,Male,47,,self pay,anthony
115341,Female,80,,other,montoya
115342,Male,36,,unassigned,gutierrez
115346,Female,39,Not Pregnant,medical assistance,novak
115350,Female,23,Not Pregnant,self pay,anderson
115351,Female,76,,self pay,dennis
115354,Female,34,Not Pregnant,medical assistance,mcfarland
115355,Male,46,,other,atkinson
115356,Female,21,Not Pregnant,unassigned,moran
115358,Female,80,,unassigned,hansen
115359,Male,30,,unassigned,mendoza
115369,Female,44,Not Pregnant,self pay,ali
115377,Male,40,,self pay,haney
115379,Male,21,,medical assistance,lozano
115380,Male,48,,self pay,george
115382,Male,37,,self pay,walsh
115386,Female,40,Not Pregnant,medical assistance,stewart
115391,Female,17,,medical assistance,riley
115393,Female,64,,other,potter
115395,Male,80,,unassigned,ochoa
115396,Male,68,,unassigned,burnett
115398,Female,38,Not Pregnant,other,scott
115401,Male,32,,self pay,lyons
115404,Female,13,,other,boyd
115410,Female,21,Not Pregnant,unassigned,ross
115411,Male,35,,charity care,horne
115412,Female,54,,medical assistance,lewis
115416,Female,64,,unassigned,burke
115417,Male,65,,other,mathews
115418,Female,39,Not Pregnant,charity care,archer
115421,Female,63,,self pay,ray
115426,Female,75,,self pay,grimes
115428,Male,52,,other,choi
115429,Female,15,,charity care,house
115430,Female,42,Pregnant,medical assistance,moses
115435,Female,18,,unassigned,johnston
115438,Male,40,,unassigned,vazquez
115440,Female,80,,other,ritter
115441,Female,79,,medical assistance,davies
115442,Female,80,,unassigned,shelton
115443,Female,39,Not Pregnant,self pay,guerra
115458,Female,63,,medical assistance,mcintyre
115465,Male,31,,medical assistance,frank
115466,Female,61,,other,conway
115467,Female,34,Not Pregnant,unassigned,terry
115468,Male,69,,self pay,duke
115471,Female,39,Not Pregnant,medical assistance,gibson
115472,Female,46,,other,butler
115473,Male,12,,medical assistance,oconnell
115477,Male,15,,medical assistance,reilly
115479,Female,55,,charity care,davies
115480,Male,26,,charity care,hammond
115485,Female,54,,charity care,reeves
115486,Male,15,,medical assistance,williamson
115487,Male,28,,charity care,gallegos
115488,Female,17,,unassigned,sellers
115490,Male,56,,self pay,choi
115493,Female,80,,unassigned,blackburn
115495,Female,60,,self pay,hays
115498,Female,68,,charity care,riley
115501,Female,80,,other,pitts
115502,Male,12,,other,kennedy
115503,Male,72,,charity care,morrison
115509,Male,43,,unassigned,gentry
115511,Male,38,,unassigned,callahan
115515,Female,59,,other,perkins
115518,Female,63,,charity care,santos
115520,Female,38,Not Pregnant,unassigned,buck
115524,Male,51,,charity care,khan
115525,Female,17,,medical assistance,mckenzie
115526,Male,80,,charity care,knox
115534,Female,71,,self pay,estrada
115538,Female,48,,self pay,taylor
115539,Male,18,,other,barry
115540,Male,14,,other,friedman
115542,Male,56,,self pay,chaney
115543,Male,16,,medical assistance,wall
115544,Female,20,Not Pregnant,charity care,harrington
115546,Female,56,,other,stein
115547,Female,64,,charity care,owens
115549,Female,13,,unassigned,costa
115550,Female,54,,unassigned,trevino
115551,Female,23,Not Pregnant,self pay,murillo
115553,Female,14,,self pay,smith
115554,Female,58,,charity care,stephens
115558,Male,20,,charity care,barker
115560,Female,54,,other,wheeler
115563,Female,32,Not Pregnant,medical assistance,hayden
115566,Male,80,,unassigned,weeks
115569,Male,48,,medical assistance,rivers
115570,Female,80,,medical assistance,shepard
115574,Male,41,,charity care,rivas
115575,Female,69,,charity care,nolan
115577,Female,49,,other,terry
115579,Female,56,,self pay,holden
115581,Male,65,,unassigned,snow
115588,Male,75,,self pay,fitzpatrick
115592,Male,60,,charity care,sims
115593,Female,16,,unassigned,choi
115595,Male,80,,unassigned,olsen
115599,Male,49,,self pay,arroyo
115600,Male,77,,other,beasley
115601,Female,22,Not Pregnant,other,archer
115603,Female,60,,charity care,sanford
115604,Male,68,,other,johns
115606,Male,64,,charity care,bernard
115609,Female,39,Not Pregnant,charity care,chaney
115613,Female,64,,other,jordan
115614,Female,40,Not Pregnant,charity care,benjamin
115621,Female,50,,other,ayers
115624,Male,56,,self pay,turner
115629,Male,60,,medical assistance,patterson
115634,Male,32,,unassigned,baird
115636,Male,64,,unassigned,farley
115643,Male,41,,unassigned,best
115644,Female,63,,charity care,morrison
115645,Female,21,Not Pregnant,unassigned,velez
115646,Male,27,,medical assistance,zavala
115647,Female,73,,medical assistance,cox
115651,Male,22,,unassigned,snyder
115656,Female,71,,unassigned,ponce
115662,Male,74,,other,meadows
115663,Male,66,,unassigned,giles
115671,Female,67,,unassigned,juarez
115673,Female,27,Not Pregnant,charity care,bradshaw
115674,Male,65,,charity care,jackson
115676,Female,75,,unassigned,morgan
115679,Female,56,,other,rodriguez
115683,Female,51,,charity care,mann
115692,Female,80,,self pay,colon
115700,Male,14,,charity care,zavala
115702,Female,39,Unable to Determine,unassigned,cuevas
115705,Male,65,,other,chung
115706,Male,17,,unassigned,chapman
115709,Female,80,,medical assistance,grant
115710,Male,53,,other,hart
115711,Female,66,,unassigned,jennings
115712,Male,80,,charity care,anthony
115715,Male,62,,charity care,mccann
115727,Female,72,,unassigned,morgan
115731,Male,18,,other,mcpherson
115732,Male,63,,medical assistance,ibarra
115736,Female,62,,charity care,finley
115737,Female,70,,other,doyle
115739,Female,67,,medical assistance,irwin
115741,Male,19,,self pay,baldwin
115742,Female,41,Not Pregnant,unassigned,fernandez
115743,Female,74,,medical assistance,arias
115744,Male,67,,other,morton
115747,Male,69,,medical assistance,cobb
115751,Female,61,,charity care,ellison
115752,Male,67,,other,mason
115753,Male,71,,self pay,cowan
115756,Male,18,,medical assistance,myers
115759,Female,53,,charity care,fischer
115760,Female,80,,unassigned,perry
115762,Male,59,,self pay,boyer
115764,Female,34,Not Pregnant,charity care,benitez
115766,Male,29,,self pay,giles
115767,Female,47,,unassigned,brown
115770,Male,42,,self pay,powers
115775,Male,12,,unassigned,chandler
115776,Male,18,,self pay,branch
115777,Female,23,Not Pregnant,medical assistance,patel
115778,Female,57,,charity care,hood
115780,Female,41,Not Pregnant,unassigned,good
115782,Female,68,,self pay,lozano
115788,Female,65,,unassigned,carson
115792,Female,33,Not Pregnant,unassigned,adams
115796,Female,40,Not Pregnant,medical assistance,pennington
115800,Female,45,,unassigned,oconnor
115804,Female,80,,other,garner
115805,Male,32,,charity care,barnes
115809,Male,70,,charity care,valentine
115811,Female,16,,self pay,riggs
115814,Female,80,,self pay,zamora
115816,Male,66,,other,luna
115817,Female,69,,medical assistance,giles
115818,Male,68,,unassigned,vance
115820,Male,48,,self pay,boyer
115822,Female,67,,self pay,kirby
115827,Male,41,,medical assistance,perez
115831,Female,28,Not Pregnant,self pay,acevedo
115833,Male,37,,self pay,henry
115834,Female,72,,unassigned,leblanc
115841,Female,52,,charity care,goodwin
115846,Female,57,,charity care,whitehead
115848,Male,57,,medical assistance,pittman
115850,Female,56,,self pay,cummings
115853,Male,32,,medical assistance,long
115855,Male,41,,medical assistance,rivera
115858,Male,68,,unassigned,silva
115860,Male,57,,self pay,walters
115862,Male,24,,charity care,carrillo
115864,Male,56,,self pay,ferrell
115868,Male,53,,self pay,fritz
115875,Female,67,,unassigned,duarte
115876,Female,68,,other,stevenson
115879,Male,41,,self pay,novak
115880,Male,22,,self pay,huffman
115882,Female,66,,unassigned,padilla
115883,Male,36,,self pay,sherman
115886,Female,73,,unassigned,brady
115887,Female,68,,medical assistance,lewis
115889,Female,62,,other,friedman
115891,Female,60,,charity care,richmond
115892,Female,16,,unassigned,colon
115895,Male,70,,self pay,rhodes
115896,Male,15,,charity care,lam
115898,Male,59,,other,stephenson
115902,Female,31,Pregnant,unassigned,fisher
115903,Female,12,,charity care,payne
115904,Male,67,,unassigned,marks
115907,Male,63,,charity care,shaw
115908,Male,65,,medical assistance,chang
115909,Female,55,,charity care,horne
115910,Male,74,,self pay,mathis
115913,Male,25,,other,prince
115917,Female,21,Not Pregnant,self pay,ellis
115928,Male,80,,self pay,gaines
115929,Female,44,Not Pregnant,unassigned,gaines
115933,Female,17,,self pay,mercer
115936,Female,70,,other,wolf
115939,Male,55,,medical assistance,mccall
115942,Male,73,,charity care,barnes
115943,Female,74,,self pay,houston
115948,Female,17,,charity care,lewis
115950,Female,44,Not Pregnant,self pay,molina
115951,Female,48,,unassigned,patton
115953,Female,34,Not Pregnant,self pay,chambers
115955,Female,53,,self pay,dominguez
115957,Male,80,,charity care,park
115959,Male,20,,other,hensley
115961,Male,52,,medical assistance,rivas
115962,Female,20,Pregnant,medical assistance,kidd
115965,Female,68,,charity care,rowland
115969,Female,56,,medical assistance,riddle
115972,Male,74,,medical assistance,gamble
115978,Male,40,,medical assistance,davies
115979,Female,24,Not Pregnant,charity care,mcmillan
115981,Female,14,,unassigned,diaz
115982,Female,30,Pregnant,other,morrow
115985,Male,66,,charity care,gay
115986,Female,55,,unassigned,adams
115990,Male,29,,self pay,jackson
115991,Female,19,,medical assistance,mccall
115992,Male,68,,medical assistance,stokes
115993,Male,67,,other,lawson
115995,Male,49,,other,weaver
115996,Male,74,,other,roth
115998,Female,44,Not Pregnant,medical assistance,stokes
116000,Female,19,,medical assistance,duran
116001,Female,45,,unassigned,haney
116002,Male,20,,medical assistance,schneider
116003,Female,25,Not Pregnant,self pay,wise
116004,Female,55,,charity care,norton
116005,Male,38,,charity care,mills
116008,Female,77,,unassigned,reid
116010,Female,73,,charity care,stokes
116012,Female,60,,medical assistance,valdez
116013,Female,58,,unassigned,vazquez
116016,Male,56,,self pay,hammond
116022,Male,34,,medical assistance,ali
116026,Male,18,,other,salinas
116027,Male,59,,medical assistance,glass
116028,Female,43,Not Pregnant,self pay,crane
116029,Male,26,,medical assistance,hall
116035,Male,19,,self pay,dudley
116038,Male,68,,charity care,mays
116042,Male,19,,medical assistance,collins
116043,Male,80,,unassigned,kerr
116044,Female,75,,other,hooper
116045,Male,30,,medical assistance,frank
116050,Male,45,,charity care,bauer
116051,Female,62,,self pay,garza
116053,Male,19,,medical assistance,vang
116054,Male,17,,other,bean
116056,Female,70,,unassigned,cervantes
116057,Male,79,,charity care,mccall
116062,Male,40,,unassigned,powers
116067,Female,44,Not Pregnant,medical assistance,stephens
116069,Female,16,,medical assistance,kidd
116070,Female,70,,other,cole
116071,Female,29,Not Pregnant,charity care,barber
116073,Male,53,,other,dixon
116074,Female,27,Not Pregnant,unassigned,russo
116075,Female,38,Not Pregnant,charity care,boyd
116076,Female,32,Not Pregnant,medical assistance,irwin
116078,Male,27,,self pay,floyd
116079,Male,38,,medical assistance,frye
116084,Female,54,,other,banks
116088,Male,33,,unassigned,clarke
116090,Female,32,Not Pregnant,other,tate
116094,Male,42,,other,rasmussen
116095,Female,66,,unassigned,harper
116097,Male,35,,charity care,joseph
116100,Male,29,,unassigned,larson
116103,Female,42,Not Pregnant,medical assistance,rowe
116104,Female,53,,charity care,doyle
116106,Male,12,,self pay,henry
116109,Female,54,,medical assistance,manning
116110,Female,39,Not Pregnant,medical assistance,frey
116112,Female,63,,charity care,rios
116116,Male,23,,medical assistance,white
116118,Female,56,,other,wood
116119,Female,37,Pregnant,self pay,meza
116123,Male,48,,other,oneill
116126,Female,17,,charity care,yang
116127,Male,73,,charity care,dyer
116134,Female,17,,medical assistance,marquez
116135,Male,75,,self pay,daniels
116138,Female,71,,other,johnson
116140,Male,38,,medical assistance,mejia
116145,Female,31,Not Pregnant,charity care,lawrence
116147,Male,38,,other,sosa
116148,Female,40,Not Pregnant,self pay,mayo
116149,Female,46,,charity care,hobbs
116150,Male,49,,self pay,beltran
116151,Male,48,,self pay,clark
116152,Male,31,,other,fisher
116155,Female,17,,self pay,scott
116157,Female,52,,other,andersen
116163,Female,37,Not Pregnant,unassigned,mathews
116164,Female,33,Not Pregnant,charity care,clark
116167,Female,52,,charity care,bowman
116169,Female,57,,charity care,ramsey
116171,Male,33,,self pay,boyd
116174,Female,50,,medical assistance,fischer
116180,Male,33,,charity care,sampson
116186,Male,32,,medical assistance,miles
116187,Female,65,,other,roberts
116192,Female,14,,medical assistance,thomas
116200,Male,62,,self pay,cooley
116202,Male,31,,charity care,mendoza
116206,Male,64,,self pay,hawkins
116207,Female,34,Not Pregnant,charity care,nelson
116208,Male,67,,unassigned,lyons
116210,Female,52,,medical assistance,jennings
116211,Female,60,,other,chen
116212,Male,15,,charity care,bishop
116214,Male,14,,other,cantu
116219,Male,22,,unassigned,gonzales
116221,Female,14,,self pay,klein
116224,Male,12,,charity care,kim
116226,Male,25,,medical assistance,robles
116228,Female,30,Not Pregnant,self pay,cherry
116230,Female,16,,other,nixon
116231,Female,19,,unassigned,guerra
116232,Female,60,,medical assistance,moran
116236,Male,27,,charity care,price
116237,Male,14,,other,carroll
116238,Female,47,,self pay,luna
116240,Male,74,,medical assistance,hendricks
116242,Female,42,Not Pregnant,self pay,krause
116243,Female,60,,charity care,barnett
116246,Male,13,,other,shah
116247,Female,27,Not Pregnant,unassigned,winters
116251,Female,60,,unassigned,hunter
116254,Male,62,,other,brown
116260,Male,36,,other,koch
116267,Male,56,,charity care,nolan
116268,Female,56,,self pay,sweeney
116269,Female,34,Not Pregnant,unassigned,acevedo
116270,Male,55,,unassigned,pruitt
116271,Female,52,,other,vega
116276,Female,49,,charity care,logan
116277,Female,60,,medical assistance,huff
116280,Female,69,,medical assistance,vaughan
116281,Male,80,,other,dominguez
116283,Male,52,,unassigned,trujillo
116284,Male,32,,charity care,zuniga
116285,Male,14,,medical assistance,huff
116287,Female,47,,medical assistance,wright
116290,Female,31,Not Pregnant,medical assistance,murphy
116291,Female,48,,medical assistance,bishop
116292,Male,50,,self pay,winters
116294,Female,29,Not Pregnant,other,odonnell
116296,Male,19,,self pay,ewing
116299,Female,58,,self pay,clarke
116300,Male,34,,medical assistance,bruce
116302,Male,29,,self pay,liu
116303,Female,64,,other,bruce
116305,Male,26,,self pay,farmer
116306,Female,25,Not Pregnant,charity care,huff
116307,Male,80,,other,vega
116310,Male,42,,self pay,avery
116313,Female,72,,self pay,oconnell
116314,Female,35,Not Pregnant,medical assistance,burch
116319,Male,45,,other,barnett
116320,Male,47,,charity care,ayers
116322,Female,59,,medical assistance,mathews
116327,Male,51,,charity care,bradford
116330,Male,41,,unassigned,estes
116333,Female,36,Not Pregnant,medical assistance,stanton
116334,Male,80,,self pay,weber
116335,Male,61,,other,mcconnell
116338,Female,18,,other,erickson
116339,Male,69,,medical assistance,caldwell
116341,Female,80,,unassigned,lee
116345,Female,50,,medical assistance,stone
116347,Male,79,,unassigned,carlson
116348,Female,47,,unassigned,david
116349,Male,59,,unassigned,cook
116352,Male,26,,medical assistance,krueger
116354,Female,56,,other,conrad
116357,Female,55,,medical assistance,graham
116360,Male,48,,charity care,fritz
116362,Male,23,,charity care,mann
116369,Male,46,,unassigned,buck
116372,Male,18,,self pay,hubbard
116373,Male,71,,charity care,peck
116374,Male,52,,other,hull
116375,Male,54,,other,wagner
116376,Male,80,,self pay,avery
116378,Male,55,,unassigned,villarreal
116380,Male,57,,charity care,flynn
116382,Male,36,,unassigned,thompson
116383,Female,67,,charity care,turner
116384,Female,61,,charity care,choi
116389,Female,75,,self pay,flores
116397,Female,74,,charity care,hale
116398,Female,28,Not Pregnant,unassigned,clark
116401,Female,16,,charity care,williamson
116404,Female,70,,other,kirby
116406,Male,60,,charity care,allison
116407,Female,49,,unassigned,mcmillan
116410,Female,20,Not Pregnant,charity care,garcia
116411,Male,80,,other,mahoney
116415,Female,50,,medical assistance,rowland
116417,Female,27,Not Pregnant,medical assistance,miles
116419,Male,15,,charity care,krueger
116421,Male,69,,charity care,norton
116423,Female,65,,other,yates
116424,Male,37,,self pay,rivas
116426,Female,43,Not Pregnant,charity care,hodges
116430,Male,53,,medical assistance,greer
116432,Male,80,,unassigned,vazquez
116434,Female,30,Not Pregnant,other,landry
116436,Female,18,,other,cunningham
116437,Male,71,,other,ewing
116439,Female,80,,other,harrell
116441,Male,68,,medical assistance,stafford
116442,Male,74,,other,wallace
116444,Female,62,,self pay,valencia
116449,Female,65,,medical assistance,horn
116451,Female,36,Not Pregnant,self pay,molina
116453,Female,31,Not Pregnant,charity care,riggs
116454,Female,31,Unable to Determine,other,marks
116456,Male,73,,unassigned,massey
116457,Female,75,,self pay,davies
116461,Male,80,,medical assistance,decker
116466,Female,16,,medical assistance,downs
116468,Male,74,,charity care,nelson
116474,Male,72,,medical assistance,bridges
116475,Male,33,,unassigned,miranda
116477,Female,16,,other,brooks
116478,Female,14,,charity care,shea
116480,Male,43,,other,owens
116485,Male,50,,medical assistance,ware
116487,Male,48,,self pay,farrell
116488,Male,72,,medical assistance,salazar
116489,Female,49,,medical assistance,cowan
116490,Female,36,Not Pregnant,unassigned,page
116491,Female,14,,unassigned,higgins
116492,Male,20,,charity care,kidd
116493,Male,67,,charity care,mata
116498,Male,13,,charity care,schwartz
116500,Male,50,,charity care,copeland
116502,Female,70,,other,whitney
116503,Male,69,,self pay,wiley
116504,Female,80,,other,frost
116505,Female,20,Not Pregnant,other,case
116506,Male,43,,charity care,harrington
116508,Female,37,Not Pregnant,other,ray
116514,Female,16,,self pay,mcguire
116518,Male,21,,charity care,ayers
116520,Female,45,,unassigned,harrell
116521,Male,16,,self pay,rosales
116525,Male,16,,self pay,wong
116526,Male,56,,self pay,ramos
116528,Female,42,Not Pregnant,medical assistance,welch
116529,Female,19,,charity care,velasquez
116531,Male,63,,unassigned,wiggins
116532,Female,29,Not Pregnant,charity care,short
116533,Female,50,,medical assistance,bautista
116534,Male,18,,self pay,mata
116535,Female,32,Not Pregnant,medical assistance,carson
116537,Male,23,,unassigned,castillo
116539,Male,16,,self pay,conway
116547,Female,59,,self pay,vincent
116551,Female,38,Not Pregnant,charity care,zhang
116556,Female,63,,charity care,garrett
116560,Male,39,,other,barber
116561,Male,33,,unassigned,roach
116562,Male,69,,unassigned,meyers
116565,Female,75,,self pay,rubio
116569,Male,63,,medical assistance,gay
116575,Female,18,,unassigned,vincent
116577,Male,13,,self pay,lane
116580,Female,80,,medical assistance,ewing
116583,Male,24,,other,bass
116584,Male,70,,unassigned,knapp
116587,Male,57,,self pay,matthews
116588,Male,56,,unassigned,rice
116593,Male,14,,medical assistance,bradshaw
116594,Male,14,,unassigned,leach
116595,Female,26,Not Pregnant,charity care,wood
116597,Female,14,,other,ramos
116598,Male,49,,self pay,day
116600,Male,62,,unassigned,oneal
116601,Male,63,,self pay,dalton
116602,Male,21,,medical assistance,donovan
116605,Female,59,,self pay,saunders
116616,Male,52,,medical assistance,cuevas
116617,Male,64,,charity care,smith
116620,Male,80,,unassigned,lynn
116625,Female,80,,other,stephens
116627,Male,31,,other,barron
116628,Male,74,,unassigned,mcknight
116632,Male,80,,unassigned,johnston
116634,Male,80,,self pay,proctor
116635,Female,47,,self pay,price
116637,Female,30,Pregnant,charity care,lyons
116644,Male,20,,medical assistance,porter
116649,Female,56,,charity care,robertson
116654,Female,50,,other,chambers
116655,Male,41,,charity care,glover
116656,Male,40,,medical assistance,marks
116657,Female,49,,self pay,carrillo
116659,Female,15,,charity care,lambert
116660,Female,63,,self pay,reeves
116662,Female,69,,unassigned,johns
116663,Male,14,,other,pace
116664,Female,18,,unassigned,stanley
116667,Male,62,,medical assistance,murphy
116672,Female,30,Not Pregnant,other,larson
116673,Female,49,,self pay,cooke
116675,Female,42,Not Pregnant,charity care,hull
116677,Male,50,,self pay,jones
116678,Female,20,Not Pregnant,medical assistance,ali
116681,Male,12,,unassigned,middleton
116687,Female,29,Pregnant,self pay,peck
116690,Female,17,,charity care,roberts
116693,Male,72,,unassigned,boyd
116694,Female,57,,self pay,roth
116696,Female,48,,self pay,riggs
116698,Female,49,,charity care,cooke
116699,Male,51,,unassigned,hogan
116700,Female,24,Not Pregnant,charity care,harrington
116703,Female,42,Not Pregnant,charity care,bowers
116704,Female,29,Not Pregnant,other,cowan
116705,Male,21,,charity care,murillo
116706,Female,42,Not Pregnant,charity care,mclean
116707,Female,65,,self pay,holder
116709,Female,74,,other,contreras
116716,Male,38,,unassigned,grimes
116721,Female,35,Not Pregnant,charity care,dickson
116725,Male,24,,other,hendricks
116727,Female,31,Not Pregnant,other,marks
116729,Female,17,,medical assistance,houston
116730,Male,64,,charity care,downs
116733,Male,46,,medical assistance,preston
116734,Female,56,,charity care,vaughn
116739,Female,69,,charity care,neal
116744,Female,24,Not Pregnant,unassigned,mccoy
116747,Female,59,,other,frost
116749,Male,19,,self pay,preston
116750,Female,39,Not Pregnant,other,munoz
116751,Female,15,,medical assistance,frye
116756,Male,34,,charity care,barrera
116757,Male,50,,unassigned,jordan
116760,Female,55,,unassigned,munoz
116761,Female,30,Not Pregnant,charity care,huber
116762,Female,61,,unassigned,harding
116764,Female,69,,self pay,mejia
116766,Female,51,,other,holden
116767,Male,26,,unassigned,clayton
116769,Female,40,Not Pregnant,charity care,faulkner
116770,Female,69,,unassigned,vazquez
116773,Male,52,,charity care,love
116774,Female,13,,other,ewing
116775,Male,80,,medical assistance,suarez
116779,Male,17,,medical assistance,melton
116780,Male,52,,other,liu
116782,Female,28,Not Pregnant,unassigned,hardin
116784,Male,54,,charity care,cooper
116785,Male,49,,self pay,lang
116786,Male,55,,charity care,strong
116791,Female,62,,medical assistance,bean
116793,Female,76,,medical assistance,curtis
116794,Male,65,,medical assistance,dean
116799,Female,57,,unassigned,horn
116802,Female,59,,unassigned,potter
116803,Male,15,,unassigned,hall
116806,Female,49,,other,daniel
116807,Male,78,,self pay,mayo
116808,Female,33,Not Pregnant,self pay,saunders
116809,Male,80,,self pay,wolfe
116810,Male,24,,unassigned,osborn
116811,Female,16,,unassigned,rice
116812,Female,27,Not Pregnant,other,jones
116813,Male,21,,other,benjamin
116814,Female,48,,self pay,burke
116816,Male,76,,other,davidson
116818,Female,12,,other,colon
116819,Male,51,,other,kelley
116823,Female,79,,medical assistance,reid
116824,Female,80,,medical assistance,riggs
116826,Male,46,,self pay,romero
116827,Female,17,,other,barajas
116831,Female,67,,other,molina
116833,Female,30,Not Pregnant,charity care,whitehead
116834,Male,30,,unassigned,hess
116836,Female,48,,medical assistance,ware
116838,Male,13,,charity care,miles
116841,Female,26,Unable to Determine,other,mckee
116846,Male,52,,charity care,waters
116847,Male,27,,medical assistance,conner
116855,Female,67,,other,little
116856,Male,45,,medical assistance,carpenter
116861,Female,44,Not Pregnant,medical assistance,pope
116862,Female,49,,other,molina
116864,Male,64,,self pay,mason
116869,Female,70,,unassigned,berg
116871,Female,56,,unassigned,huff
116876,Male,15,,medical assistance,mcgee
116879,Female,12,,medical assistance,navarro
116886,Female,44,Not Pregnant,unassigned,santiago
116887,Male,17,,medical assistance,marshall
116889,Female,46,,other,liu
116893,Male,22,,medical assistance,fowler
116894,Male,66,,medical assistance,mcclain
116895,Male,35,,unassigned,curtis
116896,Female,51,,self pay,hayes
116900,Male,55,,unassigned,wheeler
116901,Female,78,,self pay,pace
116904,Female,60,,unassigned,robles
116913,Female,63,,medical assistance,jimenez
116915,Female,72,,medical assistance,lester
116917,Female,79,,charity care,santos
116920,Female,70,,unassigned,huerta
116923,Female,55,,other,francis
116927,Male,16,,unassigned,murillo
116931,Male,22,,medical assistance,atkins
116935,Male,18,,unassigned,tucker
116940,Male,22,,other,bruce
116941,Female,27,Not Pregnant,medical assistance,hansen
116955,Male,80,,charity care,griffith
116961,Male,60,,other,villegas
116962,Male,27,,self pay,farley
116963,Female,47,,other,fletcher
116966,Male,51,,medical assistance,small
116967,Male,21,,self pay,gallagher
116968,Male,80,,unassigned,bonilla
116969,Female,19,,charity care,caldwell
116970,Male,21,,charity care,bush
116971,Male,18,,unassigned,savage
116975,Male,45,,unassigned,wilkerson
116980,Female,61,,charity care,sellers
116981,Male,37,,medical assistance,cochran
116982,Male,14,,charity care,moody
116988,Male,31,,unassigned,goodman
116989,Male,52,,self pay,livingston
116990,Male,25,,other,burton
116991,Male,55,,other,lindsey
116993,Male,23,,medical assistance,oliver
116999,Female,63,,self pay,davenport
117000,Male,64,,medical assistance,hunt
117002,Male,34,,charity care,dalton
117004,Male,49,,unassigned,wagner
117005,Male,16,,self pay,hester
117006,Female,64,,other,randolph
117009,Female,55,,charity care,stone
117010,Female,74,,medical assistance,combs
117014,Female,47,,other,cross
117016,Male,21,,medical assistance,holden
117017,Female,49,,medical assistance,huynh
117019,Male,71,,charity care,montes
117021,Male,28,,medical assistance,alexander
117022,Female,75,,medical assistance,savage
117023,Female,71,,charity care,morton
117026,Female,32,Not Pregnant,self pay,ibarra
117028,Female,59,,other,hodges
117031,Male,62,,medical assistance,noble
117034,Female,17,,medical assistance,pena
117038,Female,30,Not Pregnant,other,davila
117039,Male,25,,medical assistance,holden
117040,Female,35,Not Pregnant,medical assistance,lam
117042,Male,13,,medical assistance,adkins
117044,Male,70,,other,bean
117045,Female,57,,self pay,hart
117048,Female,74,,unassigned,fox
117049,Female,21,Not Pregnant,charity care,herrera
117050,Male,80,,charity care,salas
117052,Male,80,,other,herrera
117058,Female,60,,other,willis
117059,Male,39,,medical assistance,blackwell
117060,Male,40,,charity care,cantrell
117061,Female,21,Not Pregnant,medical assistance,guzman
117062,Female,43,Not Pregnant,self pay,leach
117063,Male,28,,self pay,hendrix
117067,Female,58,,medical assistance,lane
117068,Male,24,,medical assistance,crawford
117071,Female,48,,other,coffey
117073,Male,40,,charity care,figueroa
117076,Female,61,,other,massey
117084,Male,22,,other,mays
117086,Female,28,Not Pregnant,other,coffey
117089,Male,41,,medical assistance,hanson
117090,Female,68,,self pay,palmer
117091,Male,51,,medical assistance,cross
117092,Female,69,,charity care,solomon
117095,Female,32,Not Pregnant,other,mata
117096,Female,15,,self pay,oneal
117100,Male,15,,unassigned,oconnor
117101,Female,35,Not Pregnant,unassigned,holden
117102,Female,31,Not Pregnant,charity care,lucas
117105,Female,14,,unassigned,mcbride
117107,Male,77,,charity care,escobar
117114,Female,35,Not Pregnant,other,villegas
117116,Female,21,Not Pregnant,medical assistance,jones
117118,Female,35,Not Pregnant,charity care,walsh
117122,Female,16,,unassigned,herring
117124,Female,23,Not Pregnant,charity care,palmer
117131,Female,56,,medical assistance,floyd
117132,Female,66,,charity care,baldwin
117133,Female,71,,charity care,dennis
117134,Male,72,,unassigned,morrow
117138,Female,57,,charity care,kirk
117146,Female,34,Not Pregnant,unassigned,mack
117147,Female,49,,self pay,gardner
117150,Male,64,,unassigned,mosley
117153,Male,56,,self pay,mccormick
117159,Female,31,Not Pregnant,other,johnston
117161,Female,67,,charity care,contreras
117165,Male,75,,unassigned,skinner
117166,Male,55,,other,hampton
117168,Female,44,Not Pregnant,other,rush
117171,Male,68,,self pay,hampton
117172,Male,21,,other,matthews
117173,Male,67,,unassigned,osborne
117174,Female,34,Not Pregnant,other,walton
117177,Male,19,,medical assistance,melton
117178,Female,25,Not Pregnant,charity care,mckay
117181,Female,47,,unassigned,stone
117182,Male,29,,self pay,sullivan
117184,Female,42,Unable to Determine,self pay,waters
117187,Female,72,,medical assistance,wade
117188,Male,60,,charity care,scott
117192,Male,60,,unassigned,dickson
117193,Female,69,,medical assistance,weber
117195,Female,26,Not Pregnant,charity care,jensen
117198,Male,36,,unassigned,sutton
117200,Male,33,,charity care,carr
117204,Female,72,,charity care,cherry
117208,Female,62,,other,galvan
117210,Female,63,,charity care,foster
117212,Female,30,Not Pregnant,charity care,hudson
117216,Female,23,Pregnant,charity care,bradshaw
117217,Male,73,,charity care,pollard
117220,Male,80,,charity care,huber
117222,Male,67,,unassigned,molina
117224,Male,59,,charity care,bailey
117227,Male,18,,self pay,pennington
117230,Female,65,,unassigned,clark
117231,Male,15,,other,benton
117232,Male,48,,self pay,harper
117234,Male,62,,self pay,simon
117235,Female,53,,charity care,cortez
117236,Male,62,,unassigned,chapman
117238,Male,53,,unassigned,ali
117241,Male,51,,charity care,morgan
117242,Male,58,,unassigned,dillon
117243,Female,59,,medical assistance,evans
117244,Female,44,Not Pregnant,self pay,cherry
117245,Male,14,,unassigned,velazquez
117247,Male,12,,medical assistance,orozco
117248,Male,16,,unassigned,everett
117249,Female,65,,medical assistance,fernandez
117250,Female,62,,unassigned,townsend
117253,Female,63,,self pay,day
117259,Male,12,,unassigned,brady
117260,Male,62,,medical assistance,snyder
117263,Male,56,,other,white
117265,Male,75,,unassigned,andersen
117268,Female,17,,other,rasmussen
117270,Female,49,,other,juarez
117272,Female,14,,charity care,gamble
117274,Male,41,,unassigned,pugh
117275,Male,63,,medical assistance,hess
117280,Female,60,,other,castro
117282,Female,41,Not Pregnant,other,atkinson
117283,Male,57,,self pay,guzman
117284,Male,13,,other,blair
117285,Male,28,,unassigned,chung
117286,Female,46,,unassigned,welch
117287,Female,44,Not Pregnant,medical assistance,norman
117289,Female,57,,charity care,holder
117290,Female,45,,medical assistance,ellison
117291,Female,21,Not Pregnant,unassigned,stein
117292,Male,80,,other,paul
117293,Male,55,,unassigned,patton
117294,Male,55,,charity care,mcpherson
117296,Female,13,,unassigned,newman
117297,Female,52,,other,ware
117298,Female,58,,self pay,mathis
117301,Female,73,,other,morris
117302,Male,63,,other,hurst
117305,Female,68,,other,cisneros
117306,Female,42,Not Pregnant,charity care,chan
117307,Female,62,,self pay,garner
117310,Male,71,,medical assistance,wilson
117312,Female,78,,medical assistance,elliott
117313,Female,32,Not Pregnant,unassigned,stanley
117314,Male,61,,medical assistance,khan
117316,Female,55,,charity care,santana
117320,Female,34,Not Pregnant,charity care,gonzales
117321,Female,70,,charity care,ray
117322,Female,80,,medical assistance,garrett
117328,Male,32,,charity care,hurst
117331,Male,57,,self pay,glass
117334,Male,23,,unassigned,dodson
117335,Male,66,,self pay,mejia
117336,Male,43,,charity care,bird
117337,Male,17,,charity care,hardy
117339,Male,80,,charity care,hill
117344,Male,15,,medical assistance,melton
117345,Female,16,,charity care,stevens
117347,Male,18,,self pay,mckenzie
117354,Female,80,,medical assistance,copeland
117356,Male,17,,charity care,baker
117357,Female,22,Not Pregnant,unassigned,bullock
117358,Male,36,,unassigned,kent
117364,Female,37,Not Pregnant,unassigned,lozano
117365,Female,57,,unassigned,garza
117367,Female,16,,unassigned,glover
117368,Male,35,,self pay,valencia
117370,Male,52,,other,roach
117371,Female,44,Not Pregnant,medical assistance,elliott
117374,Female,57,,self pay,howell
117375,Male,49,,other,andrews
117383,Male,42,,medical assistance,hays
117385,Male,14,,charity care,bartlett
117387,Female,31,Not Pregnant,charity care,nielsen
117388,Male,36,,self pay,gentry
117394,Female,24,Pregnant,unassigned,walter
117396,Male,14,,medical assistance,scott
117398,Female,61,,other,taylor
117402,Female,58,,medical assistance,santos
117405,Male,26,,self pay,browning
117407,Male,19,,medical assistance,oneal
117409,Female,34,Not Pregnant,medical assistance,reed
117411,Male,72,,medical assistance,delgado
117412,Male,35,,self pay,pennington
117414,Female,63,,medical assistance,short
117418,Male,45,,other,roth
117420,Female,65,,self pay,weeks
117421,Female,20,Not Pregnant,self pay,daniel
117428,Female,75,,other,cochran
117431,Female,53,,other,freeman
117434,Male,20,,medical assistance,potter
117435,Female,51,,medical assistance,elliott
117436,Male,76,,other,perez
117440,Male,61,,other,mcdaniel
117441,Male,80,,unassigned,grant
117443,Female,13,,charity care,meadows
117445,Male,56,,unassigned,humphrey
117449,Female,16,,self pay,booker
117450,Male,56,,other,meza
117453,Female,46,,self pay,kennedy
117456,Male,13,,self pay,nichols
117457,Female,16,,unassigned,lang
117458,Female,73,,charity care,rodgers
117459,Female,15,,charity care,cooper
117464,Female,56,,other,dunn
117467,Male,58,,charity care,donovan
117468,Female,21,Not Pregnant,self pay,oneal
117470,Male,23,,medical assistance,preston
117471,Female,80,,other,parks
117473,Male,16,,self pay,cisneros
117474,Female,18,,other,guerrero
117478,Female,80,,unassigned,wyatt
117484,Male,19,,self pay,mora
117485,Female,20,Not Pregnant,other,garrison
117489,Male,14,,medical assistance,mccormick
117491,Male,19,,self pay,larsen
117494,Female,71,,unassigned,dunlap
117497,Male,55,,other,franklin
117498,Female,68,,self pay,wiggins
117499,Female,38,Not Pregnant,medical assistance,keith
117500,Male,22,,medical assistance,simon
117509,Female,26,Not Pregnant,charity care,lin
117510,Female,51,,unassigned,reynolds
117511,Female,53,,charity care,davenport
117515,Male,16,,unassigned,sheppard
117517,Male,23,,medical assistance,livingston
117518,Male,50,,medical assistance,collier
117523,Female,41,Not Pregnant,charity care,nguyen
117530,Male,25,,other,branch
117531,Female,32,Not Pregnant,self pay,prince
117534,Female,18,,unassigned,miller
117540,Male,69,,self pay,chen
117543,Female,31,Not Pregnant,medical assistance,mcintyre
117548,Male,12,,medical assistance,vincent
117549,Male,29,,other,summers
117550,Female,12,,medical assistance,guerrero
117556,Female,39,Not Pregnant,unassigned,luna
117558,Female,63,,charity care,woodward
117559,Female,48,,medical assistance,ramirez
117563,Male,16,,unassigned,mathews
117566,Male,37,,self pay,klein
117570,Male,47,,medical assistance,maldonado
117571,Female,41,Not Pregnant,medical assistance,jarvis
117573,Male,45,,charity care,hanna
117574,Male,46,,other,wagner
117575,Female,61,,charity care,vincent
117581,Female,22,Not Pregnant,unassigned,sparks
117587,Female,28,Not Pregnant,other,holden
117589,Female,59,,other,marks
117592,Male,31,,other,merritt
117595,Female,35,Pregnant,medical assistance,padilla
117598,Male,70,,charity care,calhoun
117599,Female,62,,charity care,wood
117603,Male,24,,self pay,king
117606,Female,33,Not Pregnant,other,good
117610,Male,23,,self pay,nunez
117613,Male,48,,charity care,jarvis
117616,Female,63,,unassigned,hartman
117617,Male,46,,other,padilla
117621,Male,27,,medical assistance,greene
117623,Male,60,,other,heath
117625,Female,31,Not Pregnant,charity care,nixon
117627,Male,23,,other,olson
117628,Female,39,Not Pregnant,self pay,mercer
117629,Female,43,Not Pregnant,unassigned,oneal
117633,Female,53,,self pay,mayer
117635,Female,65,,unassigned,larson
117637,Female,36,Not Pregnant,self pay,perkins
117638,Female,76,,other,noble
117641,Female,23,Not Pregnant,unassigned,barton
117644,Female,30,Not Pregnant,self pay,singh
117647,Female,32,Not Pregnant,charity care,flores
117648,Female,43,Not Pregnant,other,hardin
117650,Female,74,,charity care,morales
117651,Male,44,,self pay,garrison
117652,Male,62,,charity care,reid
117654,Male,68,,self pay,aguilar
117656,Male,33,,unassigned,compton
117657,Female,55,,charity care,gordon
117658,Female,15,,charity care,mcdonald
117661,Female,17,,other,stuart
117662,Female,38,Not Pregnant,unassigned,morgan
117664,Female,17,,unassigned,williamson
117666,Female,67,,self pay,ball
117672,Female,55,,medical assistance,webster
117673,Male,14,,medical assistance,michael
117675,Female,80,,charity care,reed
117676,Female,45,,charity care,nielsen
117678,Male,76,,medical assistance,odom
117681,Female,74,,other,murphy
117683,Female,80,,medical assistance,sheppard
117685,Female,40,Not Pregnant,self pay,anderson
117687,Female,45,,self pay,foley
117688,Female,12,,unassigned,dougherty
117689,Female,14,,unassigned,kaiser
117692,Male,69,,medical assistance,donovan
117694,Male,15,,other,gallagher
117695,Female,66,,other,stewart
117700,Male,68,,unassigned,dixon
117701,Male,48,,other,sexton
117707,Female,38,Not Pregnant,unassigned,summers
117708,Male,71,,unassigned,fernandez
117710,Male,47,,other,taylor
117712,Male,24,,other,miranda
117719,Female,18,,unassigned,chaney
117720,Male,31,,unassigned,odonnell
117721,Male,17,,medical assistance,strong
117725,Female,28,Pregnant,other,charles
117729,Female,67,,unassigned,guzman
117730,Female,45,,charity care,owen
117732,Female,53,,other,benitez
117733,Male,46,,other,lindsey
117734,Male,67,,charity care,ward
117738,Female,25,Not Pregnant,medical assistance,shaw
117743,Female,16,,medical assistance,norton
117752,Female,33,Not Pregnant,medical assistance,kelley
117753,Female,53,,medical assistance,schneider
117755,Male,53,,self pay,faulkner
117761,Male,19,,medical assistance,galvan
117764,Female,14,,other,levy
117770,Female,12,,self pay,humphrey
117773,Male,19,,charity care,fritz
117774,Male,28,,unassigned,odom
117775,Male,49,,self pay,alexander
117777,Female,41,Not Pregnant,other,bowman
117778,Female,44,Not Pregnant,self pay,joyce
117780,Male,55,,charity care,barnett
117785,Female,39,Not Pregnant,unassigned,randall
117789,Female,69,,charity care,mckee
117791,Male,12,,other,mason
117792,Female,60,,self pay,montes
117794,Female,80,,unassigned,eaton
117800,Female,65,,self pay,jefferson
117805,Female,16,,charity care,chase
117807,Female,67,,other,tucker
117810,Male,27,,other,cuevas
117817,Female,54,,self pay,barajas
117818,Male,59,,medical assistance,robertson
117820,Male,80,,charity care,herrera
117824,Female,38,Not Pregnant,medical assistance,good
117827,Female,59,,other,riggs
117829,Female,59,,charity care,cameron
117832,Female,41,Not Pregnant,unassigned,blevins
117840,Female,35,Not Pregnant,charity care,sellers
117844,Male,12,,self pay,little
117845,Male,61,,unassigned,nolan
117847,Male,46,,other,donaldson
117849,Female,51,,unassigned,yates
117851,Female,19,,other,irwin
117856,Female,50,,charity care,hurst
117857,Female,44,Not Pregnant,unassigned,kramer
117859,Male,13,,unassigned,villanueva
117862,Male,80,,self pay,thompson
117866,Male,51,,charity care,montoya
117867,Male,48,,self pay,mack
117868,Male,18,,other,savage
117873,Male,57,,unassigned,shea
117874,Male,14,,self pay,foster
117876,Male,13,,self pay,mann
117878,Male,31,,medical assistance,rich
117882,Male,62,,unassigned,dennis
117884,Female,66,,unassigned,weiss
117885,Female,41,Not Pregnant,other,middleton
117887,Male,34,,self pay,frye
117890,Male,71,,medical assistance,mcclain
117892,Female,14,,self pay,atkins
117894,Male,58,,unassigned,black
117897,Female,22,Not Pregnant,other,byrd
117898,Male,17,,medical assistance,huynh
117900,Male,55,,charity care,frank
117903,Female,46,,other,schaefer
117907,Female,21,Not Pregnant,other,vazquez
117909,Female,12,,other,stout
117915,Female,48,,self pay,thomas
117916,Male,75,,other,odom
117917,Female,68,,medical assistance,shannon
117918,Female,62,,self pay,mclaughlin
117919,Male,32,,other,wolf
117921,Female,14,,unassigned,black
117922,Male,31,,medical assistance,frederick
117923,Female,41,Not Pregnant,other,hays
117927,Male,17,,medical assistance,travis
117929,Male,58,,self pay,todd
117931,Female,44,Not Pregnant,medical assistance,short
117933,Male,34,,self pay,carlson
117935,Female,15,,unassigned,barker
117936,Female,19,,unassigned,pham
117937,Female,29,Not Pregnant,self pay,english
117938,Male,47,,self pay,charles
117939,Female,46,,self pay,barnett
117942,Female,36,Not Pregnant,medical assistance,buchanan
117946,Female,38,Not Pregnant,charity care,russo
117948,Male,40,,medical assistance,barrett
117953,Female,41,Not Pregnant,charity care,escobar
117955,Male,14,,other,hogan
117958,Male,39,,medical assistance,hess
117962,Male,80,,unassigned,hurley
117964,Male,60,,self pay,huff
117974,Female,39,Not Pregnant,unassigned,guerra
117984,Female,65,,unassigned,barton
117987,Male,72,,charity care,hensley
117990,Female,34,Not Pregnant,self pay,hunter
117991,Male,47,,other,cohen
117996,Male,47,,unassigned,roth
117998,Male,43,,medical assistance,burton
117999,Female,52,,other,duffy
118005,Male,15,,charity care,schwartz
118006,Female,19,,charity care,watts
118008,Female,44,Not Pregnant,charity care,hart
118011,Male,13,,self pay,meyers
118018,Female,31,Not Pregnant,charity care,frederick
118020,Male,19,,charity care,patterson
118022,Female,60,,unassigned,hickman
118023,Male,20,,unassigned,rojas
118025,Female,50,,unassigned,kirk
118026,Female,80,,unassigned,walls
118029,Female,52,,self pay,craig
118030,Female,53,,other,colon
118031,Female,59,,charity care,duke
118032,Female,12,,medical assistance,kaiser
118033,Female,61,,unassigned,howard
118036,Male,19,,self pay,spencer
118038,Female,65,,charity care,wiley
118039,Female,66,,charity care,bonilla
118040,Female,36,Not Pregnant,medical assistance,bush
118042,Female,53,,medical assistance,fuller
118043,Male,14,,self pay,farmer
118050,Male,69,,other,buck
118051,Female,75,,self pay,charles
118053,Male,15,,self pay,morrison
118055,Female,53,,self pay,knox
118057,Male,65,,medical assistance,nguyen
118058,Male,50,,unassigned,matthews
118059,Male,12,,medical assistance,poole
118061,Female,69,,medical assistance,boyer
118063,Male,25,,charity care,nielsen
118064,Male,17,,charity care,silva
118066,Female,19,,other,vargas
118067,Male,17,,other,holder
118070,Female,15,,unassigned,floyd
118071,Male,47,,charity care,howard
118073,Male,72,,self pay,patton
118075,Female,26,Not Pregnant,unassigned,ballard
118083,Male,64,,other,chase
118085,Male,28,,medical assistance,stanley
118087,Male,51,,self pay,harrell
118091,Male,72,,charity care,short
118102,Male,15,,medical assistance,stephens
118104,Female,65,,medical assistance,mcclure
118105,Female,59,,charity care,matthews
118110,Male,14,,other,valencia
118111,Female,54,,self pay,evans
118112,Male,14,,charity care,arias
118115,Male,62,,other,holder
118117,Male,33,,other,cohen
118118,Female,46,,medical assistance,koch
118121,Female,58,,other,franklin
118122,Female,54,,medical assistance,thornton
118123,Female,65,,self pay,campos
118124,Female,61,,other,harper
118125,Female,57,,unassigned,bates
118126,Male,38,,self pay,willis
118133,Female,12,,medical assistance,olson
118134,Male,80,,self pay,wall
118138,Female,53,,self pay,koch
118142,Male,73,,charity care,gilbert
118146,Male,80,,charity care,bradford
118149,Male,80,,other,vaughn
118156,Female,48,,other,ramos
118161,Female,60,,unassigned,calderon
118163,Male,51,,other,stein
118164,Male,49,,unassigned,francis
118165,Male,22,,charity care,malone
118166,Male,36,,other,fleming
118171,Female,30,Not Pregnant,self pay,jensen
118176,Female,18,,medical assistance,lutz
118178,Male,62,,other,wright
118181,Female,17,,charity care,everett
118182,Female,18,,other,koch
118184,Male,38,,self pay,wall
118185,Female,32,Not Pregnant,self pay,hodge
118190,Male,45,,self pay,spencer
118191,Female,34,Not Pregnant,medical assistance,heath
118193,Male,51,,other,morrison
118194,Male,74,,charity care,pacheco
118197,Female,62,,charity care,abbott
118200,Female,13,,charity care,barton
118201,Male,25,,other,galvan
118205,Female,44,Not Pregnant,charity care,tyler
118208,Male,14,,other,brady
118210,Male,53,,other,beltran
118211,Female,50,,charity care,luna
118212,Female,17,,unassigned,rivas
118217,Male,48,,unassigned,ware
118220,Female,39,Not Pregnant,self pay,rhodes
118221,Male,52,,self pay,holloway
118228,Female,65,,medical assistance,zimmerman
118229,Male,69,,charity care,petersen
118232,Female,25,Pregnant,unassigned,thompson
118237,Male,48,,medical assistance,odonnell
118239,Male,58,,medical assistance,fitzgerald
118240,Female,60,,medical assistance,hodges
118242,Male,76,,other,harrell
118243,Male,15,,unassigned,fields
118244,Female,60,,charity care,frey
118245,Female,21,Not Pregnant,unassigned,perez
118247,Female,74,,charity care,parrish
118248,Male,61,,medical assistance,bowen
118250,Male,71,,other,maddox
118253,Female,47,,charity care,beard
118255,Female,15,,unassigned,pineda
118256,Male,47,,medical assistance,anthony
118257,Female,32,Not Pregnant,medical assistance,spence
118258,Female,29,Not Pregnant,medical assistance,powell
118259,Female,20,Not Pregnant,self pay,warner
118260,Female,12,,other,barker
118262,Male,28,,other,ball
118263,Female,38,Not Pregnant,unassigned,donovan
118265,Male,36,,medical assistance,robles
118266,Male,68,,unassigned,oconnell
118267,Female,47,,other,lyons
118269,Female,40,Not Pregnant,unassigned,bennett
118274,Male,43,,medical assistance,mitchell
118275,Male,19,,other,cordova
118279,Female,65,,self pay,king
118282,Male,34,,unassigned,morgan
118284,Female,43,Not Pregnant,medical assistance,orozco
118285,Male,70,,unassigned,sharp
118286,Female,45,,medical assistance,farrell
118288,Male,19,,other,stokes
118292,Female,41,Not Pregnant,self pay,richards
118295,Male,59,,self pay,reeves
118296,Female,80,,medical assistance,lin
118297,Male,64,,charity care,holder
118298,Male,67,,medical assistance,flynn
118300,Male,80,,medical assistance,goodwin
118302,Female,41,Not Pregnant,self pay,mcclure
118304,Female,75,,self pay,hurley
118305,Female,77,,unassigned,frazier
118306,Female,24,Not Pregnant,medical assistance,mendez
118315,Male,29,,charity care,travis
118316,Female,60,,medical assistance,pena
118319,Male,27,,unassigned,miranda
118320,Female,35,Not Pregnant,other,richards
118322,Female,80,,self pay,serrano
118326,Female,15,,unassigned,barron
118328,Male,77,,other,hodges
118329,Male,13,,other,hogan
118330,Male,58,,unassigned,mann
118332,Female,19,,unassigned,howard
118333,Male,55,,medical assistance,lang
118337,Female,33,Not Pregnant,unassigned,campbell
118338,Female,80,,other,pierce
118340,Female,34,Not Pregnant,unassigned,humphrey
118342,Female,40,Not Pregnant,medical assistance,baxter
118348,Female,80,,self pay,santiago
118349,Female,48,,unassigned,monroe
118350,Female,56,,other,kaiser
118351,Male,61,,medical assistance,haynes
118355,Male,13,,unassigned,cruz
118358,Male,51,,unassigned,shelton
118359,Male,23,,medical assistance,mcdonald
118361,Female,80,,charity care,vincent
118362,Female,80,,other,sawyer
118363,Male,39,,other,luna
118364,Male,65,,unassigned,cain
118369,Female,42,Not Pregnant,other,drake
118370,Female,43,Not Pregnant,medical assistance,love
118373,Female,19,,other,silva
118374,Male,28,,medical assistance,ellison
118375,Male,34,,charity care,dunlap
118378,Female,23,Pregnant,unassigned,christensen
118379,Male,14,,charity care,morris
118380,Male,70,,unassigned,wade
118381,Female,55,,medical assistance,russo
118383,Male,14,,other,mcclure
118385,Female,39,Not Pregnant,self pay,lee
118386,Male,59,,self pay,figueroa
118387,Male,80,,self pay,armstrong
118391,Female,34,Not Pregnant,charity care,gross
118392,Female,13,,unassigned,hobbs
118395,Female,56,,unassigned,bass
118396,Female,57,,other,rangel
118407,Female,51,,charity care,chapman
118408,Male,26,,charity care,key
118409,Female,37,Not Pregnant,charity care,duncan
118412,Female,68,,unassigned,orr
118414,Male,65,,charity care,valenzuela
118416,Female,80,,charity care,barber
118418,Male,56,,unassigned,morrison
118423,Female,41,Not Pregnant,medical assistance,flowers
118425,Female,80,,charity care,houston
118432,Male,19,,medical assistance,sosa
118433,Male,48,,unassigned,mitchell
118436,Male,64,,unassigned,harper
118437,Male,66,,medical assistance,griffith
118439,Female,78,,other,conley
118445,Female,26,Not Pregnant,self pay,foley
118450,Male,21,,unassigned,hurst
118454,Female,19,,unassigned,andrews
118457,Male,80,,medical assistance,werner
118458,Female,65,,charity care,myers
118459,Male,80,,medical assistance,serrano
118460,Male,35,,unassigned,blackwell
118464,Female,59,,other,bridges
118465,Male,18,,charity care,colon
118466,Male,80,,charity care,woods
118468,Male,18,,medical assistance,branch
118471,Male,61,,other,cuevas
118472,Male,16,,unassigned,burch
118476,Male,42,,charity care,bishop
118478,Male,63,,unassigned,giles
118482,Female,38,Not Pregnant,charity care,ball
118484,Male,54,,unassigned,moran
118486,Male,20,,other,mcclure
118488,Female,35,Not Pregnant,medical assistance,rangel
118491,Male,72,,charity care,park
118492,Male,33,,charity care,chung
118495,Female,31,Not Pregnant,self pay,nolan
118500,Male,57,,medical assistance,webster
118502,Male,12,,charity care,costa
118504,Male,25,,charity care,miller
118505,Female,65,,unassigned,branch
118507,Male,15,,unassigned,malone
118511,Male,14,,self pay,perry
118512,Male,52,,medical assistance,larsen
118513,Female,80,,unassigned,bates
118515,Male,76,,other,jimenez
118518,Female,39,Not Pregnant,self pay,dyer
118520,Female,64,,medical assistance,vance
118521,Female,55,,unassigned,levine
118522,Female,71,,medical assistance,kidd
118523,Female,54,,self pay,hayes
118526,Male,17,,medical assistance,riggs
118528,Male,34,,unassigned,oliver
118530,Male,25,,medical assistance,kent
118532,Male,80,,self pay,marsh
118533,Male,68,,self pay,tanner
118534,Female,14,,other,henson
118536,Female,61,,charity care,oconnor
118544,Female,33,Not Pregnant,charity care,avery
118548,Male,37,,self pay,garcia
118550,Male,24,,unassigned,garrett
118552,Male,39,,unassigned,bishop
118553,Female,57,,self pay,robertson
118554,Female,40,Not Pregnant,charity care,sims
118556,Male,63,,unassigned,charles
118558,Male,14,,other,baker
118563,Male,57,,other,travis
118570,Female,16,,medical assistance,barrett
118571,Female,77,,self pay,jarvis
118575,Female,42,Unable to Determine,self pay,carr
118576,Male,50,,other,meyers
118577,Female,80,,other,baxter
118578,Male,53,,other,dickerson
118579,Male,72,,self pay,butler
118580,Female,25,Not Pregnant,charity care,dixon
118581,Male,71,,other,knight
118586,Female,37,Not Pregnant,medical assistance,haley
118589,Female,70,,medical assistance,ayers
118592,Female,54,,charity care,walton
118595,Female,71,,self pay,hood
118596,Female,80,,unassigned,herrera
118597,Female,28,Pregnant,medical assistance,norton
118599,Male,69,,unassigned,hansen
118601,Female,55,,other,davila
118604,Female,58,,charity care,finley
118605,Male,18,,charity care,bowman
118606,Female,32,Pregnant,charity care,barnes
118610,Male,59,,medical assistance,lucas
118611,Female,59,,charity care,andrade
118613,Male,12,,medical assistance,mcclain
118614,Female,66,,other,owens
118616,Male,37,,unassigned,ward
118618,Female,57,,unassigned,bennett
118621,Female,46,,charity care,bradford
118622,Female,69,,charity care,wilkins
118625,Female,12,,self pay,zhang
118626,Male,12,,self pay,stuart
118628,Female,44,Not Pregnant,unassigned,floyd
118629,Male,24,,medical assistance,dalton
118634,Female,74,,unassigned,gibson
118636,Female,60,,unassigned,hale
118638,Female,70,,charity care,morgan
118640,Male,56,,unassigned,roberson
118641,Female,28,Not Pregnant,charity care,huffman
118643,Female,50,,charity care,mercado
118644,Male,16,,medical assistance,ochoa
118645,Male,16,,charity care,lowe
118648,Male,47,,charity care,phelps
118650,Male,39,,unassigned,richardson
118651,Female,51,,self pay,manning
118654,Male,28,,unassigned,hansen
118655,Female,58,,medical assistance,lucero
118658,Male,30,,other,hampton
118662,Female,70,,medical assistance,stokes
118665,Male,70,,charity care,shah
118673,Female,25,Not Pregnant,unassigned,allison
118675,Male,59,,medical assistance,vega
118678,Female,78,,other,higgins
118681,Male,65,,other,davenport
118684,Female,71,,unassigned,wall
118687,Female,53,,medical assistance,love
118688,Female,73,,medical assistance,burton
118690,Male,80,,medical assistance,alvarado
118692,Male,65,,medical assistance,chen
118693,Male,51,,other,vaughn
118694,Male,15,,medical assistance,esparza
118697,Female,42,Not Pregnant,medical assistance,brown
118699,Female,65,,charity care,ho
118701,Female,45,,charity care,hart
118712,Male,23,,medical assistance,wright
118713,Male,54,,other,wright
118714,Female,71,,unassigned,palmer
118715,Female,12,,other,ruiz
118717,Female,14,,unassigned,pineda
118718,Male,24,,medical assistance,villegas
118719,Male,23,,other,osborn
118720,Male,17,,medical assistance,summers
118721,Female,70,,charity care,abbott
118724,Female,62,,medical assistance,bailey
118727,Female,66,,charity care,walsh
118729,Female,43,Not Pregnant,self pay,hensley
118735,Female,80,,other,schultz
118736,Female,66,,unassigned,miles
118737,Female,26,Not Pregnant,other,larsen
118738,Female,42,Unable to Determine,medical assistance,riley
118742,Female,80,,medical assistance,washington
118743,Female,80,,charity care,carr
118744,Male,14,,charity care,randolph
118745,Male,32,,medical assistance,howell
118746,Female,21,Not Pregnant,medical assistance,hicks
118748,Male,31,,medical assistance,farrell
118752,Female,37,Not Pregnant,charity care,ryan
118753,Male,71,,other,miles
118754,Male,14,,charity care,ramirez
118755,Male,65,,medical assistance,mayo
118756,Female,29,Not Pregnant,other,johnson
118757,Female,13,,unassigned,arnold
118758,Male,80,,unassigned,parsons
118759,Female,34,Not Pregnant,other,silva
118762,Female,34,Not Pregnant,unassigned,dorsey
118763,Female,16,,medical assistance,watkins
118764,Female,76,,self pay,vance
118766,Female,37,Not Pregnant,charity care,steele
118767,Female,62,,unassigned,beltran
118770,Male,68,,medical assistance,zimmerman
118775,Female,56,,other,gallagher
118776,Male,55,,self pay,goodman
118778,Male,77,,charity care,fleming
118781,Male,44,,medical assistance,pennington
118783,Male,65,,unassigned,hobbs
118784,Male,27,,medical assistance,lara
118786,Male,45,,unassigned,bradshaw
118789,Male,32,,charity care,kirby
118792,Male,67,,self pay,schwartz
118797,Male,18,,charity care,fletcher
118798,Female,12,,self pay,lee
118801,Female,80,,medical assistance,gill
118802,Male,39,,medical assistance,cummings
118803,Male,34,,unassigned,salas
118804,Male,21,,unassigned,huynh
118809,Female,67,,charity care,ryan
118811,Male,20,,medical assistance,yoder
118813,Male,72,,charity care,marks
118815,Male,50,,medical assistance,duarte
118816,Male,26,,self pay,morrow
118834,Male,41,,medical assistance,harding
118836,Male,20,,unassigned,waters
118837,Male,13,,unassigned,graham
118839,Male,58,,charity care,gibson
118840,Female,23,Not Pregnant,unassigned,english
118841,Male,59,,unassigned,graham
118842,Female,80,,charity care,hampton
118843,Female,16,,charity care,cunningham
118845,Male,64,,other,edwards
118848,Female,17,,charity care,navarro
118853,Female,40,Not Pregnant,charity care,calhoun
118857,Female,67,,unassigned,burgess
118858,Female,35,Not Pregnant,charity care,giles
118863,Female,58,,medical assistance,benton
118864,Female,61,,medical assistance,chen
118865,Male,18,,unassigned,wood
118866,Male,19,,medical assistance,kline
118871,Male,63,,charity care,cochran
118875,Female,30,Pregnant,unassigned,clements
118876,Male,44,,other,maddox
118877,Female,59,,medical assistance,gomez
118887,Female,64,,unassigned,ali
118890,Male,67,,charity care,small
118892,Male,15,,charity care,wagner
118893,Male,29,,self pay,schmidt
118894,Female,52,,medical assistance,mahoney
118895,Female,32,Not Pregnant,medical assistance,wagner
118897,Male,40,,other,simmons
118899,Male,70,,unassigned,blevins
118902,Female,14,,medical assistance,berger
118904,Male,36,,self pay,grant
118905,Male,48,,other,marks
118906,Male,80,,self pay,maldonado
118909,Female,16,,medical assistance,oneill
118913,Female,47,,self pay,carlson
118914,Male,60,,unassigned,herrera
118915,Female,56,,medical assistance,webb
118922,Female,72,,unassigned,mcgrath
118924,Male,49,,self pay,jones
118928,Female,12,,other,deleon
118929,Male,45,,self pay,king
118931,Female,80,,unassigned,orozco
118932,Female,39,Not Pregnant,self pay,booker
118933,Male,80,,charity care,harmon
118934,Male,15,,unassigned,stark
118935,Male,60,,unassigned,reid
118936,Male,67,,charity care,hatfield
118937,Male,69,,self pay,griffin
118938,Female,24,Not Pregnant,charity care,andrade
118939,Female,42,Not Pregnant,other,berg
118942,Female,30,Not Pregnant,charity care,fields
118944,Male,51,,unassigned,vega
118947,Female,58,,unassigned,bonilla
118949,Female,64,,charity care,rogers
118951,Male,45,,medical assistance,shea
118952,Female,19,,charity care,hamilton
118958,Male,40,,charity care,bates
118967,Male,33,,self pay,barron
118968,Male,14,,medical assistance,buckley
118971,Male,58,,self pay,juarez
118972,Female,52,,self pay,love
118976,Male,17,,self pay,rowe
118980,Female,59,,unassigned,duke
118982,Male,15,,self pay,jenkins
118985,Male,54,,other,mata
118989,Female,53,,self pay,huang
118990,Female,56,,self pay,solomon
118992,Male,51,,unassigned,sexton
118998,Male,13,,unassigned,payne
118999,Male,60,,charity care,santiago
119000,Male,72,,unassigned,middleton
119003,Male,12,,medical assistance,frank
119007,Male,47,,medical assistance,yoder
119008,Male,15,,self pay,chang
119009,Female,64,,other,lara
119012,Female,17,,medical assistance,hooper
119016,Male,56,,other,strickland
119017,Male,65,,charity care,moran
119019,Male,50,,unassigned,curtis
119029,Male,42,,other,carr
119030,Male,67,,unassigned,boyd
119031,Male,76,,other,frank
119033,Male,13,,self pay,anderson
119034,Female,33,Not Pregnant,charity care,moses
119040,Female,73,,charity care,whitaker
119041,Male,37,,charity care,marshall
119042,Male,75,,medical assistance,king
119044,Male,43,,self pay,brewer
119052,Female,16,,other,doyle
119053,Female,49,,other,solomon
119056,Male,72,,other,peters
119058,Female,78,,self pay,mora
119059,Female,49,,other,jacobson
119062,Male,63,,medical assistance,velasquez
119064,Female,80,,medical assistance,lawson
119068,Male,46,,unassigned,hamilton
119070,Female,25,Not Pregnant,unassigned,aguirre
119073,Female,77,,other,morton
119074,Male,17,,other,hahn
119075,Female,56,,medical assistance,whitehead
119076,Female,67,,charity care,ferrell
119077,Male,53,,other,shea
119078,Female,77,,medical assistance,snow
119081,Male,23,,charity care,shields
119083,Female,63,,medical assistance,farmer
119085,Female,43,Not Pregnant,medical assistance,shaw
119086,Female,36,Not Pregnant,self pay,rocha
119089,Male,14,,other,franklin
119092,Female,67,,charity care,cole
119093,Female,12,,other,hahn
119096,Female,47,,medical assistance,fox
119099,Female,57,,self pay,becker
119100,Female,33,Not Pregnant,unassigned,davidson
119101,Male,68,,unassigned,donovan
119102,Female,66,,other,cisneros
119103,Male,19,,charity care,tate
119104,Male,35,,other,romero
119108,Male,74,,charity care,mendez
119109,Female,33,Not Pregnant,unassigned,adams
119112,Female,33,Pregnant,other,bruce
119117,Male,66,,medical assistance,shelton
119120,Male,14,,unassigned,turner
119124,Female,61,,medical assistance,villa
119125,Female,15,,self pay,blanchard
119126,Male,80,,other,meyers
119127,Male,33,,self pay,walter
119128,Female,18,,other,keller
119132,Male,59,,other,harrison
119133,Female,25,Not Pregnant,self pay,petersen
119135,Female,53,,medical assistance,franklin
119137,Female,13,,medical assistance,webb
119138,Male,15,,medical assistance,hendrix
119139,Female,73,,other,woodard
119144,Male,22,,charity care,hardin
119146,Male,39,,other,wall
119149,Male,48,,medical assistance,peters
119152,Male,55,,medical assistance,leach
119153,Female,12,,charity care,harrison
119157,Female,74,,charity care,melendez
119158,Female,44,Not Pregnant,charity care,ellis
119164,Male,68,,medical assistance,moreno
119165,Male,17,,charity care,blackwell
119166,Male,42,,self pay,li
119167,Female,18,,self pay,cannon
119168,Male,67,,unassigned,bates
119169,Male,42,,charity care,stuart
119170,Male,65,,unassigned,hoover
119172,Female,80,,unassigned,greene
119174,Female,16,,other,blair
119175,Female,49,,unassigned,cervantes
119181,Male,42,,medical assistance,rangel
119183,Female,25,Not Pregnant,self pay,lang
119184,Male,35,,charity care,zimmerman
119186,Female,63,,charity care,oconnor
119187,Male,45,,charity care,carey
119189,Female,64,,charity care,mendez
119192,Female,44,Not Pregnant,charity care,anderson
119193,Female,52,,other,carrillo
119194,Male,41,,unassigned,stout
119196,Male,40,,charity care,patton
119197,Female,72,,self pay,oliver
119198,Female,17,,unassigned,berg
119202,Female,80,,charity care,bird
119205,Male,13,,other,hill
119206,Female,69,,unassigned,walton
119210,Female,48,,unassigned,harmon
119211,Male,80,,unassigned,jordan
119212,Male,35,,other,cochran
119214,Male,13,,medical assistance,wilkinson
119219,Female,80,,unassigned,valentine
119220,Female,80,,medical assistance,house
119223,Male,63,,unassigned,pennington
119227,Female,20,Not Pregnant,self pay,wu
119230,Female,61,,self pay,wang
119232,Male,51,,charity care,lynch
119237,Female,67,,self pay,raymond
119239,Female,71,,unassigned,porter
119241,Female,54,,unassigned,novak
119245,Male,45,,unassigned,haynes
119248,Male,61,,other,kim
119250,Male,38,,self pay,oconnell
119252,Male,24,,unassigned,jimenez
119257,Male,44,,self pay,hebert
119260,Female,65,,other,dixon
119261,Male,20,,unassigned,greer
119266,Male,46,,charity care,suarez
119267,Female,80,,unassigned,ashley
119268,Female,12,,other,harmon
119274,Male,61,,unassigned,lloyd
119278,Male,13,,charity care,edwards
119281,Male,14,,charity care,powell
119284,Female,13,,self pay,knapp
119286,Male,19,,self pay,richard
119290,Male,12,,medical assistance,galloway
119292,Female,56,,medical assistance,miller
119293,Male,68,,other,pittman
119297,Female,65,,charity care,mayer
119299,Male,56,,self pay,johnson
119302,Male,37,,self pay,mendez
119308,Male,18,,unassigned,espinoza
119311,Male,36,,other,haney
119312,Female,52,,medical assistance,daugherty
119314,Female,80,,medical assistance,li
119319,Male,17,,charity care,craig
119323,Male,47,,self pay,pratt
119325,Male,71,,unassigned,pitts
119334,Female,24,Not Pregnant,other,madden
119336,Female,12,,self pay,hatfield
119337,Female,75,,self pay,andrews
119340,Male,31,,charity care,ali
119349,Female,74,,other,rivas
119350,Female,56,,unassigned,fletcher
119356,Male,64,,charity care,rush
119357,Male,19,,medical assistance,mcclure
119358,Male,51,,medical assistance,bautista
119361,Male,72,,medical assistance,mcneil
119362,Female,14,,unassigned,chambers
119364,Female,73,,unassigned,edwards
119367,Male,75,,self pay,skinner
119369,Male,73,,self pay,alexander
119375,Female,31,Not Pregnant,self pay,brock
119376,Female,53,,charity care,whitney
119379,Male,13,,charity care,robertson
119381,Female,67,,medical assistance,compton
119383,Female,34,Not Pregnant,charity care,roberson
119386,Female,37,Not Pregnant,medical assistance,davila
119388,Female,12,,medical assistance,aguirre
119394,Female,37,Not Pregnant,other,parsons
119396,Female,80,,charity care,johnson
119399,Female,79,,charity care,lawrence
119400,Male,45,,medical assistance,valencia
119402,Male,77,,unassigned,harding
119405,Female,55,,self pay,benitez
119406,Female,80,,other,cobb
119409,Male,15,,unassigned,castro
119410,Male,34,,other,parrish
119413,Male,48,,other,robbins
119414,Female,12,,medical assistance,osborne
119417,Female,58,,medical assistance,baxter
119418,Male,33,,unassigned,herring
119421,Female,38,Not Pregnant,other,glenn
119429,Female,26,Not Pregnant,unassigned,golden
119430,Male,43,,charity care,peterson
119431,Female,15,,unassigned,finley
119433,Male,71,,charity care,riggs
119434,Male,75,,other,marquez
119436,Male,15,,other,howell
119438,Male,27,,unassigned,sanders
119439,Female,14,,medical assistance,baldwin
119441,Female,68,,other,love
119442,Male,40,,charity care,leach
119443,Female,18,,medical assistance,yang
119447,Male,64,,other,mays
119450,Male,67,,other,love
119453,Female,39,Not Pregnant,medical assistance,daniels
119454,Male,18,,charity care,simmons
119465,Female,67,,unassigned,foster
119466,Male,61,,unassigned,chandler
119467,Female,21,Not Pregnant,medical assistance,meyer
119468,Female,13,,charity care,acevedo
119470,Female,39,Not Pregnant,self pay,oneal
119471,Male,21,,charity care,martinez
119474,Female,12,,other,solomon
119477,Female,17,,charity care,summers
119478,Male,51,,unassigned,grimes
119480,Female,34,Not Pregnant,other,holmes
119483,Male,38,,other,jefferson
119484,Female,21,Not Pregnant,self pay,ellison
119487,Female,52,,self pay,valentine
119488,Male,30,,unassigned,booker
119489,Female,59,,medical assistance,mora
119490,Female,12,,self pay,guzman
119493,Female,80,,charity care,norman
119494,Female,48,,self pay,hanna
119497,Male,24,,unassigned,wiley
119501,Female,39,Not Pregnant,self pay,hanson
119503,Male,50,,charity care,osborne
119504,Male,44,,self pay,gutierrez
119507,Male,56,,charity care,guerra
119508,Female,37,Not Pregnant,charity care,boyle
119512,Male,71,,unassigned,huerta
119519,Female,67,,unassigned,mendez
119523,Female,25,Not Pregnant,self pay,acevedo
119534,Male,13,,medical assistance,wilkerson
119537,Male,22,,other,thompson
119541,Female,49,,medical assistance,navarro
119543,Male,54,,self pay,solomon
119544,Male,80,,other,li
119545,Male,44,,other,flynn
119546,Male,17,,self pay,bailey
119547,Male,62,,charity care,oconnell
119548,Female,76,,unassigned,salas
119551,Male,49,,self pay,harrell
119556,Female,52,,unassigned,dudley
119559,Male,54,,other,mcclain
119561,Male,59,,other,mccann
119562,Female,80,,medical assistance,dillon
119563,Male,62,,medical assistance,rich
119565,Female,56,,self pay,peterson
119567,Female,69,,other,forbes
119572,Female,56,,unassigned,banks
119575,Male,28,,medical assistance,evans
119579,Female,29,Not Pregnant,unassigned,moody
119581,Male,45,,other,foley
119583,Female,22,Not Pregnant,self pay,bass
119584,Male,51,,self pay,oneill
119586,Male,62,,charity care,buchanan
119588,Male,58,,medical assistance,grimes
119589,Female,24,Not Pregnant,unassigned,huerta
119590,Female,44,Not Pregnant,medical assistance,meza
119591,Female,69,,self pay,may
119592,Female,80,,medical assistance,horne
119593,Female,59,,medical assistance,strong
119595,Male,51,,charity care,tate
119598,Male,18,,charity care,hardin
119600,Female,49,,medical assistance,james
119604,Male,37,,other,weaver
119605,Female,80,,other,villarreal
119606,Male,60,,medical assistance,mcconnell
119608,Female,24,Not Pregnant,unassigned,stark
119609,Female,24,Not Pregnant,unassigned,gilbert
119617,Female,66,,self pay,curtis
119619,Male,37,,medical assistance,powers
119622,Female,47,,self pay,floyd
119623,Male,33,,self pay,mcgrath
119624,Male,48,,medical assistance,hess
119626,Male,33,,unassigned,raymond
119628,Female,46,,self pay,hammond
119629,Male,73,,charity care,phelps
119630,Female,55,,unassigned,alvarado
119636,Female,64,,other,bolton
119640,Male,80,,other,horton
119641,Male,24,,medical assistance,page
119642,Female,59,,unassigned,marks
119644,Male,53,,charity care,harrison
119645,Female,47,,other,vang
119646,Female,36,Not Pregnant,medical assistance,mosley
119648,Female,65,,self pay,benjamin
119651,Female,80,,unassigned,haas
119652,Male,64,,self pay,braun
119659,Female,59,,other,gardner
119664,Male,61,,medical assistance,jimenez
119668,Female,38,Not Pregnant,other,hooper
119669,Female,64,,charity care,kelly
119672,Female,24,Unable to Determine,unassigned,knox
119675,Male,71,,other,kane
119676,Female,24,Not Pregnant,self pay,moses
119678,Male,71,,unassigned,bishop
119679,Female,35,Not Pregnant,unassigned,knight
119681,Male,72,,other,huff
119683,Female,62,,other,gamble
119687,Male,23,,self pay,dyer
119688,Female,51,,unassigned,andrade
119691,Male,15,,other,powell
119692,Female,80,,unassigned,glenn
119693,Female,37,Not Pregnant,other,lyons
119694,Female,20,Not Pregnant,other,green
119695,Female,80,,other,morrison
119696,Female,45,,medical assistance,mejia
119698,Female,19,,self pay,sanford
119699,Female,72,,medical assistance,gonzalez
119700,Female,53,,self pay,petersen
119705,Female,21,Not Pregnant,charity care,barry
119708,Male,80,,unassigned,giles
119711,Female,67,,other,perez
119712,Male,80,,unassigned,kelly
119716,Female,73,,self pay,barker
119717,Male,15,,medical assistance,cortez
119731,Male,69,,other,cook
119734,Male,73,,self pay,tyler
119735,Male,70,,other,ali
119736,Female,16,,other,santana
119738,Male,66,,self pay,bautista
119743,Male,28,,medical assistance,jensen
119745,Female,45,,charity care,key
119750,Female,67,,unassigned,simon
119751,Female,72,,self pay,mcfarland
119755,Female,75,,self pay,davies
119761,Male,36,,self pay,cordova
119762,Female,62,,other,hart
119763,Female,14,,charity care,michael
119766,Male,61,,self pay,mcdaniel
119768,Male,54,,other,suarez
119769,Female,70,,unassigned,ferrell
119771,Female,14,,unassigned,martinez
119772,Male,36,,charity care,matthews
119773,Male,19,,medical assistance,perry
119775,Female,67,,self pay,weaver
119779,Male,67,,unassigned,rubio
119780,Female,42,Not Pregnant,unassigned,ward
119786,Male,16,,charity care,booker
119787,Male,60,,unassigned,austin
119788,Male,80,,charity care,monroe
119791,Male,66,,self pay,deleon
119793,Male,12,,self pay,burnett
119795,Female,67,,other,boyer
119798,Male,68,,charity care,vega
119799,Female,70,,self pay,blake
119800,Male,54,,other,randolph
119801,Female,48,,self pay,mahoney
119807,Male,58,,self pay,mcmillan
119808,Male,78,,other,cardenas
119810,Female,20,Not Pregnant,charity care,hunt
119811,Male,45,,other,huerta
119813,Female,60,,medical assistance,wise
119814,Female,71,,unassigned,jarvis
119815,Female,19,,self pay,bean
119816,Female,19,,unassigned,young
119817,Male,50,,other,floyd
119818,Male,15,,unassigned,anderson
119821,Male,80,,other,gaines
119824,Female,17,,self pay,gibbs
119825,Female,51,,self pay,johns
119829,Female,35,Not Pregnant,self pay,hampton
119830,Female,33,Not Pregnant,charity care,tanner
119831,Female,20,Not Pregnant,unassigned,gardner
119833,Male,39,,unassigned,benitez
119838,Female,33,Not Pregnant,medical assistance,jimenez
119842,Male,40,,charity care,stein
119844,Male,17,,charity care,mckinney
119846,Male,37,,other,watson
119848,Female,56,,self pay,cobb
119850,Male,14,,medical assistance,donaldson
119851,Male,12,,medical assistance,horne
119854,Female,46,,self pay,callahan
119855,Male,50,,medical assistance,hanna
119862,Female,12,,other,bruce
119864,Male,80,,other,hardin
119871,Female,39,Not Pregnant,unassigned,dalton
119873,Male,19,,self pay,gregory
119876,Male,60,,other,cox
119878,Female,30,Not Pregnant,self pay,santana
119879,Female,42,Not Pregnant,unassigned,marshall
119885,Female,58,,self pay,kirby
119886,Female,73,,self pay,patel
119889,Female,80,,self pay,farrell
119892,Female,24,Not Pregnant,unassigned,frazier
119905,Male,52,,other,faulkner
119907,Female,22,Not Pregnant,medical assistance,lucas
119908,Female,19,,unassigned,jackson
119911,Male,69,,self pay,lutz
119913,Male,80,,medical assistance,huynh
119918,Female,68,,self pay,boyle
119921,Male,13,,medical assistance,santiago
119923,Female,69,,unassigned,watkins
119927,Female,18,,medical assistance,cain
119928,Female,58,,unassigned,larsen
119929,Female,18,,medical assistance,mcknight
119930,Female,18,,unassigned,holt
119934,Male,79,,unassigned,shaffer
119935,Female,38,Not Pregnant,unassigned,larsen
119937,Female,37,Not Pregnant,medical assistance,jennings
119939,Male,58,,medical assistance,stout
119942,Female,67,,self pay,cherry
119947,Male,40,,charity care,kent
119948,Male,62,,unassigned,dickerson
119949,Female,24,Not Pregnant,self pay,morris
119950,Male,37,,self pay,fleming
119951,Male,75,,self pay,booth
119956,Female,12,,other,oconnell
119957,Female,16,,unassigned,allison
119958,Male,30,,unassigned,murphy
119959,Male,59,,unassigned,mejia
119961,Male,51,,charity care,glass
119963,Male,16,,unassigned,riley
119964,Male,54,,medical assistance,cabrera
119965,Male,29,,self pay,greene
119966,Male,66,,unassigned,whitehead
119968,Male,70,,self pay,richard
119970,Female,36,Not Pregnant,other,finley
119972,Male,80,,medical assistance,bradford
119975,Female,19,,other,lucas
119979,Female,70,,medical assistance,barker
119984,Female,41,Not Pregnant,medical assistance,bryant
119989,Female,33,Not Pregnant,self pay,hardin
119994,Female,55,,other,gonzales
119995,Male,19,,other,arellano
119997,Male,18,,other,osborn
120000,Female,29,Not Pregnant,self pay,bridges
120001,Female,57,,unassigned,chapman
120003,Male,53,,self pay,mccoy
120004,Male,19,,charity care,rivers
120005,Male,41,,unassigned,avila
120007,Male,16,,medical assistance,schultz
120010,Female,61,,other,stevens
120011,Male,34,,charity care,phillips
120012,Female,16,,charity care,perry
120013,Male,62,,charity care,cisneros
120017,Female,45,,medical assistance,werner
120018,Female,30,Not Pregnant,medical assistance,guerrero
120020,Female,18,,charity care,petty
120021,Female,56,,self pay,foley
120022,Male,56,,other,christian
120025,Female,36,Not Pregnant,self pay,sharp
120026,Female,60,,medical assistance,cortez
120027,Male,36,,medical assistance,bender
120029,Male,28,,other,mendez
120030,Male,34,,self pay,moran
120033,Female,20,Not Pregnant,unassigned,williamson
120035,Male,16,,self pay,tucker
120039,Male,31,,unassigned,blackburn
120040,Male,67,,self pay,levy
120041,Male,62,,unassigned,gordon
120043,Male,53,,medical assistance,bryan
120045,Female,66,,unassigned,richmond
120047,Male,75,,unassigned,richardson
120048,Female,23,Not Pregnant,other,heath
120049,Male,75,,medical assistance,calhoun
120055,Female,39,Not Pregnant,unassigned,benson
120063,Male,63,,other,moody
120068,Female,21,Not Pregnant,self pay,villa
120069,Male,23,,charity care,garcia
120076,Female,45,,other,jenkins
120080,Male,61,,unassigned,singleton
120082,Male,36,,charity care,boyer
120086,Female,16,,unassigned,ellis
120089,Male,69,,other,barber
120094,Male,53,,other,villegas
120097,Female,70,,other,fields
120101,Male,21,,other,good
120102,Male,24,,unassigned,smith
120103,Male,76,,unassigned,schneider
120105,Male,24,,charity care,sanchez
120107,Male,55,,other,garcia
120109,Female,77,,unassigned,stone
120110,Female,50,,other,payne
120115,Female,46,,charity care,fischer
120116,Male,50,,medical assistance,taylor
120117,Male,68,,charity care,houston
120118,Female,61,,charity care,church
120119,Male,62,,self pay,weber
120120,Male,46,,self pay,poole
120122,Male,80,,other,preston
120123,Female,75,,charity care,pierce
120124,Male,57,,unassigned,wilson
120126,Male,33,,unassigned,bowen
120127,Female,62,,medical assistance,dickerson
120129,Female,37,Not Pregnant,medical assistance,duran
120130,Female,25,Pregnant,other,kirby
120131,Male,50,,self pay,goodwin
120134,Male,12,,self pay,riddle
120135,Female,17,,charity care,quinn
120136,Female,68,,charity care,kidd
120141,Male,67,,unassigned,adkins
120142,Male,45,,charity care,galloway
120145,Male,31,,self pay,huynh
120150,Male,67,,self pay,lowe
120153,Female,23,Not Pregnant,charity care,cardenas
120155,Male,13,,self pay,holmes
120158,Male,66,,unassigned,rhodes
120160,Female,27,Not Pregnant,other,nichols
120165,Male,44,,medical assistance,barrera
120169,Male,61,,medical assistance,david
120171,Female,47,,self pay,ward
120173,Male,49,,medical assistance,riddle
120175,Female,13,,medical assistance,coffey
120178,Male,33,,unassigned,johnson
120179,Female,23,Not Pregnant,unassigned,snow
120180,Female,72,,unassigned,bruce
120183,Male,47,,self pay,austin
120184,Female,12,,other,schneider
120186,Male,66,,medical assistance,marsh
120188,Male,30,,medical assistance,arnold
120190,Male,80,,self pay,gallegos
120195,Male,17,,self pay,kaufman
120196,Female,54,,unassigned,walton
120197,Female,58,,unassigned,burnett
120200,Female,14,,charity care,patton
120202,Male,37,,medical assistance,hess
120203,Female,41,Not Pregnant,medical assistance,hodge
120206,Male,41,,other,edwards
120209,Male,23,,other,newman
120211,Female,52,,medical assistance,barber
120214,Female,67,,unassigned,smith
120216,Male,16,,other,duran
120218,Male,65,,medical assistance,ellis
120223,Male,80,,self pay,lucas
120224,Male,68,,charity care,alexander
120228,Male,48,,other,mendoza
120229,Male,43,,charity care,cooley
120241,Female,75,,self pay,cox
120244,Male,28,,self pay,mcneil
120246,Male,34,,self pay,george
120247,Male,58,,self pay,long
120248,Female,69,,unassigned,osborne
120249,Male,35,,self pay,mcmillan
120250,Male,18,,medical assistance,patel
120251,Female,64,,medical assistance,watson
120252,Male,58,,other,arias
120257,Male,70,,charity care,blevins
120259,Female,61,,charity care,daniel
120260,Male,40,,self pay,briggs
120270,Male,61,,unassigned,yang
120278,Male,64,,unassigned,reid
120279,Female,52,,self pay,bolton
120282,Female,61,,medical assistance,douglas
120283,Female,22,Not Pregnant,other,clayton
120286,Female,62,,medical assistance,pierce
120290,Female,34,Pregnant,medical assistance,mccarty
120291,Female,37,Not Pregnant,unassigned,saunders
120292,Female,60,,medical assistance,george
120293,Female,75,,other,cabrera
120294,Female,12,,medical assistance,whitney
120296,Female,42,Not Pregnant,charity care,hodge
120302,Female,17,,self pay,dudley
120306,Female,15,,medical assistance,berry
120310,Female,52,,other,logan
120311,Female,65,,other,daniels
120312,Male,33,,self pay,hubbard
120313,Female,37,Not Pregnant,medical assistance,jacobs
120315,Male,61,,unassigned,bryan
120318,Female,13,,self pay,holder
120319,Female,76,,other,day
120322,Female,72,,medical assistance,peters
120325,Female,21,Not Pregnant,other,osborne
120326,Female,19,,self pay,reilly
120327,Male,76,,unassigned,banks
120330,Male,50,,self pay,hahn
120334,Female,22,Not Pregnant,medical assistance,baird
120335,Female,24,Not Pregnant,unassigned,mcknight
120336,Male,54,,charity care,bauer
120337,Female,12,,charity care,mckay
120343,Female,65,,medical assistance,little
120345,Male,72,,self pay,poole
120346,Female,58,,other,lang
120347,Male,13,,medical assistance,spence
120348,Male,53,,charity care,brennan
120350,Female,59,,charity care,fleming
120352,Female,80,,self pay,khan
120353,Female,80,,charity care,dillon
120355,Female,23,Not Pregnant,other,arroyo
120357,Female,17,,self pay,krueger
120358,Male,43,,unassigned,bright
120361,Female,61,,self pay,logan
120363,Male,45,,charity care,daugherty
120364,Male,60,,charity care,yu
120365,Female,15,,charity care,schmitt
120366,Male,31,,other,daniels
120367,Male,23,,charity care,young
120368,Male,25,,medical assistance,ewing
120369,Female,62,,medical assistance,holden
120373,Female,24,Not Pregnant,other,bell
120378,Female,80,,medical assistance,weber
120379,Female,62,,medical assistance,coffey
120380,Male,34,,unassigned,bernard
120381,Male,62,,charity care,reed
120382,Female,58,,unassigned,pearson
120384,Female,78,,unassigned,klein
120385,Female,17,,unassigned,best
120388,Female,61,,self pay,joyce
120389,Male,18,,self pay,black
120391,Female,61,,medical assistance,rowland
120392,Female,27,Not Pregnant,medical assistance,beard
120393,Female,58,,medical assistance,lynch
120395,Male,33,,self pay,goodman
120399,Male,16,,charity care,wolfe
120400,Male,19,,charity care,wood
120401,Male,77,,medical assistance,velez
120403,Female,51,,unassigned,meza
120404,Female,32,Not Pregnant,unassigned,moran
120405,Male,26,,charity care,mercer
120411,Female,50,,other,cochran
120412,Male,52,,self pay,shelton
120414,Female,22,Not Pregnant,unassigned,krause
120416,Male,72,,other,foster
120418,Male,23,,charity care,austin
120419,Male,78,,charity care,bowen
120420,Male,54,,charity care,haley
120422,Male,23,,charity care,foster
120426,Female,52,,charity care,robles
120427,Female,19,,self pay,hayden
120428,Female,45,,medical assistance,estrada
120436,Female,59,,medical assistance,braun
120439,Male,12,,medical assistance,ponce
120440,Female,55,,charity care,stout
120442,Male,72,,other,burns
120443,Male,19,,unassigned,lowe
120444,Female,62,,other,nash
120447,Male,47,,unassigned,blackwell
120451,Female,21,Not Pregnant,medical assistance,robbins
120452,Female,58,,other,glass
120454,Female,40,Not Pregnant,charity care,ritter
120456,Male,54,,other,travis
120458,Female,18,,self pay,mccormick
120460,Male,20,,unassigned,murray
120462,Female,61,,medical assistance,barron
120463,Male,54,,charity care,baird
120464,Female,24,Pregnant,self pay,poole
120467,Male,41,,other,washington
120468,Male,69,,unassigned,page
120471,Female,67,,medical assistance,barnes
120472,Female,59,,medical assistance,melendez
120473,Female,80,,medical assistance,roach
120475,Male,37,,charity care,lang
120476,Male,43,,self pay,deleon
120478,Male,60,,self pay,ferrell
120479,Male,39,,self pay,carlson
120480,Male,45,,other,forbes
120481,Female,30,Not Pregnant,self pay,montoya
120484,Male,32,,unassigned,wiley
120485,Male,25,,other,levy
120490,Female,40,Not Pregnant,charity care,camacho
120491,Male,38,,other,richards
120494,Female,31,Not Pregnant,other,kidd
120498,Male,18,,self pay,foster
120500,Female,55,,unassigned,solomon
120503,Male,17,,unassigned,mccann
120504,Male,17,,medical assistance,mullins
120505,Female,13,,self pay,potts
120509,Female,64,,medical assistance,mckay
120512,Female,46,,unassigned,mcintyre
120514,Male,12,,self pay,vaughn
120519,Female,32,Not Pregnant,self pay,golden
120522,Male,62,,self pay,bush
120523,Female,38,Not Pregnant,self pay,dunlap
120526,Female,26,Not Pregnant,unassigned,mullen
120527,Male,55,,self pay,trevino
120531,Female,58,,self pay,ramos
120534,Male,16,,other,stein
120535,Female,70,,medical assistance,grant
120536,Female,19,,medical assistance,ho
120540,Male,44,,other,murillo
120541,Male,31,,charity care,manning
120542,Male,59,,charity care,jacobson
120544,Female,70,,unassigned,mayo
120552,Male,21,,self pay,parker
120553,Female,32,Not Pregnant,self pay,bradford
120556,Male,76,,charity care,vance
120558,Male,45,,charity care,bryant
120561,Male,37,,other,clements
120566,Male,42,,self pay,delacruz
120570,Male,65,,unassigned,beltran
120571,Female,55,,self pay,patrick
120576,Female,28,Not Pregnant,other,benitez
120581,Female,37,Not Pregnant,charity care,waters
120584,Female,63,,unassigned,richard
120590,Female,80,,charity care,fowler
120591,Female,67,,charity care,nguyen
120595,Male,13,,medical assistance,dalton
120596,Female,42,Not Pregnant,other,mckinney
120597,Female,63,,unassigned,carpenter
120598,Female,29,Not Pregnant,charity care,kline
120600,Male,72,,unassigned,fuller
120601,Male,24,,self pay,snow
120603,Male,64,,self pay,branch
120605,Male,15,,charity care,hendrix
120608,Male,80,,charity care,bender
120610,Male,57,,self pay,mccarthy
120614,Male,23,,unassigned,dillon
120616,Male,60,,other,owens
120617,Male,34,,unassigned,santana
120623,Male,32,,charity care,perkins
120624,Female,38,Unable to Determine,medical assistance,barber
120625,Male,47,,charity care,lindsey
120627,Female,80,,medical assistance,escobar
120631,Female,48,,medical assistance,bailey
120634,Female,79,,unassigned,barker
120635,Female,34,Not Pregnant,self pay,gallagher
120636,Male,53,,unassigned,ellison
120640,Female,67,,self pay,avila
120641,Male,41,,medical assistance,graham
120642,Male,20,,medical assistance,waters
120648,Male,40,,unassigned,harmon
120649,Male,14,,unassigned,simmons
120652,Female,60,,charity care,woodward
120653,Male,78,,medical assistance,hatfield
120656,Male,80,,unassigned,crane
120657,Male,12,,self pay,zamora
120658,Female,65,,other,shannon
120660,Male,15,,charity care,hanson
120661,Female,20,Not Pregnant,medical assistance,doyle
120662,Male,46,,other,chung
120667,Female,68,,other,walters
120671,Female,57,,unassigned,haney
120676,Female,45,,unassigned,fox
120677,Male,21,,charity care,proctor
120678,Male,29,,self pay,jenkins
120683,Male,71,,unassigned,burnett
120684,Female,26,Not Pregnant,other,farley
120685,Male,38,,other,dunn
120687,Female,36,Not Pregnant,self pay,osborn
120688,Male,54,,unassigned,shaffer
120692,Male,55,,medical assistance,alvarado
120694,Male,54,,other,camacho
120695,Male,15,,other,bond
120696,Female,39,Not Pregnant,medical assistance,pittman
120699,Female,71,,unassigned,woodard
120700,Male,58,,charity care,pope
120704,Male,53,,charity care,frank
120705,Female,12,,charity care,howe
120708,Male,55,,other,saunders
120709,Male,55,,medical assistance,bullock
120710,Male,53,,unassigned,shepard
120717,Female,36,Not Pregnant,unassigned,bautista
120718,Male,80,,self pay,clayton
120720,Male,42,,medical assistance,benitez
120727,Female,29,Not Pregnant,medical assistance,mcneil
120730,Male,19,,charity care,pugh
120734,Female,62,,other,marquez
120737,Female,20,Pregnant,medical assistance,jenkins
120739,Female,63,,other,reeves
120740,Male,13,,self pay,kennedy
120742,Female,65,,other,haley
120743,Female,66,,other,king
120745,Male,32,,self pay,rosario
120747,Male,80,,self pay,guzman
120748,Male,40,,medical assistance,arnold
120749,Male,31,,unassigned,levine
120751,Female,19,,medical assistance,trujillo
120755,Female,12,,self pay,estes
120758,Male,12,,unassigned,walsh
120766,Female,12,,medical assistance,jefferson
120769,Female,47,,self pay,barker
120786,Male,13,,charity care,martin
120788,Female,54,,other,robinson
120790,Female,56,,other,maynard
120793,Female,70,,unassigned,lutz
120794,Male,51,,medical assistance,figueroa
120796,Female,79,,medical assistance,stanley
120797,Male,71,,charity care,blanchard
120799,Male,66,,charity care,pierce
120802,Male,23,,medical assistance,murphy
120805,Female,13,,unassigned,henderson
120811,Female,14,,other,patton
120817,Male,59,,charity care,murillo
120819,Female,31,Not Pregnant,other,obrien
120820,Female,13,,charity care,sims
120821,Female,80,,other,wall
120823,Male,58,,self pay,sanford
120825,Female,56,,charity care,quinn
120826,Female,52,,unassigned,bentley
120827,Male,29,,medical assistance,manning
120829,Female,53,,unassigned,meza
120833,Female,80,,self pay,hall
120834,Male,80,,self pay,robles
120836,Male,72,,other,lamb
120837,Female,38,Not Pregnant,other,singh
120838,Female,80,,charity care,ochoa
120841,Male,55,,medical assistance,lynn
120842,Female,30,Not Pregnant,charity care,johns
120843,Male,61,,charity care,stephens
120847,Male,76,,charity care,prince
120848,Female,32,Not Pregnant,charity care,alvarado
120852,Female,13,,other,peterson
120853,Male,13,,other,gonzales
120862,Male,66,,unassigned,cortez
120863,Male,54,,charity care,price
120866,Female,17,,charity care,conway
120870,Female,66,,charity care,reilly
120871,Male,14,,self pay,bryant
120873,Female,75,,medical assistance,cortez
120874,Female,32,Not Pregnant,charity care,woods
120875,Female,41,Not Pregnant,unassigned,hodge
120876,Male,24,,self pay,berger
120877,Female,12,,other,dunlap
120880,Female,18,,other,pennington
120881,Male,41,,other,gamble
120882,Male,24,,unassigned,suarez
120887,Female,53,,self pay,serrano
120888,Female,62,,unassigned,waller
120889,Female,39,Not Pregnant,medical assistance,sanders
120890,Female,51,,charity care,hobbs
120894,Female,22,Not Pregnant,medical assistance,bender
120897,Female,44,Not Pregnant,unassigned,banks
120901,Female,43,Not Pregnant,other,dorsey
120904,Male,63,,other,washington
120905,Female,64,,unassigned,tran
120909,Female,67,,self pay,pearson
120912,Male,66,,self pay,everett
120921,Female,22,Not Pregnant,unassigned,holder
120922,Male,46,,charity care,owens
120924,Male,50,,charity care,booth
120926,Female,80,,self pay,irwin
120927,Female,55,,charity care,dickerson
120928,Male,23,,other,schmidt
120930,Female,62,,charity care,barrett
120931,Female,80,,unassigned,dickerson
120933,Male,68,,unassigned,hooper
120935,Male,14,,unassigned,banks
120936,Male,61,,other,allen
120940,Male,17,,charity care,cardenas
120941,Female,67,,self pay,cabrera
120943,Male,68,,medical assistance,walls
120945,Male,25,,charity care,calderon
120947,Female,13,,charity care,tanner
120950,Male,34,,medical assistance,waters
120951,Female,17,,medical assistance,pineda
120955,Male,13,,unassigned,willis
120958,Male,16,,other,meadows
120959,Male,69,,unassigned,duarte
120960,Female,61,,medical assistance,sweeney
120962,Male,58,,medical assistance,caldwell
120964,Male,71,,self pay,schneider
120969,Male,46,,charity care,guzman
120971,Female,41,Not Pregnant,self pay,fisher
120973,Male,63,,medical assistance,strickland
120975,Female,17,,other,gentry
120980,Female,14,,medical assistance,frost
120984,Female,39,Not Pregnant,charity care,morris
120987,Female,50,,other,shelton
120989,Male,46,,other,williams
120990,Female,18,,medical assistance,key
120994,Female,55,,unassigned,glover
120996,Male,15,,medical assistance,allen
120999,Male,64,,charity care,ritter
121000,Male,46,,medical assistance,meyers
121001,Female,64,,charity care,peck
121002,Male,64,,charity care,caldwell
121005,Male,66,,medical assistance,sanders
121008,Female,46,,charity care,lloyd
121012,Female,22,Not Pregnant,medical assistance,bailey
121014,Male,15,,other,guzman
121020,Male,55,,medical assistance,lucas
121022,Female,39,Not Pregnant,other,moran
121023,Male,60,,other,butler
121030,Female,29,Not Pregnant,self pay,richards
121032,Female,23,Not Pregnant,unassigned,valdez
121038,Male,53,,charity care,daniels
121041,Male,42,,charity care,blackwell
121045,Male,27,,charity care,travis
121054,Male,15,,unassigned,monroe
121060,Male,31,,other,fleming
121064,Male,59,,other,chan
121065,Female,74,,charity care,barron
121067,Male,60,,unassigned,cameron
121068,Female,54,,charity care,moran
121069,Male,31,,self pay,sanford
121070,Female,43,Not Pregnant,self pay,buck
121073,Male,71,,other,flynn
121074,Male,35,,other,ware
121076,Female,18,,charity care,powers
121077,Male,30,,charity care,franco
121078,Male,64,,medical assistance,owens
121080,Male,32,,self pay,hines
121082,Female,48,,unassigned,hawkins
121083,Male,24,,medical assistance,house
121089,Female,72,,other,herring
121092,Female,40,Not Pregnant,charity care,dixon
121095,Female,67,,other,mcdowell
121101,Male,33,,other,ashley
121102,Male,45,,unassigned,burke
121105,Male,54,,self pay,orozco
121106,Male,71,,charity care,dodson
121108,Female,80,,unassigned,delacruz
121110,Male,41,,self pay,tanner
121111,Male,29,,charity care,payne
121115,Male,72,,medical assistance,clay
121116,Female,42,Not Pregnant,self pay,castro
121117,Male,50,,self pay,chapman
121119,Female,16,,medical assistance,barrera
121120,Female,54,,other,armstrong
121122,Male,46,,charity care,deleon
121123,Female,53,,charity care,maddox
121125,Male,22,,unassigned,rivers
121126,Female,53,,medical assistance,reid
121134,Male,56,,unassigned,saunders
121135,Male,40,,charity care,todd
121136,Male,79,,unassigned,garrison
121139,Male,18,,unassigned,wolf
121142,Male,80,,other,reid
121147,Female,50,,self pay,yates
121149,Female,43,Not Pregnant,unassigned,roberson
121153,Male,28,,other,murillo
121162,Female,42,Not Pregnant,medical assistance,hays
121165,Male,22,,charity care,cuevas
121169,Male,31,,self pay,bartlett
121171,Female,49,,charity care,silva
121172,Female,73,,unassigned,trevino
121173,Female,63,,medical assistance,daugherty
121174,Male,55,,medical assistance,burke
121175,Male,63,,self pay,dunn
121176,Female,60,,charity care,andrews
121177,Female,18,,self pay,mclean
121178,Male,72,,medical assistance,robertson
121181,Male,57,,unassigned,hurley
121182,Male,45,,charity care,paul
121185,Female,47,,charity care,rasmussen
121187,Female,61,,other,christian
121194,Female,39,Not Pregnant,unassigned,key
121196,Male,14,,other,schaefer
121197,Male,61,,medical assistance,powers
121198,Female,19,,medical assistance,conley
121199,Female,24,Not Pregnant,self pay,riley
121200,Female,49,,other,patrick
121203,Female,80,,other,hatfield
121207,Male,65,,self pay,chapman
121208,Female,40,Not Pregnant,medical assistance,strickland
121209,Female,50,,self pay,henson
121211,Female,37,Not Pregnant,medical assistance,hubbard
121213,Female,24,Not Pregnant,medical assistance,wolf
121215,Female,32,Not Pregnant,unassigned,liu
121225,Female,13,,other,pratt
121228,Female,29,Not Pregnant,medical assistance,richardson
121231,Male,60,,unassigned,patterson
121236,Female,80,,charity care,hoffman
121242,Female,41,Not Pregnant,medical assistance,blankenship
121245,Male,24,,medical assistance,hester
121246,Female,48,,medical assistance,briggs
121247,Male,44,,medical assistance,adkins
121251,Male,80,,other,walter
121253,Female,55,,charity care,brady
121254,Male,47,,other,tucker
121256,Female,23,Not Pregnant,unassigned,preston
121258,Female,18,,other,leon
121259,Female,35,Not Pregnant,charity care,weaver
121260,Female,75,,self pay,faulkner
121261,Female,19,,self pay,lin
121262,Female,64,,self pay,mayo
121267,Female,14,,medical assistance,woodard
121270,Male,24,,self pay,hendrix
121272,Female,80,,medical assistance,mooney
121274,Male,58,,other,melendez
121276,Female,35,Not Pregnant,charity care,carlson
121277,Female,60,,self pay,bridges
121279,Female,28,Not Pregnant,charity care,lindsey
121284,Male,46,,medical assistance,carter
121286,Female,29,Not Pregnant,self pay,zimmerman
121287,Male,60,,unassigned,greer
121288,Female,14,,unassigned,strickland
121290,Female,58,,unassigned,sherman
121291,Male,65,,charity care,grant
121293,Female,25,Not Pregnant,charity care,koch
121295,Male,66,,charity care,abbott
121297,Female,17,,other,sweeney
121299,Female,64,,other,alexander
121300,Female,14,,other,simpson
121303,Male,46,,unassigned,burns
121305,Male,44,,charity care,huerta
121309,Female,70,,charity care,figueroa
121311,Female,38,Not Pregnant,self pay,arnold
121315,Male,53,,other,nixon
121319,Female,47,,other,barber
121321,Male,63,,unassigned,holmes
121322,Female,61,,medical assistance,salas
121324,Female,27,Not Pregnant,medical assistance,rowe
121325,Male,55,,unassigned,harris
121326,Female,70,,unassigned,mayer
121329,Female,63,,unassigned,holmes
121334,Female,69,,self pay,schroeder
121335,Female,26,Not Pregnant,unassigned,nixon
121336,Female,73,,medical assistance,rose
121337,Male,72,,charity care,hart
121340,Female,37,Not Pregnant,other,schultz
121346,Male,52,,other,glenn
121349,Male,75,,charity care,harding
121350,Female,42,Not Pregnant,self pay,colon
121351,Male,41,,unassigned,odom
121353,Male,63,,medical assistance,fuentes
121358,Male,29,,medical assistance,forbes
121359,Female,76,,self pay,ryan
121361,Female,40,Not Pregnant,charity care,fritz
121365,Male,37,,self pay,brennan
121367,Male,45,,unassigned,mckinney
121368,Male,55,,other,floyd
121378,Female,45,,self pay,walls
121379,Male,80,,other,zamora
121380,Male,16,,unassigned,shaffer
121383,Male,70,,self pay,dennis
121391,Female,62,,medical assistance,wyatt
121394,Female,43,Not Pregnant,unassigned,flynn
121395,Female,54,,unassigned,small
121398,Male,80,,charity care,montes
121399,Female,17,,other,thornton
121400,Female,33,Not Pregnant,other,dudley
121405,Female,37,Not Pregnant,self pay,farmer
121408,Male,37,,medical assistance,duran
121409,Female,15,,charity care,porter
121410,Female,60,,unassigned,schaefer
121411,Female,80,,charity care,lozano
121415,Female,60,,other,weber
121417,Male,49,,medical assistance,wheeler
121418,Female,77,,self pay,pace
121420,Male,69,,unassigned,yates
121421,Male,46,,self pay,kaiser
121424,Female,49,,self pay,hicks
121427,Male,80,,other,randolph
121428,Male,36,,unassigned,jensen
121432,Male,73,,unassigned,huerta
121433,Male,16,,charity care,mejia
121434,Female,13,,self pay,ford
121436,Male,69,,medical assistance,jensen
121437,Male,12,,unassigned,grimes
121441,Female,20,Not Pregnant,self pay,montes
121442,Male,66,,other,wade
121443,Male,40,,other,callahan
121444,Male,44,,unassigned,rios
121449,Male,14,,other,allison
121451,Female,60,,medical assistance,jennings
121453,Male,19,,self pay,glover
121454,Female,80,,self pay,brady
121456,Male,80,,unassigned,boyle
121458,Male,41,,medical assistance,price
121459,Male,62,,medical assistance,bryan
121460,Female,58,,other,maynard
121462,Female,78,,other,lucas
121464,Male,33,,medical assistance,allison
121465,Male,71,,unassigned,nicholson
121476,Female,44,Not Pregnant,unassigned,mcdaniel
121477,Female,80,,medical assistance,roberts
121478,Female,13,,self pay,simon
121479,Female,22,Not Pregnant,self pay,glover
121480,Male,68,,unassigned,navarro
121483,Female,18,,medical assistance,madden
121484,Female,56,,self pay,wilson
121485,Male,21,,self pay,deleon
121488,Female,26,Not Pregnant,other,norris
121494,Male,80,,charity care,love
121500,Female,30,Not Pregnant,self pay,cervantes
121505,Female,27,Not Pregnant,other,ingram
121512,Male,80,,self pay,moody
121519,Female,69,,medical assistance,greene
121520,Male,57,,other,barrett
121524,Male,16,,self pay,bowman
121525,Female,65,,other,monroe
121526,Female,56,,self pay,dunlap
121528,Male,23,,charity care,duffy
121529,Female,13,,charity care,chapman
121530,Male,30,,charity care,graham
121534,Female,38,Not Pregnant,charity care,tucker
121538,Male,19,,charity care,reynolds
121540,Male,48,,medical assistance,frey
121543,Male,61,,self pay,york
121548,Male,68,,medical assistance,chang
121550,Male,32,,self pay,moore
121551,Female,70,,charity care,roy
121554,Male,34,,unassigned,bass
121555,Male,12,,other,robbins
121556,Female,66,,charity care,davila
121557,Female,13,,medical assistance,ponce
121558,Male,18,,other,fisher
121559,Female,52,,medical assistance,hudson
121560,Female,12,,medical assistance,stanley
121561,Male,72,,charity care,nunez
121565,Female,24,Not Pregnant,self pay,madden
121570,Female,43,Not Pregnant,unassigned,chandler
121571,Male,40,,other,baird
121576,Female,55,,unassigned,tate
121577,Female,19,,other,tucker
121578,Male,63,,other,cisneros
121579,Female,48,,unassigned,mccoy
121580,Female,64,,charity care,delacruz
121581,Female,27,Not Pregnant,self pay,wiggins
121582,Female,31,Not Pregnant,self pay,allen
121588,Male,80,,self pay,berger
121593,Female,63,,medical assistance,ingram
121594,Male,17,,charity care,cortez
121597,Male,55,,unassigned,mccall
121598,Male,16,,unassigned,chambers
121603,Male,24,,other,sheppard
121604,Male,37,,medical assistance,norris
121606,Female,44,Not Pregnant,charity care,warner
121607,Male,72,,medical assistance,hanna
121610,Female,31,Not Pregnant,other,skinner
121611,Male,16,,other,boone
121616,Female,74,,unassigned,kennedy
121618,Female,54,,other,watkins
121620,Male,51,,other,lee
121621,Female,70,,charity care,mayer
121622,Male,38,,charity care,boyer
121623,Male,63,,unassigned,vega
121625,Male,68,,unassigned,mcpherson
121628,Female,12,,charity care,rivera
121629,Female,56,,other,harding
121631,Female,28,Not Pregnant,charity care,ware
121635,Female,72,,medical assistance,le
121637,Female,64,,charity care,coffey
121638,Female,21,Not Pregnant,self pay,buckley
121641,Female,44,Not Pregnant,self pay,walter
121643,Male,29,,self pay,gilmore
121647,Female,63,,charity care,luna
121648,Male,61,,other,nolan
121649,Male,80,,charity care,hays
121650,Male,38,,medical assistance,poole
121651,Male,66,,other,norris
121652,Female,31,Unable to Determine,charity care,mendoza
121653,Male,42,,medical assistance,gallegos
121657,Female,49,,medical assistance,hale
121662,Male,29,,charity care,carney
121663,Male,34,,self pay,wise
121664,Male,40,,medical assistance,mckinney
121665,Female,29,Not Pregnant,unassigned,osborne
121666,Female,14,,charity care,pineda
121669,Female,61,,medical assistance,mccarty
121670,Male,60,,self pay,gregory
121671,Female,34,Not Pregnant,medical assistance,sexton
121674,Female,34,Not Pregnant,self pay,stafford
121675,Male,60,,self pay,savage
121681,Female,80,,other,cunningham
121687,Female,26,Not Pregnant,charity care,cooley
121692,Male,58,,other,woodward
121693,Female,80,,charity care,nelson
121695,Male,47,,other,shepherd
121697,Male,68,,medical assistance,rasmussen
121699,Female,71,,charity care,baird
121700,Male,47,,unassigned,watson
121702,Female,16,,unassigned,kaufman
121704,Female,12,,unassigned,kelly
121705,Male,52,,other,monroe
121708,Female,65,,charity care,maxwell
121716,Male,78,,self pay,watkins
121720,Female,79,,unassigned,pace
121721,Female,57,,unassigned,riggs
121722,Male,79,,charity care,silva
121727,Female,71,,medical assistance,fuller
121737,Male,19,,self pay,burnett
121747,Female,56,,self pay,murillo
121749,Female,14,,medical assistance,horne
121751,Male,52,,unassigned,proctor
121753,Male,20,,other,short
121754,Male,29,,other,mendoza
121761,Male,43,,self pay,flynn
121763,Female,42,Not Pregnant,other,boyer
121764,Female,20,Not Pregnant,charity care,ellis
121767,Female,68,,medical assistance,juarez
121771,Male,41,,charity care,townsend
121773,Male,42,,unassigned,wong
121774,Male,72,,medical assistance,short
121775,Male,59,,self pay,cummings
121777,Male,16,,self pay,short
121778,Female,53,,other,bernard
121780,Male,65,,self pay,richardson
121784,Female,74,,other,castillo
121785,Male,66,,unassigned,bray
121786,Male,55,,charity care,bernard
121789,Male,35,,other,raymond
121790,Male,14,,self pay,walter
121791,Female,60,,unassigned,buchanan
121793,Female,36,Not Pregnant,other,mcclure
121796,Male,57,,medical assistance,richard
121799,Female,30,Unable to Determine,medical assistance,nichols
121807,Male,17,,unassigned,whitehead
121808,Male,23,,unassigned,shaw
121812,Female,57,,unassigned,cole
121814,Female,41,Not Pregnant,charity care,holder
121816,Male,78,,self pay,berry
121818,Male,44,,medical assistance,mcbride
121822,Female,57,,other,stephens
121825,Female,17,,unassigned,bowen
121828,Female,18,,unassigned,espinoza
121830,Female,69,,unassigned,mccall
121832,Male,17,,self pay,mckenzie
121833,Female,55,,self pay,lindsey
121836,Female,27,Not Pregnant,medical assistance,weeks
121838,Male,38,,self pay,avery
121839,Female,78,,other,kaiser
121842,Male,21,,unassigned,humphrey
121846,Female,36,Not Pregnant,medical assistance,matthews
121847,Female,80,,charity care,freeman
121848,Male,23,,charity care,west
121850,Male,21,,other,benitez
121851,Female,29,Pregnant,charity care,andersen
121854,Female,28,Not Pregnant,self pay,tran
121862,Female,13,,unassigned,gay
121864,Male,72,,charity care,richmond
121865,Male,25,,self pay,olsen
121867,Male,65,,medical assistance,kent
121871,Female,31,Not Pregnant,other,campbell
121873,Female,68,,medical assistance,gentry
121875,Male,17,,other,everett
121877,Female,33,Not Pregnant,other,carson
121879,Female,12,,self pay,boyd
121882,Male,38,,other,carlson
121883,Male,70,,other,velasquez
121885,Female,27,Not Pregnant,self pay,rocha
121886,Male,12,,charity care,elliott
121888,Female,64,,medical assistance,ochoa
121891,Female,53,,unassigned,sharp
121893,Male,34,,other,mccullough
121894,Male,57,,charity care,banks
121895,Male,26,,self pay,brewer
121896,Male,75,,charity care,collins
121897,Male,18,,charity care,bailey
121899,Male,47,,unassigned,ayers
121905,Male,63,,other,cameron
121906,Male,26,,unassigned,reilly
121907,Male,64,,medical assistance,hogan
121908,Female,16,,other,macdonald
121910,Female,80,,medical assistance,charles
121911,Female,80,,charity care,burns
121913,Female,37,Not Pregnant,other,schmidt
121917,Female,56,,charity care,montgomery
121918,Male,63,,medical assistance,young
121919,Female,18,,medical assistance,blankenship
121920,Male,30,,other,pena
121921,Male,30,,unassigned,brady
121923,Female,62,,charity care,weeks
121924,Female,29,Pregnant,charity care,alvarez
121927,Female,71,,self pay,bowers
121928,Female,60,,unassigned,bishop
121929,Female,64,,medical assistance,gates
121932,Female,21,Not Pregnant,medical assistance,marshall
121935,Male,13,,self pay,mendez
121936,Male,60,,medical assistance,leonard
121937,Male,22,,charity care,gilbert
121938,Female,38,Not Pregnant,medical assistance,bowers
121939,Male,12,,other,ingram
121941,Female,80,,charity care,choi
121943,Male,22,,other,kidd
121944,Female,56,,unassigned,olson
121956,Female,24,Not Pregnant,charity care,lamb
121958,Male,30,,self pay,mclaughlin
121959,Male,15,,charity care,luna
121961,Male,41,,other,forbes
121972,Male,38,,other,gilmore
121974,Female,80,,other,gillespie
121975,Male,62,,other,randall
121977,Male,62,,other,montgomery
121978,Male,52,,medical assistance,morton
121979,Female,50,,medical assistance,davis
121982,Male,27,,charity care,bruce
121984,Male,61,,medical assistance,paul
121987,Male,57,,medical assistance,friedman
121988,Male,46,,charity care,bowman
121991,Female,26,Not Pregnant,other,robles
121995,Female,51,,unassigned,colon
121997,Male,24,,other,branch
122001,Male,48,,medical assistance,vaughn
122004,Female,40,Not Pregnant,charity care,saunders
122005,Male,33,,other,howard
122012,Male,29,,medical assistance,webster
122013,Male,69,,charity care,adams
122015,Male,39,,charity care,davila
122018,Female,30,Not Pregnant,self pay,spears
122019,Female,43,Not Pregnant,other,trujillo
122021,Male,23,,other,wolfe
122022,Female,47,,unassigned,heath
122023,Male,59,,charity care,woods
122029,Male,29,,other,wells
122030,Female,65,,medical assistance,vazquez
122033,Male,20,,self pay,weaver
122036,Female,80,,other,perez
122038,Female,73,,medical assistance,johns
122039,Male,46,,medical assistance,davis
122041,Female,33,Not Pregnant,other,stephenson
122043,Female,64,,medical assistance,lozano
122047,Male,80,,other,rowe
122048,Female,66,,other,silva
122049,Male,16,,charity care,ibarra
122052,Female,63,,medical assistance,harris
122053,Female,47,,self pay,arnold
122054,Male,49,,charity care,yates
122056,Female,61,,charity care,gamble
122063,Female,44,Not Pregnant,medical assistance,schwartz
122064,Female,16,,charity care,mcgee
122065,Male,12,,other,montoya
122070,Male,61,,other,santiago
122074,Male,63,,charity care,hardy
122075,Female,13,,other,walsh
122078,Female,77,,medical assistance,beltran
122087,Female,12,,unassigned,dorsey
122088,Male,80,,other,rosario
122089,Female,73,,charity care,gill
122093,Female,27,Not Pregnant,other,holloway
122094,Male,54,,unassigned,cain
122095,Female,43,Not Pregnant,medical assistance,monroe
122096,Male,42,,self pay,burch
122099,Male,57,,other,perkins
122101,Male,43,,unassigned,eaton
122107,Female,34,Not Pregnant,charity care,wong
122108,Female,73,,medical assistance,townsend
122110,Female,43,Not Pregnant,medical assistance,mccullough
122111,Male,33,,other,garcia
122112,Male,25,,medical assistance,ware
122114,Male,15,,unassigned,durham
122115,Male,40,,medical assistance,wagner
122118,Female,24,Not Pregnant,self pay,cuevas
122121,Male,64,,medical assistance,huynh
122124,Female,16,,medical assistance,black
122128,Female,37,Not Pregnant,other,warner
122129,Male,75,,self pay,stein
122130,Female,19,,self pay,hernandez
122134,Female,80,,unassigned,flores
122135,Male,18,,unassigned,galloway
122136,Female,59,,unassigned,summers
122139,Male,72,,self pay,stephenson
122140,Female,53,,charity care,blackburn
122143,Female,18,,other,klein
122149,Male,18,,other,burke
122152,Female,42,Not Pregnant,unassigned,moody
122154,Male,72,,other,grant
122156,Male,60,,charity care,silva
122158,Female,20,Not Pregnant,medical assistance,orozco
122159,Female,77,,medical assistance,mendez
122162,Male,12,,self pay,bailey
122163,Male,31,,other,solis
122166,Male,70,,medical assistance,waters
122168,Male,62,,charity care,compton
122171,Female,34,Not Pregnant,medical assistance,gibbs
122174,Male,13,,self pay,maynard
122179,Male,18,,self pay,horton
122180,Female,34,Unable to Determine,other,woodard
122184,Male,27,,other,huber
122187,Male,80,,other,kirk
122189,Female,68,,self pay,maddox
122190,Male,15,,charity care,tapia
122192,Male,59,,medical assistance,garner
122194,Male,13,,self pay,neal
122196,Female,23,Not Pregnant,medical assistance,choi
122197,Male,19,,self pay,barrera
122198,Female,16,,other,roy
122201,Male,36,,unassigned,hopkins
122202,Male,49,,unassigned,hardy
122203,Male,29,,self pay,gilmore
122204,Male,34,,self pay,marquez
122205,Female,16,,medical assistance,gilmore
122207,Female,43,Not Pregnant,unassigned,branch
122209,Male,31,,medical assistance,hubbard
122210,Female,19,,medical assistance,randolph
122213,Female,36,Not Pregnant,charity care,lynn
122215,Female,42,Not Pregnant,unassigned,cherry
122216,Male,44,,medical assistance,mitchell
122217,Female,49,,charity care,oneill
122222,Male,25,,charity care,mccarthy
122223,Male,57,,self pay,hansen
122224,Female,16,,unassigned,potts
122226,Male,16,,self pay,webster
122233,Female,20,Not Pregnant,medical assistance,bird
122235,Male,50,,unassigned,rosario
122237,Female,68,,charity care,edwards
122241,Male,42,,other,bentley
122242,Male,13,,unassigned,russell
122244,Male,75,,self pay,bradley
122245,Male,54,,medical assistance,chan
122252,Male,70,,charity care,jimenez
122257,Male,17,,unassigned,mckinney
122258,Male,22,,other,odonnell
122260,Male,62,,medical assistance,rocha
122263,Female,21,Not Pregnant,self pay,rhodes
122264,Female,41,Not Pregnant,medical assistance,barajas
122265,Female,22,Not Pregnant,medical assistance,mercado
122266,Male,43,,unassigned,cantrell
122267,Female,17,,medical assistance,everett
122270,Female,16,,medical assistance,wyatt
122271,Male,22,,other,robinson
122272,Male,55,,charity care,henson
122273,Male,14,,other,hess
122274,Male,30,,self pay,forbes
122277,Male,13,,medical assistance,mckenzie
122286,Female,64,,charity care,blankenship
122289,Female,57,,medical assistance,rojas
122290,Female,61,,medical assistance,forbes
122291,Male,73,,charity care,mcbride
122293,Female,64,,unassigned,reyes
122294,Female,30,Not Pregnant,other,jefferson
122295,Female,70,,other,barron
122300,Male,47,,charity care,le
122301,Female,39,Not Pregnant,unassigned,carr
122302,Female,23,Not Pregnant,other,boyd
122303,Female,19,,medical assistance,riley
122304,Female,65,,medical assistance,franklin
122305,Male,33,,self pay,duffy
122308,Male,13,,other,sheppard
122310,Male,48,,medical assistance,miranda
122311,Male,16,,other,ward
122313,Male,14,,charity care,singh
122314,Female,77,,unassigned,brock
122316,Male,12,,other,wilkins
122318,Female,25,Pregnant,self pay,rhodes
122323,Female,48,,charity care,murillo
122326,Female,13,,charity care,calhoun
122328,Male,55,,charity care,schultz
122330,Female,27,Not Pregnant,medical assistance,yates
122332,Male,12,,self pay,banks
122333,Female,39,Not Pregnant,charity care,moss
122334,Female,29,Not Pregnant,other,massey
122335,Male,28,,charity care,ayala
122338,Female,34,Not Pregnant,charity care,kirby
122340,Female,36,Not Pregnant,unassigned,travis
122342,Male,63,,unassigned,bird
122343,Female,69,,self pay,booth
122350,Female,39,Not Pregnant,charity care,gordon
122351,Female,57,,charity care,cohen
122354,Male,78,,self pay,buck
122355,Female,70,,other,kerr
122356,Female,22,Not Pregnant,other,monroe
122360,Male,18,,self pay,dickson
122364,Female,19,,self pay,kelley
122366,Male,19,,medical assistance,morton
122373,Female,39,Not Pregnant,other,gould
122375,Male,57,,self pay,nielsen
122378,Male,18,,medical assistance,sloan
122379,Female,46,,other,mercer
122383,Female,22,Not Pregnant,unassigned,lang
122384,Male,43,,self pay,krause
122385,Female,47,,self pay,hardin
122387,Male,72,,unassigned,osborne
122389,Male,28,,self pay,fitzpatrick
122390,Female,41,Not Pregnant,self pay,matthews
122392,Female,51,,medical assistance,tyler
122394,Female,66,,unassigned,kidd
122395,Male,38,,self pay,blair
122399,Female,78,,self pay,glenn
122401,Female,43,Not Pregnant,charity care,curry
122402,Female,15,,charity care,higgins
122403,Male,12,,unassigned,ali
122404,Male,19,,charity care,barron
122405,Male,67,,medical assistance,parrish
122407,Male,61,,charity care,george
122408,Female,42,Not Pregnant,self pay,roth
122410,Female,12,,charity care,castillo
122415,Male,60,,self pay,villa
122417,Male,62,,other,avery
122418,Female,64,,unassigned,mccoy
122421,Female,19,,charity care,walker
122431,Female,57,,other,lara
122436,Male,71,,charity care,hanson
122437,Male,14,,unassigned,cole
122438,Male,26,,medical assistance,boone
122447,Male,17,,medical assistance,zavala
122448,Male,44,,medical assistance,gross
122449,Male,40,,medical assistance,rios
122454,Female,51,,other,vang
122456,Female,56,,other,jacobs
122458,Female,63,,other,gordon
122459,Male,25,,other,briggs
122460,Female,20,Not Pregnant,charity care,golden
122462,Female,30,Not Pregnant,other,bowen
122463,Male,53,,unassigned,page
122464,Male,14,,self pay,gaines
122468,Male,31,,unassigned,huynh
122472,Male,37,,medical assistance,harmon
122473,Female,67,,unassigned,reeves
122477,Female,35,Not Pregnant,unassigned,jackson
122478,Female,42,Not Pregnant,unassigned,pierce
122481,Male,18,,medical assistance,conway
122487,Female,20,Not Pregnant,medical assistance,boyd
122490,Male,33,,other,cantrell
122492,Female,80,,medical assistance,cooper
122493,Female,52,,other,reed
122497,Female,27,Not Pregnant,other,rodgers
122499,Female,55,,other,spence
122500,Female,23,Not Pregnant,other,baker
122503,Female,32,Not Pregnant,charity care,woods
122504,Male,47,,medical assistance,gonzalez
122511,Male,60,,self pay,preston
122514,Male,19,,self pay,perez
122516,Female,45,,medical assistance,contreras
122517,Female,67,,self pay,sims
122522,Female,42,Not Pregnant,charity care,michael
122524,Female,45,,self pay,glass
122525,Male,62,,medical assistance,martin
122528,Male,19,,other,cox
122533,Female,17,,self pay,hardy
122535,Male,23,,unassigned,hardy
122536,Male,54,,self pay,davis
122537,Male,31,,self pay,norton
122538,Female,17,,unassigned,newton
122539,Female,52,,self pay,erickson
122543,Male,47,,other,beltran
122549,Female,58,,medical assistance,patel
122550,Male,80,,medical assistance,martin
122552,Female,70,,self pay,ritter
122554,Male,13,,unassigned,benjamin
122555,Female,33,Not Pregnant,medical assistance,singleton
122556,Male,51,,medical assistance,bernard
122558,Male,16,,unassigned,gonzalez
122559,Male,44,,other,glass
122560,Female,71,,charity care,shields
122561,Male,12,,other,pennington
122563,Male,19,,self pay,cannon
122567,Male,71,,medical assistance,fry
122569,Female,54,,unassigned,lawrence
122570,Male,42,,charity care,moore
122571,Male,59,,other,henderson
122572,Male,62,,unassigned,blevins
122574,Female,70,,medical assistance,bryant
122575,Male,62,,unassigned,mays
122576,Female,55,,self pay,wood
122578,Female,22,Not Pregnant,charity care,cantrell
122580,Female,14,,charity care,navarro
122581,Female,31,Not Pregnant,self pay,dunlap
122582,Female,29,Unable to Determine,unassigned,grant
122585,Male,72,,self pay,howard
122587,Male,48,,charity care,hays
122591,Female,12,,unassigned,gomez
122592,Female,26,Not Pregnant,self pay,sawyer
122593,Female,12,,medical assistance,cardenas
122594,Male,59,,self pay,aguilar
122595,Male,65,,self pay,patterson
122596,Male,25,,self pay,foley
122597,Male,56,,self pay,mooney
122599,Female,55,,medical assistance,ferrell
122600,Male,57,,other,montoya
122601,Female,80,,medical assistance,mckenzie
122609,Female,44,Not Pregnant,unassigned,chavez
122611,Male,44,,self pay,christian
122612,Female,67,,unassigned,jones
122613,Male,17,,self pay,baldwin
122616,Male,48,,unassigned,wade
122621,Male,72,,charity care,cortez
122624,Male,76,,medical assistance,moran
122625,Male,62,,other,fitzpatrick
122626,Male,17,,medical assistance,sweeney
122627,Female,31,Not Pregnant,self pay,boone
122629,Male,73,,medical assistance,thomas
122630,Male,30,,unassigned,harmon
122631,Female,45,,unassigned,sampson
122634,Female,30,Not Pregnant,charity care,jenkins
122636,Female,61,,other,oconnor
122639,Male,48,,charity care,robles
122643,Male,28,,medical assistance,moyer
122644,Male,44,,medical assistance,atkinson
122648,Male,15,,other,ruiz
122649,Female,80,,self pay,wilkins
122651,Female,56,,charity care,rasmussen
122652,Female,73,,charity care,hinton
122653,Female,35,Pregnant,charity care,mahoney
122654,Male,55,,self pay,shaffer
122655,Female,56,,medical assistance,wood
122656,Male,20,,other,deleon
122657,Male,72,,charity care,vargas
122660,Female,65,,other,goodwin
122662,Male,35,,medical assistance,benton
122663,Female,24,Not Pregnant,self pay,nelson
122664,Male,52,,charity care,hartman
122665,Female,61,,medical assistance,mckee
122670,Male,56,,unassigned,bowen
122673,Female,52,,self pay,ingram
122676,Male,43,,self pay,haynes
122683,Male,54,,unassigned,cisneros
122685,Female,61,,medical assistance,holland
122687,Female,19,,medical assistance,craig
122690,Female,17,,medical assistance,bentley
122691,Male,42,,charity care,ballard
122692,Female,44,Not Pregnant,self pay,booth
122693,Female,13,,charity care,raymond
122698,Male,33,,medical assistance,strong
122699,Male,29,,medical assistance,morris
122700,Male,35,,charity care,dominguez
122701,Female,27,Pregnant,medical assistance,houston
122703,Female,53,,unassigned,reed
122704,Male,17,,charity care,pace
122706,Female,13,,unassigned,graves
122707,Male,32,,medical assistance,mason
122713,Female,54,,charity care,petersen
122719,Male,78,,medical assistance,strickland
122720,Female,54,,unassigned,hall
122721,Female,64,,charity care,heath
122722,Female,22,Not Pregnant,charity care,whitaker
122724,Female,49,,medical assistance,walker
122730,Male,66,,unassigned,chase
122731,Male,59,,medical assistance,butler
122732,Male,57,,unassigned,kaufman
122733,Male,14,,unassigned,kelley
122739,Male,13,,other,wyatt
122740,Female,24,Not Pregnant,charity care,summers
122742,Male,57,,charity care,riddle
122748,Male,17,,other,wood
122749,Male,76,,other,barton
122752,Male,54,,self pay,kaufman
122753,Male,72,,unassigned,sanchez
122759,Male,47,,medical assistance,gilbert
122760,Male,48,,self pay,berry
122763,Male,65,,self pay,whitaker
122769,Female,61,,unassigned,kemp
122771,Male,25,,unassigned,murphy
122772,Male,17,,other,chang
122774,Female,66,,medical assistance,briggs
122777,Female,31,Not Pregnant,unassigned,swanson
122780,Male,80,,unassigned,holden
122781,Female,71,,charity care,mason
122783,Female,71,,unassigned,walter
122787,Male,42,,medical assistance,mcintyre
122789,Male,74,,self pay,chung
122791,Female,52,,unassigned,farley
122792,Female,45,,medical assistance,mendez
122799,Male,15,,self pay,salinas
122800,Female,34,Not Pregnant,charity care,mayer
122802,Male,66,,self pay,lindsey
122803,Male,60,,unassigned,schmitt
122806,Female,45,,charity care,spencer
122807,Male,49,,self pay,jimenez
122813,Male,73,,unassigned,walter
122814,Female,60,,medical assistance,sloan
122816,Female,37,Not Pregnant,charity care,blake
122824,Male,36,,charity care,hopkins
122826,Female,21,Pregnant,medical assistance,hall
122830,Female,64,,medical assistance,vazquez
122832,Male,65,,self pay,underwood
122833,Female,44,Not Pregnant,charity care,fritz
122834,Female,19,,medical assistance,lamb
122839,Female,30,Not Pregnant,other,barton
122840,Female,39,Not Pregnant,self pay,keith
122842,Female,57,,unassigned,olson
122843,Female,69,,other,ho
122846,Female,24,Pregnant,other,pollard
122848,Male,73,,medical assistance,glover
122849,Female,68,,charity care,walker
122855,Male,32,,charity care,wood
122856,Male,80,,charity care,erickson
122860,Male,15,,medical assistance,horn
122864,Male,58,,medical assistance,pratt
122867,Female,22,Not Pregnant,unassigned,morgan
122869,Female,14,,unassigned,meza
122871,Female,52,,charity care,cowan
122874,Female,35,Not Pregnant,self pay,diaz
122876,Female,61,,medical assistance,chang
122877,Female,14,,other,galloway
122878,Male,65,,self pay,carlson
122881,Female,56,,medical assistance,jefferson
122883,Female,44,Not Pregnant,other,jenkins
122884,Male,16,,medical assistance,morton
122886,Male,31,,charity care,weeks
122888,Male,53,,charity care,hardin
122889,Female,53,,charity care,jefferson
122893,Female,45,,unassigned,herrera
122895,Male,80,,medical assistance,christian
122901,Male,47,,medical assistance,burton
122902,Male,57,,charity care,carey
122905,Male,41,,medical assistance,roy
122907,Male,15,,unassigned,jones
122909,Female,64,,charity care,gaines
122912,Male,41,,other,lynn
122913,Male,27,,other,daugherty
122914,Male,36,,self pay,charles
122915,Female,60,,self pay,browning
122916,Male,18,,other,hampton
122919,Male,24,,medical assistance,ewing
122921,Female,76,,medical assistance,kent
122922,Female,73,,self pay,singleton
122923,Male,61,,unassigned,wiley
122925,Female,57,,unassigned,dominguez
122926,Female,17,,other,young
122928,Female,50,,other,haley
122929,Female,26,Not Pregnant,charity care,gomez
122930,Male,77,,medical assistance,orr
122932,Male,41,,charity care,huber
122933,Female,76,,medical assistance,day
122934,Male,32,,other,wilkerson
122937,Male,41,,medical assistance,jennings
122939,Female,26,Not Pregnant,other,kim
122940,Male,42,,other,moon
122943,Female,78,,charity care,castro
122945,Female,63,,medical assistance,maldonado
122950,Female,50,,charity care,logan
122951,Male,25,,charity care,williamson
122952,Female,34,Not Pregnant,medical assistance,gay
122953,Male,66,,medical assistance,cordova
122954,Male,60,,medical assistance,parker
122955,Female,31,Not Pregnant,medical assistance,copeland
122956,Female,51,,other,jensen
122958,Female,15,,unassigned,cameron
122959,Male,62,,unassigned,joyce
122960,Female,62,,unassigned,fleming
122962,Female,63,,unassigned,wright
122963,Female,56,,charity care,hudson
122967,Female,14,,charity care,barber
122969,Female,16,,medical assistance,burke
122971,Female,16,,medical assistance,robles
122972,Female,47,,charity care,hatfield
122974,Male,71,,self pay,schmidt
122975,Female,45,,charity care,cantu
122977,Male,53,,other,sanchez
122979,Male,63,,self pay,farley
122980,Male,15,,unassigned,novak
122981,Male,15,,other,tapia
122982,Male,53,,unassigned,ware
122984,Female,27,Not Pregnant,unassigned,reynolds
122988,Female,54,,other,gillespie
122993,Male,54,,self pay,silva
122994,Female,12,,other,graham
122995,Male,41,,other,green
122997,Female,19,,charity care,oliver
122998,Male,25,,other,molina
123002,Male,62,,charity care,wallace
123003,Male,45,,self pay,braun
123004,Male,42,,self pay,garrison
123005,Female,47,,charity care,kelly
123007,Male,35,,other,flores
123008,Male,17,,charity care,bradford
123009,Female,43,Not Pregnant,self pay,fletcher
123011,Male,80,,other,sampson
123014,Female,14,,medical assistance,hansen
123019,Female,18,,self pay,bass
123021,Female,60,,self pay,pierce
123023,Male,28,,unassigned,maynard
123024,Male,71,,medical assistance,sanders
123025,Male,72,,unassigned,frank
123026,Female,65,,charity care,welch
123027,Male,15,,unassigned,davenport
123029,Male,43,,charity care,haley
123031,Male,38,,self pay,peters
123032,Male,77,,unassigned,figueroa
123035,Female,22,Not Pregnant,medical assistance,doyle
123040,Male,64,,other,long
123041,Female,66,,medical assistance,crane
123042,Female,50,,unassigned,andrade
123047,Male,39,,charity care,moses
123048,Female,52,,medical assistance,ruiz
123052,Female,20,Not Pregnant,charity care,dickerson
123053,Female,46,,unassigned,lara
123054,Female,18,,unassigned,christensen
123059,Female,68,,medical assistance,hammond
123063,Male,68,,medical assistance,powers
123064,Female,44,Not Pregnant,medical assistance,andrews
123068,Female,35,Pregnant,unassigned,vasquez
123069,Female,80,,other,ballard
123070,Male,53,,self pay,burch
123073,Male,52,,charity care,becker
123075,Male,24,,medical assistance,myers
123078,Male,66,,self pay,ball
123079,Female,40,Not Pregnant,charity care,gregory
123081,Male,12,,unassigned,lowery
123083,Female,68,,other,gamble
123085,Male,60,,other,rose
123087,Male,21,,other,kelly
123088,Female,77,,charity care,sweeney
123089,Female,56,,other,landry
123090,Female,58,,charity care,cortez
123091,Female,59,,other,mccarty
123093,Male,17,,charity care,contreras
123096,Female,39,Not Pregnant,medical assistance,gates
123097,Male,48,,other,lamb
123099,Female,34,Not Pregnant,other,rodgers
123101,Male,16,,medical assistance,harding
123103,Male,23,,unassigned,donaldson
123105,Male,31,,medical assistance,ramsey
123108,Female,35,Not Pregnant,medical assistance,odom
123109,Female,24,Not Pregnant,other,holland
123110,Male,15,,unassigned,lucas
123112,Female,56,,self pay,calderon
123115,Female,46,,charity care,adams
123116,Male,79,,unassigned,ford
123118,Female,27,Not Pregnant,self pay,charles
123121,Male,39,,other,reid
123123,Male,58,,medical assistance,gomez
123126,Male,68,,unassigned,carney
123129,Female,67,,medical assistance,vincent
123130,Male,72,,unassigned,hopkins
123131,Male,13,,other,werner
123132,Male,17,,unassigned,shannon
123133,Male,18,,unassigned,dodson
123135,Female,69,,medical assistance,montgomery
123138,Female,61,,self pay,rose
123141,Female,55,,self pay,hardin
123142,Female,67,,other,forbes
123145,Female,16,,unassigned,callahan
123146,Female,63,,other,moore
123147,Male,12,,medical assistance,gates
123149,Male,50,,other,wilcox
123155,Male,80,,other,cisneros
123156,Male,80,,unassigned,wall
123159,Male,31,,charity care,cummings
123160,Male,50,,self pay,blanchard
123162,Male,69,,self pay,vincent
123165,Female,34,Not Pregnant,charity care,davis
123167,Male,25,,medical assistance,clarke
123169,Male,36,,other,rosales
123172,Male,55,,other,fuentes
123173,Male,60,,other,kim
123174,Male,18,,other,mullen
123182,Male,18,,other,reid
123185,Male,53,,charity care,gill
123186,Female,28,Not Pregnant,charity care,hurley
123189,Female,17,,self pay,jones
123193,Female,63,,other,bray
123196,Female,65,,unassigned,haas
123197,Male,68,,unassigned,proctor
123199,Male,54,,self pay,cross
123207,Female,15,,charity care,cline
123210,Male,35,,unassigned,reid
123212,Male,71,,self pay,alvarado
123215,Male,57,,charity care,manning
123216,Male,47,,charity care,hinton
123219,Male,17,,medical assistance,walton
123221,Male,78,,other,tran
123227,Male,26,,charity care,johnston
123232,Female,80,,medical assistance,morgan
123234,Male,30,,charity care,conner
123235,Female,73,,other,castaneda
123239,Male,27,,unassigned,blair
123243,Male,44,,charity care,jackson
123244,Male,26,,self pay,arellano
123245,Female,72,,self pay,brennan
123247,Female,67,,other,ross
123248,Male,47,,self pay,harrington
123249,Female,51,,charity care,adkins
123251,Male,24,,self pay,thompson
123252,Female,37,Not Pregnant,unassigned,ali
123254,Male,53,,unassigned,fuentes
123261,Female,50,,self pay,cervantes
123263,Male,53,,self pay,burton
123264,Female,56,,other,donaldson
123265,Female,22,Not Pregnant,unassigned,bartlett
123266,Male,36,,other,owen
123268,Female,63,,self pay,clements
123269,Male,22,,charity care,weiss
123273,Female,20,Not Pregnant,self pay,figueroa
123274,Male,32,,charity care,wolf
123277,Male,54,,other,kaiser
123278,Male,59,,unassigned,mack
123279,Male,62,,medical assistance,pierce
123280,Male,71,,other,wiley
123284,Female,58,,medical assistance,buchanan
123286,Female,18,,self pay,beard
123291,Female,48,,unassigned,hensley
123294,Male,25,,unassigned,prince
123296,Male,79,,charity care,werner
123298,Male,68,,charity care,stark
123302,Male,69,,other,mckee
123304,Male,33,,charity care,wood
123306,Male,33,,self pay,mcfarland
123310,Female,52,,medical assistance,christensen
123315,Female,69,,self pay,griffith
123316,Female,38,Not Pregnant,unassigned,buchanan
123318,Female,53,,self pay,wilkins
123319,Male,30,,charity care,hudson
123321,Female,28,Pregnant,other,cobb
123322,Female,39,Not Pregnant,unassigned,rangel
123323,Male,64,,charity care,poole
123324,Male,65,,medical assistance,ford
123326,Male,22,,unassigned,hill
123327,Female,80,,self pay,liu
123330,Male,38,,other,mays
123335,Female,75,,medical assistance,gentry
123342,Female,35,Not Pregnant,charity care,mckenzie
123343,Male,23,,self pay,carr
123347,Male,66,,charity care,davenport
123349,Female,38,Not Pregnant,self pay,fields
123354,Female,34,Not Pregnant,charity care,pacheco
123355,Male,32,,charity care,freeman
123360,Female,71,,other,castillo
123361,Male,39,,self pay,pena
123362,Male,57,,other,keller
123363,Female,34,Not Pregnant,self pay,stein
123364,Female,42,Not Pregnant,self pay,stout
123367,Male,80,,charity care,walton
123369,Female,48,,unassigned,jensen
123373,Female,42,Not Pregnant,self pay,rush
123374,Male,35,,other,cordova
123378,Male,37,,other,miles
123380,Female,48,,other,montes
123382,Female,19,,unassigned,bauer
123383,Male,12,,self pay,roth
123388,Female,63,,charity care,webster
123391,Female,40,Not Pregnant,self pay,stark
123396,Male,29,,other,hampton
123397,Male,12,,charity care,durham
123400,Female,71,,self pay,mora
123402,Female,80,,self pay,simpson
123405,Male,57,,charity care,cannon
123407,Male,20,,unassigned,arroyo
123408,Female,67,,charity care,reed
123409,Male,29,,other,wise
123411,Female,39,Not Pregnant,other,riddle
123415,Male,20,,self pay,cooley
123416,Male,61,,other,barr
123422,Female,17,,other,hamilton
123423,Female,36,Not Pregnant,self pay,knapp
123427,Male,20,,unassigned,wilkins
123430,Female,13,,other,buckley
123431,Female,24,Not Pregnant,medical assistance,reeves
123433,Female,31,Not Pregnant,charity care,hernandez
123434,Female,53,,medical assistance,silva
123435,Female,35,Not Pregnant,charity care,morgan
123436,Female,48,,medical assistance,tanner
123438,Female,22,Not Pregnant,unassigned,mason
123440,Female,39,Not Pregnant,charity care,fuller
123441,Male,60,,other,stone
123447,Female,28,Not Pregnant,charity care,suarez
123452,Male,77,,medical assistance,donaldson
123453,Male,29,,charity care,choi
123454,Male,53,,unassigned,cardenas
123458,Male,19,,medical assistance,knapp
123460,Female,41,Not Pregnant,charity care,woodard
123461,Male,80,,medical assistance,robbins
123463,Female,27,Pregnant,medical assistance,mccann
123466,Male,48,,unassigned,sexton
123467,Male,66,,unassigned,werner
123472,Male,39,,charity care,chase
123474,Male,40,,self pay,lutz
123479,Male,46,,charity care,rojas
123486,Female,12,,medical assistance,zavala
123488,Male,66,,unassigned,lester
123490,Male,80,,medical assistance,mcguire
123493,Female,32,Not Pregnant,medical assistance,mcintyre
123494,Female,44,Not Pregnant,charity care,baldwin
123496,Female,73,,medical assistance,chambers
123498,Male,27,,medical assistance,flowers
123500,Male,12,,self pay,herrera
123503,Female,25,Not Pregnant,medical assistance,aguirre
123504,Male,54,,unassigned,maddox
123505,Female,23,Not Pregnant,other,drake
123506,Female,70,,self pay,hogan
123507,Female,28,Not Pregnant,charity care,sandoval
123508,Male,59,,unassigned,hancock
123509,Female,48,,medical assistance,mejia
123512,Female,34,Unable to Determine,other,cardenas
123516,Female,80,,other,valentine
123518,Male,61,,medical assistance,rivers
123519,Female,44,Not Pregnant,charity care,lucero
123520,Male,14,,unassigned,hayes
123521,Female,50,,self pay,richmond
123524,Male,46,,other,graves
123525,Male,32,,charity care,bryant
123526,Female,75,,unassigned,dunn
123527,Male,40,,unassigned,pittman
123531,Female,68,,medical assistance,ochoa
123535,Male,61,,medical assistance,tucker
123536,Male,65,,unassigned,harper
123537,Female,45,,charity care,carrillo
123539,Male,60,,unassigned,buck
123542,Male,62,,self pay,thornton
123545,Female,42,Not Pregnant,unassigned,smith
123548,Male,30,,other,rogers
123549,Male,52,,medical assistance,vaughn
123550,Male,12,,unassigned,barton
123551,Female,21,Not Pregnant,medical assistance,cherry
123555,Male,14,,self pay,hahn
123562,Female,43,Not Pregnant,self pay,conley
123566,Female,37,Not Pregnant,other,barron
123568,Female,68,,charity care,hubbard
123573,Female,16,,other,reese
123576,Male,36,,other,petty
123577,Male,55,,unassigned,petersen
123578,Male,68,,other,goodwin
123583,Male,67,,unassigned,farley
123584,Male,67,,medical assistance,woodard
123585,Male,14,,self pay,horn
123587,Female,43,Not Pregnant,self pay,dennis
123589,Male,13,,unassigned,thompson
123593,Female,77,,other,macias
123597,Female,80,,medical assistance,carter
123599,Male,17,,unassigned,wall
123600,Male,63,,self pay,mccall
123608,Female,19,,charity care,kennedy
123614,Male,27,,other,nicholson
123618,Male,12,,other,thompson
123624,Male,72,,charity care,rojas
123626,Female,80,,self pay,levine
123627,Male,43,,unassigned,luna
123628,Female,40,Not Pregnant,unassigned,nunez
123629,Female,15,,self pay,villarreal
123633,Male,15,,charity care,werner
123639,Male,65,,unassigned,singleton
123641,Male,43,,medical assistance,neal
123643,Female,24,Not Pregnant,unassigned,briggs
123644,Female,60,,medical assistance,mills
123646,Female,62,,medical assistance,arellano
123647,Female,48,,self pay,trevino
123648,Male,54,,charity care,frye
123649,Female,80,,medical assistance,harding
123650,Male,14,,other,stanley
123651,Male,43,,unassigned,schmidt
123653,Male,17,,other,mclean
123654,Female,53,,self pay,brennan
123656,Male,54,,other,lowery
123657,Female,19,,unassigned,simpson
123659,Male,13,,charity care,hanna
123660,Female,53,,other,lowery
123661,Male,14,,self pay,melton
123662,Female,65,,charity care,holden
123666,Male,80,,self pay,hinton
123667,Female,17,,charity care,manning
123668,Male,59,,other,luna
123669,Female,60,,other,saunders
123673,Female,71,,unassigned,barrera
123674,Male,59,,unassigned,avila
123675,Male,18,,self pay,cervantes
123676,Female,12,,charity care,trujillo
123677,Male,51,,self pay,arellano
123678,Female,42,Not Pregnant,unassigned,kline
123680,Female,30,Not Pregnant,self pay,shields
123681,Female,18,,other,schwartz
123686,Female,21,Not Pregnant,self pay,jordan
123687,Male,33,,charity care,noble
123694,Female,24,Not Pregnant,medical assistance,simon
123695,Female,21,Not Pregnant,self pay,dudley
123697,Male,12,,self pay,ayers
123698,Male,64,,medical assistance,boyle
123703,Male,34,,other,rocha
123704,Female,44,Not Pregnant,medical assistance,erickson
123706,Female,36,Not Pregnant,other,hughes
123709,Female,51,,unassigned,vincent
123711,Female,64,,charity care,vincent
123713,Female,50,,charity care,aguirre
123715,Male,12,,charity care,pennington
123719,Male,22,,unassigned,turner
123720,Male,33,,other,swanson
123722,Male,43,,self pay,osborne
123723,Male,25,,other,mann
123728,Female,58,,unassigned,gates
123729,Female,78,,self pay,orr
123735,Male,59,,medical assistance,byrd
123744,Male,19,,other,hamilton
123746,Female,33,Not Pregnant,other,riggs
123748,Male,22,,other,mccullough
123749,Male,35,,self pay,jenkins
123753,Female,80,,medical assistance,burns
123754,Male,69,,medical assistance,bowers
123760,Male,47,,charity care,blake
123761,Female,27,Not Pregnant,unassigned,jarvis
123762,Female,80,,unassigned,mendez
123766,Female,35,Not Pregnant,charity care,kidd
123767,Female,68,,unassigned,moran
123769,Female,41,Not Pregnant,other,russell
123770,Male,55,,self pay,kaiser
123773,Female,26,Not Pregnant,charity care,campbell
123774,Male,24,,medical assistance,maldonado
123775,Female,80,,charity care,copeland
123781,Female,25,Not Pregnant,medical assistance,higgins
123785,Male,71,,charity care,harrington
123787,Male,56,,medical assistance,dunn
123791,Female,60,,self pay,avila
123798,Female,73,,unassigned,shaw
123799,Female,78,,charity care,holmes
123800,Female,45,,self pay,stanton
123803,Female,45,,self pay,buckley
123804,Female,64,,self pay,phillips
123811,Male,62,,medical assistance,wells
123825,Male,23,,other,dunn
123830,Male,46,,other,benitez
123833,Female,34,Not Pregnant,medical assistance,mcmillan
123838,Male,47,,medical assistance,daugherty
123839,Male,14,,medical assistance,novak
123841,Male,69,,other,franco
123842,Male,71,,other,walsh
123847,Female,29,Not Pregnant,medical assistance,monroe
123850,Male,32,,other,haynes
123853,Male,67,,other,mosley
123854,Male,52,,medical assistance,gibbs
123855,Female,14,,self pay,weber
123856,Male,26,,unassigned,james
123858,Male,24,,self pay,maxwell
123860,Female,61,,medical assistance,rhodes
123861,Male,42,,medical assistance,caldwell
123862,Male,73,,other,forbes
123863,Male,72,,medical assistance,potts
123866,Male,41,,charity care,howard
123870,Male,26,,charity care,mata
123871,Female,55,,self pay,blanchard
123876,Male,34,,medical assistance,pennington
123877,Male,28,,medical assistance,andersen
123878,Female,80,,self pay,skinner
123879,Female,80,,self pay,conrad
123880,Female,17,,other,garner
123881,Female,38,Not Pregnant,charity care,parker
123886,Male,63,,charity care,fuentes
123887,Male,12,,self pay,doyle
123888,Male,17,,unassigned,villa
123890,Male,60,,charity care,malone
123891,Female,70,,unassigned,reyes
123892,Male,19,,charity care,walker
123900,Male,73,,unassigned,hunter
123902,Female,34,Not Pregnant,unassigned,maxwell
123903,Female,75,,other,dalton
123906,Male,15,,charity care,fuller
123910,Male,14,,self pay,wolf
123913,Male,62,,medical assistance,chung
123915,Female,27,Not Pregnant,charity care,cowan
123918,Female,54,,charity care,rivas
123919,Male,30,,other,schmitt
123920,Male,29,,unassigned,pugh
123926,Male,21,,self pay,odonnell
123927,Male,32,,self pay,mccormick
123931,Male,63,,other,mejia
123932,Female,32,Pregnant,charity care,dudley
123936,Male,51,,self pay,hanna
123937,Female,50,,self pay,sanford
123938,Female,12,,medical assistance,mayo
123941,Male,80,,medical assistance,bruce
123943,Male,78,,other,savage
123945,Male,50,,other,skinner
123950,Female,54,,medical assistance,morse
123953,Male,41,,unassigned,osborn
123959,Female,27,Not Pregnant,other,mills
123960,Female,64,,unassigned,reid
123962,Female,24,Not Pregnant,unassigned,hogan
123963,Female,80,,medical assistance,archer
123965,Male,52,,other,coleman
123969,Female,27,Not Pregnant,charity care,benitez
123970,Male,48,,medical assistance,shannon
123971,Male,80,,medical assistance,wheeler
123975,Male,57,,self pay,lee
123983,Male,65,,self pay,reynolds
123984,Male,65,,self pay,barber
123987,Male,13,,self pay,montoya
123988,Female,46,,charity care,wright
123989,Female,20,Not Pregnant,self pay,humphrey
123992,Male,62,,self pay,quinn
123993,Male,74,,unassigned,christian
123994,Female,64,,self pay,wiggins
123998,Female,32,Not Pregnant,unassigned,booth
124002,Female,80,,other,mayo
124003,Male,16,,charity care,gilbert
124004,Male,40,,unassigned,kidd
124005,Female,13,,medical assistance,vaughan
124007,Male,61,,medical assistance,lloyd
124009,Male,37,,self pay,vargas
124010,Male,33,,self pay,cameron
124011,Male,59,,medical assistance,trevino
124012,Female,36,Not Pregnant,unassigned,edwards
124013,Female,19,,self pay,montoya
124014,Female,53,,other,english
124015,Male,54,,charity care,graves
124020,Male,18,,self pay,richmond
124024,Female,45,,charity care,robinson
124025,Female,59,,charity care,hobbs
124027,Female,12,,charity care,schneider
124037,Male,41,,self pay,conrad
124039,Male,40,,other,warner
124040,Male,78,,medical assistance,robertson
124041,Female,37,Not Pregnant,medical assistance,heath
124043,Female,64,,charity care,golden
124044,Female,44,Not Pregnant,medical assistance,strong
124045,Male,72,,unassigned,moses
124047,Female,47,,other,wiley
124048,Female,48,,other,hurley
124051,Female,23,Not Pregnant,medical assistance,gill
124052,Female,37,Not Pregnant,medical assistance,santos
124053,Male,45,,medical assistance,hardy
124056,Male,45,,medical assistance,mills
124057,Female,39,Not Pregnant,charity care,osborne
124060,Female,33,Not Pregnant,medical assistance,clark
124063,Male,49,,other,cannon
124066,Male,36,,other,hicks
124068,Female,39,Not Pregnant,medical assistance,jacobs
124069,Female,23,Not Pregnant,medical assistance,santos
124071,Female,50,,other,graham
124072,Male,75,,self pay,jimenez
124073,Male,30,,charity care,best
124074,Female,18,,self pay,schwartz
124077,Male,14,,other,bradshaw
124078,Male,57,,medical assistance,reese
124080,Female,35,Unable to Determine,self pay,sosa
124084,Male,12,,other,walton
124085,Male,60,,charity care,hines
124086,Male,23,,charity care,finley
124089,Female,30,Not Pregnant,other,huff
124090,Female,65,,self pay,johnson
124091,Male,61,,self pay,francis
124092,Female,38,Not Pregnant,self pay,ritter
124094,Female,40,Not Pregnant,charity care,jordan
124096,Male,53,,other,glenn
124098,Female,13,,other,guzman
124100,Female,61,,unassigned,mcintyre
124104,Male,55,,other,dickson
124106,Female,40,Not Pregnant,charity care,lambert
124107,Female,28,Not Pregnant,medical assistance,hill
124109,Male,52,,unassigned,mueller
124110,Female,24,Not Pregnant,medical assistance,blanchard
124111,Male,26,,unassigned,woods
124113,Female,44,Not Pregnant,self pay,todd
124115,Male,60,,charity care,noble
124121,Female,39,Not Pregnant,charity care,newman
124122,Female,57,,other,cruz
124124,Male,50,,other,hampton
124126,Female,36,Not Pregnant,other,guerrero
124128,Male,42,,unassigned,wall
124129,Female,28,Not Pregnant,charity care,davis
124130,Male,80,,other,hayden
124132,Female,80,,medical assistance,kerr
124134,Female,15,,other,barber
124135,Male,31,,self pay,bates
124136,Male,18,,self pay,petty
124137,Female,12,,self pay,rollins
124138,Male,36,,charity care,zamora
124140,Female,17,,unassigned,irwin
124141,Male,17,,other,davenport
124142,Female,53,,self pay,duffy
124144,Female,52,,charity care,mcconnell
124149,Male,21,,medical assistance,porter
124154,Male,16,,self pay,eaton
124156,Male,60,,medical assistance,chandler
124158,Male,54,,charity care,watson
124159,Female,62,,charity care,robinson
124161,Female,65,,medical assistance,norman
124163,Female,50,,unassigned,valdez
124165,Male,76,,charity care,levine
124167,Female,80,,other,sanders
124168,Female,21,Not Pregnant,other,duncan
124169,Male,80,,unassigned,melton
124170,Female,69,,charity care,carlson
124175,Male,66,,unassigned,odom
124177,Female,35,Not Pregnant,self pay,gentry
124179,Female,60,,other,swanson
124181,Male,21,,medical assistance,roach
124182,Male,42,,other,copeland
124183,Female,33,Not Pregnant,medical assistance,marsh
124186,Male,80,,medical assistance,fuentes
124189,Male,44,,charity care,yoder
124191,Male,57,,self pay,pham
124192,Female,13,,medical assistance,randolph
124194,Male,38,,medical assistance,mora
124196,Female,75,,unassigned,griffith
124198,Female,56,,unassigned,benton
124205,Female,60,,charity care,dickson
124208,Female,79,,medical assistance,levine
124211,Male,29,,charity care,henderson
124215,Male,52,,charity care,patel
124218,Female,54,,other,spencer
124219,Male,71,,other,cain
124220,Male,14,,medical assistance,proctor
124221,Male,62,,unassigned,lamb
124224,Male,50,,charity care,hicks
124225,Male,32,,self pay,andrade
124226,Male,55,,medical assistance,paul
124231,Female,23,Not Pregnant,other,reeves
124233,Male,14,,other,braun
124235,Male,45,,self pay,melendez
124236,Female,58,,other,boone
124237,Male,43,,medical assistance,lamb
124238,Male,50,,other,jennings
124245,Female,79,,self pay,sims
124248,Female,49,,unassigned,ferrell
124254,Female,28,Not Pregnant,self pay,moyer
124256,Female,60,,medical assistance,monroe
124262,Female,56,,unassigned,garcia
124265,Female,35,Not Pregnant,self pay,carney
124266,Male,54,,unassigned,wilson
124267,Female,24,Not Pregnant,self pay,jones
124270,Female,80,,other,clay
124271,Female,63,,unassigned,morales
124272,Female,43,Not Pregnant,medical assistance,drake
124273,Female,25,Not Pregnant,unassigned,mcneil
124276,Female,18,,unassigned,fuentes
124281,Male,30,,medical assistance,leonard
124282,Female,80,,other,roberts
124284,Female,55,,medical assistance,mcneil
124287,Male,56,,self pay,maldonado
124289,Male,80,,other,paul
124294,Male,64,,self pay,trujillo
124297,Female,23,Not Pregnant,unassigned,orr
124298,Male,36,,medical assistance,gould
124299,Female,17,,other,barrera
124301,Female,15,,medical assistance,sloan
124303,Female,68,,self pay,hunt
124305,Female,16,,charity care,villegas
124307,Female,14,,charity care,perry
124308,Male,33,,other,flynn
124312,Male,47,,charity care,sandoval
124313,Male,18,,self pay,kramer
124314,Male,18,,self pay,walter
124318,Female,16,,self pay,oneal
124320,Male,36,,unassigned,banks
124322,Male,46,,medical assistance,fischer
124323,Female,54,,unassigned,goodwin
124330,Female,57,,self pay,winters
124331,Male,62,,medical assistance,kirk
124332,Male,70,,charity care,roberts
124337,Male,16,,self pay,petty
124338,Female,32,Not Pregnant,charity care,franco
124340,Female,74,,unassigned,green
124342,Female,56,,charity care,mclaughlin
124343,Female,13,,unassigned,garrison
124344,Female,53,,charity care,stuart
124345,Female,26,Not Pregnant,medical assistance,moss
124346,Female,60,,unassigned,beck
124349,Female,21,Unable to Determine,unassigned,glass
124355,Male,29,,other,day
124356,Male,58,,medical assistance,montoya
124363,Female,36,Not Pregnant,unassigned,oneill
124368,Male,19,,charity care,griffin
124374,Male,60,,self pay,watkins
124375,Male,49,,unassigned,marshall
124376,Female,18,,unassigned,benitez
124382,Male,34,,medical assistance,ingram
124383,Male,33,,charity care,hood
124388,Female,40,Not Pregnant,medical assistance,maddox
124390,Male,46,,other,bray
124396,Male,68,,other,morrison
124401,Female,54,,unassigned,clayton
124404,Female,34,Pregnant,charity care,macias
124405,Male,62,,unassigned,frazier
124409,Male,80,,unassigned,meza
124412,Male,52,,charity care,huynh
124414,Male,60,,medical assistance,ballard
124415,Male,62,,medical assistance,chase
124417,Female,25,Not Pregnant,other,edwards
124421,Female,47,,other,copeland
124422,Female,52,,self pay,howell
124423,Male,52,,medical assistance,stephens
124426,Female,80,,charity care,mcguire
124427,Male,14,,unassigned,keith
124429,Female,62,,unassigned,murray
124433,Male,41,,medical assistance,jones
124434,Male,23,,self pay,terry
124437,Female,60,,self pay,osborne
124442,Male,80,,medical assistance,pena
124443,Male,28,,medical assistance,stafford
124452,Male,41,,self pay,mcclure
124453,Female,57,,medical assistance,barton
124457,Male,76,,unassigned,johnson
124458,Male,35,,other,leach
124460,Female,25,Not Pregnant,other,lozano
124462,Female,41,Not Pregnant,medical assistance,chambers
124463,Male,18,,charity care,greene
124464,Male,51,,charity care,brennan
124466,Male,30,,medical assistance,sparks
124468,Female,23,Not Pregnant,unassigned,rice
124473,Female,44,Unable to Determine,other,campos
124480,Male,14,,charity care,campos
124481,Female,16,,unassigned,delacruz
124484,Female,56,,medical assistance,martinez
124486,Female,36,Not Pregnant,unassigned,mcbride
124488,Male,58,,unassigned,mckee
124490,Male,35,,charity care,stout
124492,Male,67,,charity care,ball
124493,Male,14,,charity care,spencer
124494,Female,13,,medical assistance,pratt
124498,Female,27,Not Pregnant,medical assistance,curry
124500,Male,31,,charity care,aguilar
124501,Male,63,,charity care,young
124504,Female,66,,self pay,stein
124505,Female,47,,self pay,proctor
124507,Female,45,,unassigned,kline
124508,Male,59,,charity care,holden
124509,Female,53,,other,valenzuela
124511,Male,13,,unassigned,flowers
124514,Female,36,Not Pregnant,unassigned,hooper
124516,Female,56,,charity care,ingram
124517,Female,39,Not Pregnant,self pay,andersen
124520,Male,77,,self pay,burnett
124524,Female,31,Not Pregnant,unassigned,snyder
124528,Male,80,,unassigned,walters
124529,Male,30,,self pay,haney
124531,Male,57,,unassigned,skinner
124533,Female,25,Not Pregnant,charity care,alexander
124535,Female,47,,charity care,joseph
124551,Female,14,,charity care,mccarty
124553,Male,76,,medical assistance,payne
124554,Male,22,,charity care,frazier
124556,Male,54,,medical assistance,parsons
124557,Male,60,,charity care,ali
124558,Female,21,Not Pregnant,medical assistance,pope
124559,Male,74,,charity care,chen
124561,Female,29,Not Pregnant,self pay,bryan
124565,Male,22,,medical assistance,byrd
124566,Male,80,,medical assistance,bowers
124568,Female,58,,other,joyce
124569,Female,24,Not Pregnant,self pay,dennis
124578,Male,66,,unassigned,velazquez
124579,Female,21,Not Pregnant,medical assistance,acosta
124580,Female,80,,charity care,brewer
124586,Male,17,,other,tran
124587,Female,30,Not Pregnant,unassigned,baxter
124589,Female,52,,other,floyd
124590,Female,46,,self pay,morris
124592,Male,68,,medical assistance,brooks
124593,Male,62,,self pay,may
124594,Female,18,,unassigned,dickson
124596,Male,52,,unassigned,hodges
124597,Female,37,Not Pregnant,other,lowery
124599,Female,17,,other,watts
124604,Female,59,,charity care,kemp
124605,Female,74,,medical assistance,sullivan
124606,Male,18,,charity care,booker
124608,Male,44,,other,reeves
124609,Female,73,,medical assistance,aguirre
124615,Male,35,,medical assistance,armstrong
124616,Male,28,,self pay,bush
124621,Female,46,,unassigned,rogers
124624,Female,59,,unassigned,vincent
124626,Female,18,,self pay,lucero
124627,Female,19,,other,boyle
124631,Female,28,Not Pregnant,medical assistance,spears
124632,Male,26,,medical assistance,lester
124633,Female,80,,other,morales
124636,Male,18,,charity care,douglas
124637,Male,27,,charity care,phelps
124639,Female,14,,medical assistance,davenport
124642,Male,55,,other,weber
124643,Female,54,,medical assistance,wang
124647,Male,48,,unassigned,lynch
124653,Female,51,,unassigned,watts
124656,Female,71,,unassigned,glass
124657,Female,57,,medical assistance,english
124660,Female,52,,charity care,mckinney
124662,Female,63,,medical assistance,hobbs
124665,Male,65,,other,harris
124670,Female,80,,unassigned,conrad
124671,Female,67,,medical assistance,nixon
124674,Male,15,,self pay,hammond
124676,Female,45,,medical assistance,hogan
124682,Female,15,,self pay,holder
124683,Male,62,,medical assistance,mckinney
124684,Female,51,,unassigned,barber
124686,Male,29,,self pay,murray
124688,Male,37,,charity care,mcmahon
124689,Male,63,,self pay,bartlett
124692,Male,15,,charity care,ross
124694,Female,15,,other,lang
124698,Female,51,,other,gonzalez
124704,Female,65,,medical assistance,moon
124705,Male,80,,unassigned,cameron
124708,Male,17,,charity care,snyder
124711,Male,80,,self pay,hayes
124712,Female,31,Not Pregnant,unassigned,gray
124714,Female,80,,charity care,zavala
124715,Female,23,Not Pregnant,medical assistance,roman
124717,Female,51,,medical assistance,curry
124720,Male,45,,charity care,acevedo
124721,Female,80,,charity care,moody
124724,Male,65,,self pay,petty
124726,Male,63,,other,jensen
124727,Female,13,,unassigned,rice
124730,Male,74,,other,jackson
124732,Male,39,,other,atkins
124733,Female,16,,charity care,vaughn
124735,Male,63,,unassigned,cordova
124740,Male,18,,charity care,guerrero
124742,Male,56,,medical assistance,mckay
124743,Male,54,,charity care,andrews
124750,Female,75,,self pay,butler
124752,Female,35,Not Pregnant,medical assistance,mann
124753,Male,21,,other,odonnell
124754,Female,15,,charity care,davenport
124755,Female,78,,charity care,landry
124756,Female,80,,self pay,montes
124757,Male,43,,unassigned,weeks
124759,Female,33,Not Pregnant,charity care,henderson
124762,Male,47,,charity care,williams
124763,Male,14,,charity care,patrick
124767,Female,15,,charity care,mcgrath
124769,Female,28,Not Pregnant,medical assistance,bowen
124770,Male,51,,self pay,irwin
124771,Female,25,Not Pregnant,other,bullock
124773,Female,17,,medical assistance,hunt
124774,Male,16,,medical assistance,maldonado
124775,Female,54,,unassigned,velazquez
124778,Female,54,,unassigned,tapia
124779,Female,37,Not Pregnant,charity care,meadows
124780,Female,36,Pregnant,medical assistance,brock
124781,Male,20,,medical assistance,chavez
124785,Female,67,,unassigned,barajas
124786,Female,18,,charity care,macdonald
124788,Male,60,,self pay,hodges
124789,Male,28,,charity care,rosario
124791,Male,39,,medical assistance,stanley
124793,Male,35,,other,preston
124794,Male,66,,charity care,donovan
124796,Female,61,,self pay,osborne
124798,Male,55,,charity care,ellison
124799,Female,80,,medical assistance,pierce
124802,Female,46,,self pay,salas
124807,Male,44,,unassigned,lowe
124809,Female,23,Not Pregnant,medical assistance,nguyen
124810,Female,56,,other,buck
124811,Male,76,,unassigned,mcdonald
124812,Female,62,,charity care,larsen
124814,Male,64,,other,parker
124815,Male,52,,medical assistance,tanner
124817,Female,67,,self pay,hall
124818,Male,40,,charity care,gates
124822,Male,74,,unassigned,ferrell
